HTS Code,Description
0101210010,Males.
0101210020,Females.
0101290010,Imported for immediate slaughter.
0101290090,Other.
0102210010,Dairy. Male.
0102210020,Dairy. Female.
0102210030,Other. Male.
0102210050,Other. Female.
0102292011,Weighing less than 90 kg each.
0102292012,Weighing 90 kg or more each.
0102294024,Weighing less than 90 kg each. Male.
0102294028,Weighing less than 90 kg each. Female.
0102294034,Weighing 90 kg or more but less than 200 kg each. Male.
0102294038,Weighing 90 kg or more but less than 200 kg each. Female.
0102294054,Weighing 200 kg or more but less than 320 kg each. Male.
0102294058,Weighing 200 kg or more but less than 320 kg each. Female.
0102294062,Weighing 320 kg or more each. For immediate slaughter. Steers.
0102294064,Weighing 320 kg or more each. For immediate slaughter. Bulls.
0102294066,Weighing 320 kg or more each. For immediate slaughter. Cows.
0102294068,Weighing 320 kg or more each. For immediate slaughter. Heifers.
0102294072,Weighing 320 kg or more each. For breeding. Male.
0102294074,Weighing 320 kg or more each. For breeding. Female.
0102294082,Weighing 320 kg or more each. Other. Male.
0102294084,Weighing 320 kg or more each. Other. Female.
0102310010,Male.
0102310020,Female.
0102390010,Bison.
0102390024,Other. Weighing less than 90 kg each. Male.
0102390028,Other. Weighing less than 90 kg each. Female.
0102390034,Other. Weighing 90 kg or more but less than 200 kg each. Male.
0102390038,Other. Weighing 90 kg or more but less than 200 kg each. Female.
0102390054,Other. Weighing 200 kg or more but less than 320 kg each. Male.
0102390058,Other. Weighing 200 kg or more but less than 320 kg each. Female.
0102390061,Other. Weighing 320 kg or more each. For immediate slaughter.
0102390072,Other. Weighing 320 kg or more each. For breeding. Male.
0102390074,Other. Weighing 320 kg or more each. For breeding. Female.
0102390082,Other. Weighing 320 kg or more each. Other. Male.
0102390084,Other. Weighing 320 kg or more each. Other. Female.
0103910010,Weighing less than 7 kg each.
0103910020,Weighing 7 kg or more but less than 23 kg each.
0103910030,Weighing 23 kg or more but less than 50 kg each.
0103920010,Imported for immediate slaughter.
0103920020,Breeding animals other than purebred breeding animals.
0103920091,Other.
0105110010,"Breeding stock, whether or not purebred. Layer-type (egg-type)."
0105110020,"Breeding stock, whether or not purebred. Broiler-type (meat-type)."
0105110040,Other.
0106199120,Dogs.
0106199195,Other.
0106490010,Leaf cutter bee larvae.
0106490090,Other.
0106900110,Worms.
0106900120,Bait (other than worms).
0106900180,Other.
0201100510,Veal.
0201100590,Other.
0201101010,Veal.
0201101090,Other.
0201105010,Veal.
0201105090,Other.
0201205015,Fresh or chilled bone in veal cuts.
0201205025,Other. Rib cuts.
0201205035,Other. Chuck cuts.
0201205045,Other. Loin cuts.
0201205065,Other. Hip cuts.
0201205075,Other. Flank or plate cuts.
0201205091,Other. Other.
0201208010,Bison.
0201208090,Other.
0201305015,Fresh or chilled boneless veal cuts.
0201305025,Other. Rib cuts.
0201305035,Other. Chuck cuts.
0201305045,Other. Loin cuts.
0201305055,Other. Brisket cuts.
0201305065,Other. Hip cuts.
0201305075,Other. Flank or plate cuts.
0201305091,Other. Other. Certified organic.
0201305097,Other. Other. Other.
0201308010,Bison.
0201308090,Other.
0202100510,Veal.
0202100590,Other.
0202101010,Veal.
0202101090,Other.
0202105010,Veal.
0202105090,Other.
0202205025,Rib cuts.
0202205035,Chuck cuts.
0202205045,Loin cuts.
0202205090,Other.
0202305015,Frozen boneless veal cuts.
0202305025,Other. Rib cuts.
0202305035,Other. Chuck cuts.
0202305045,Other. Loin cuts.
0202305055,Other. Brisket cuts.
0202305065,Other. Hip cuts.
0202305075,Other. Flank or plate cuts.
0202305091,Other. Other. Certified organic.
0202305097,Other. Other. Other.
0202308015,Certified organic.
0202308025,Other.
0203121010,Hams and cuts thereof.
0203121020,Shoulders and cuts thereof.
0203129010,Hams and cuts thereof.
0203129020,Shoulders and cuts thereof.
0203192010,Spare ribs.
0203192090,Other.
0203194010,Bellies.
0203194090,Other.
0204222010,Shoulders.
0204222020,Legs.
0204222030,Loins.
0204222090,Other.
0204422010,Shoulders.
0204422020,Legs.
0204422030,Loins.
0204422090,Other.
0206900020,Of sheep (including lamb).
0206900040,"Of goats, horses, asses, mules or hinnies."
0207110020,"Young (broilers, fryers, roasters and capons)."
0207110040,Other.
0207120020,"Young (broilers, fryers, roasters and capons)."
0207120040,Other.
0207140020,Livers.
0207140040,Other.
0207270020,Livers.
0207270040,Other.
0207450020,Livers.
0207450040,Other.
0207550020,Livers.
0207550040,Other.
0207606020,Livers.
0207606040,Other.
0210110010,Hams and cuts thereof.
0210110020,Shoulders and cuts thereof.
0210120020,Bacon.
0210120040,Other.
0210190010,Canadian style bacon.
0210190090,Other.
0301110010,Koi (common) carp (Cyprinus carpio).
0301110020,"Goldfish( Carassius auratus), Crucian carp (Carassius carassius)."
0301110090,Other.
0301930210,"Grass carp (Ctenopharyngodon idellus), silver carp (Hypophthalmichthys molitrix) and bighead carp (Aristichthys nobilis)."
0301930290,Other.
0301990310,"Tench (Tinca tinca), sheatfish (Silurus glanis)."
0301990315,Bighead carp (Aristichthys nobilis).
0301990390,Other.
0302110010,"Rainbow trout (Salmo gairdneri), farmed."
0302110090,Other.
0302130013,Chinook (king). Farmed.
0302130014,Chinook (king). Not farmed.
0302130022,Chum (dog).
0302130032,Pink (humpie).
0302130042,Sockeye (red).
0302130053,Coho (silver). Farmed.
0302130054,Coho (silver). Not farmed.
0302130062,Other.
0302140003,Atlantic. Farmed.
0302140004,Atlantic. Not farmed.
0302140062,Other.
0302210010,Atlantic.
0302210020,Pacific.
0302210090,Other (including Greenland).
0302290110,Flounder.
0302290190,Other.
0302470010,Steaks.
0302470090,Other.
0302510010,Atlantic.
0302510090,Other.
0302595010,Pollock.
0302595090,Other.
0302725001,Ictalurus spp..
0302725004,Pangasius spp. including basa and tra.
0302725034,Other.
0302795025,Nile perch.
0302795076,Other.
0302810011,Dogfish (Squalus spp.).
0302810091,Other.
0302891120,Sable fish (Anoplopoma fimbria).
0302891140,Other.
0302895007,Fresh-water fish. Pike.
0302895010,Fresh-water fish. Pickerel.
0302895013,Fresh-water fish. Perch. Pike perch (including yellow pike).
0302895025,Fresh-water fish. Perch. Other.
0302895028,Fresh-water fish. Bass.
0302895031,Fresh-water fish. Whitefish.
0302895034,Fresh-water fish. Other.
0302895037,Smelts.
0302895040,Cusk.
0302895049,Shad and sturgeon.
0302895052,Sable fish (Anoplopoma fimbria).
0302895055,Ocean perch.
0302895058,Snapper (Lutjanidae).
0302895061,Grouper.
0302895064,Lingcod (Ophiodon elongatus).
0302895067,Monkfish (Lophius spp.).
0302895070,Atka mackerel (Atkafish) (Pleurogrammus monopterygius).
0302895072,Dolphin fish (mahi mahi) (Coryphaena spp.).
0302895077,Other.
0302914010,Mullet roe.
0302914090,Other.
0303120012,Chinook (king).
0303120022,Chum (dog).
0303120032,Pink (humpie).
0303120052,Coho (silver).
0303120062,Other.
0303240010,Ictalurus spp..
0303240020,Pangasius spp. including basa and tra.
0303240050,Other.
0303290110,Nile perch.
0303290150,Other.
0303310010,Atlantic halibut (Hippoglossus hippoglossus).
0303310020,Pacific halibut (Hippoglossus stenolepis).
0303310030,Greenland turbot (Greenland halibut) (Reinhardtius hippoglossoides).
0303390110,Flounder.
0303390120,Rock sole (Pleuronectes bilineatus).
0303390130,Yellowfin sole (Pleuronectes asper).
0303390195,Other.
0303420020,Whole fish.
0303420040,Other. Head-on.
0303420060,Other. Other.
0303450110,Thunnus thynnus.
0303450150,Thunnus orientalis.
0303570010,Steaks.
0303570090,Other.
0303630010,Atlantic.
0303630090,Other.
0303810011,Dogfish (Squalus spp.).
0303810091,Other.
0303890001,Smelts. Sea smelts.
0303890004,Smelts. Other smelts.
0303890010,Cusk.
0303890013,Shad and sturgeon.
0303890028,Fresh-water fish. Pike and pickerel.
0303890031,Fresh-water fish. Perch and pike perch (including yellow pike).
0303890034,Fresh-water fish. Sauger.
0303890037,Fresh-water fish. Whitefish.
0303890040,"Fresh-water fish. Tilapias, other than Oreochromis spp.."
0303890043,Fresh-water fish. Other.
0303890046,Atka mackerel (Atkafish) (Pleurogrammus monopterygius).
0303890049,Mullet.
0303890052,Monkfish (Lophius spp.).
0303890055,Butterfish.
0303890058,Capelin.
0303890061,Sable fish (Anoplopoma fimbria).
0303890064,Ocean perch.
0303890067,Snapper (Lutjanidae spp.).
0303890070,Grouper.
0303890080,Other.
0303914020,Herring roe.
0303914040,Salmon roe.
0303914050,Alaska pollock (Theragra chalcogramma) roe.
0303914060,Mullet roe.
0303914095,Other.
0304320010,Ictalurus spp..
0304320020,Pangasius spp. including basa and tra.
0304320090,Other.
0304410010,Atlantic Salmon (Salmo salar). Farmed.
0304410020,Atlantic Salmon (Salmo salar). Not Farmed.
0304410090,Other.
0304430010,Sole.
0304430015,Paice.
0304430020,Flounder.
0304430025,"Greenland turbot (Greenland halibut), (Reinhardtius hippoglossoides)."
0304430090,Other.
0304440010,Cod. Atlantic Cod.
0304440015,Cod. Other.
0304440020,Haddock.
0304440025,Pollock.
0304440030,Hake.
0304440090,Other.
0304490103,Fresh-water fish. Pike.
0304490106,Fresh-water fish. Pickerel.
0304490109,Fresh-water fish. Whitefish.
0304490112,"Fresh-water fish. Tilapia, other than Oreochromis spp.."
0304490115,Fresh-water fish. Other.
0304490120,Atlantic ocean perch.
0304490125,Cusk.
0304490190,Other.
0304510110,Ictalurus spp..
0304510115,"Pangasius spp., including basa and tra."
0304510120,Nile Perch.
0304510125,Tilapias (Oreochromis spp.).
0304510190,Other.
0304520010,Atlantic salmon (Salmo salar). Farmed.
0304520015,Atlantic salmon (Salmo salar). Not farmed.
0304520020,Other salmon.
0304520090,Other.
0304530010,Cod. Atlantic Cod.
0304530015,Cod. Other.
0304530020,Haddock.
0304530025,Pollock.
0304530030,Hake.
0304530090,Other.
0304590003,Fresh-water fish. Perch. Yellow perch.
0304590006,Fresh-water fish. Perch. Pike perch (including yellow pike).
0304590009,Fresh-water fish. Perch. Other.
0304590015,Fresh-water fish. Pike.
0304590020,Fresh-water fish. Pickerel.
0304590025,Fresh-water fish. Whitefish.
0304590030,Fresh-water fish. Tilapia other than Oreochromis spp..
0304590036,Fresh-water fish. Other.
0304590040,Flat Fish. Sole.
0304590045,Flat Fish. Plaice.
0304590050,Flat Fish. Flounder.
0304590055,"Flat Fish. Greenland turbot (Greenland halibut), (Reinhardtius hippoglossoides)."
0304590061,Flat Fish. Other.
0304590065,Atlantic ocean perch.
0304590070,Cusk.
0304590091,Other.
0304620010,Ictalurus spp..
0304620020,Pangasius spp. (including basa and tra).
0304620030,Other Siluriformes.
0304620090,Other.
0304791010,Pollock other than Alaska pollock.
0304791015,Whiting (Merluccius spp.).
0304791090,Other.
0304815010,Atlantic salmon (Salmo salar).
0304815090,Other.
0304831010,Greenland turbot (Greenland halibut) (Reinhardtius hippoglossoides).
0304831015,Sole.
0304831020,Flounder.
0304831025,Other. Halibut.
0304831030,Other. Turbot.
0304831090,Other. Other.
0304835010,Greenland turbot (Greenland halibut) (Reinhardtius hippoglossoides).
0304835015,Sole.
0304835020,Flounder.
0304835025,Other. Halibut.
0304835030,Other. Turbot.
0304835090,Other. Other.
0304891010,Ocean catfish (wolf fish).
0304891015,Pickerel.
0304891020,Sauger.
0304891025,Perch. Atlantic ocean perch.
0304891030,Perch. Other ocean perch.
0304891035,Perch. Other.
0304891090,Other.
0304895003,Fresh-water fish. Perch. Yellow perch.
0304895006,Fresh-water fish. Perch. Pike perch (including yellow pike).
0304895009,Fresh-water fish. Perch. Other.
0304895015,Fresh-water fish. Pickerel.
0304895020,Fresh-water fish. Pike.
0304895025,Fresh-water fish. Sauger.
0304895030,Fresh-water fish. Other.
0304895035,Atlantic ocean perch.
0304895040,Other ocean perch.
0304895045,Ocean catfish (wolf fish).
0304895050,Orange roughy (Hoplostethus atlanticus).
0304895055,Dolphin (Mahi mahi) (Coryphaena spp.).
0304895060,Cusk.
0304895091,Other.
0304931005,Minced. Surimi.
0304931010,Minced. Other.
0304931090,Other.
0304941005,Minced. Surimi.
0304941010,Minced. Other.
0304941090,Other.
0304951005,Minced. Surimi.
0304951010,Minced. Other. Cod.
0304951015,Minced. Other. Other.
0304951020,Other. Cod.
0304951025,Other. Haddock.
0304951030,Other. Pollock.
0304951090,Other. Other.
0304991104,Minced. Surimi.
0304991109,Minced. Other.
0304991150,Other. Sole.
0304991160,Other. Greenland turbot (Greenland halibut) (Reinhardtius hippoglossoides).
0304991170,Other. Ocean perch.
0304991182,Other. Pike.
0304991183,Other. Whitefish.
0304991184,Other. Other. Fresh-water.
0304991190,Other. Other. Tuna [of genus Thunnus and of fish of the genus Euthynnus(Katsuwonus) pelamis].
0304991194,Other. Other. Other.
0304999190,Ocean.
0304999192,Other.
0305204020,Salmon roe.
0305204040,Herring roe.
0305204065,Other.
0305320010,Cod.
0305320090,Other.
0305396110,Herring.
0305396180,Other.
0305420020,Whole or beheaded but not otherwise processed.
0305420050,Other. Boneless.
0305420060,Other. Other.
0305494020,"Cod, cusk, haddock, hake (Urophycis spp.) and pollock."
0305494045,Other.
0305620010,"Whole; or processed by removal of heads, fins, viscera, scales, vertebral columns or any combination thereof, but not otherwise processed. Having a moisture content by weight over 50 percent."
0305620025,"Whole; or processed by removal of heads, fins, viscera, scales, vertebral columns or any combination thereof, but not otherwise processed. Having a moisture content by weight over 45 percent but not over 50 percent."
0305620030,"Whole; or processed by removal of heads, fins, viscera, scales, vertebral columns or any combination thereof, but not otherwise processed. Having a moisture content by weight over 43 percent but not over 45 percent."
0305620045,"Whole; or processed by removal of heads, fins, viscera, scales, vertebral columns or any combination thereof, but not otherwise processed. Having a moisture content by weight not over 43 percent."
0305620050,Other. Having a moisture content by weight over 50 percent.
0305620060,Other. Having a moisture content by weight over 45 percent but not over 50 percent.
0305620070,Other. Having a moisture content by weight over 43 percent but not over 45 percent.
0305620080,Other. Having a moisture content by weight not over 43 percent.
0305691021,"Whole; or processed by removal of heads, fins, viscera, scales, vertebral columns or any combination thereof, but not otherwise processed. Hake."
0305691022,"Whole; or processed by removal of heads, fins, viscera, scales, vertebral columns or any combination thereof, but not otherwise processed. Pollock."
0305691029,"Whole; or processed by removal of heads, fins, viscera, scales, vertebral columns or any combination thereof, but not otherwise processed. Haddock and cusk."
0305691041,Other. Hake.
0305691042,Other. Pollock.
0305691049,Other. Haddock and cusk.
0306110010,Caribbean spiny lobster (Panulirus argus).
0306110020,Other.
0306120010,In airtight containers. In brine.
0306120030,In airtight containers. Other.
0306120050,Other. In brine.
0306120070,Other. Other.
0306144003,King crab. Red king crab (Paralithodes camtschaticus).
0306144006,King crab. Blue king crab (Paralithodes platypus).
0306144009,King crab. Golden/brown king crab (Lithodes aequispinus).
0306144012,King crab. Southern red santolla king crab (Lithodes santolla formerly L. antarcticus).
0306144015,King crab. Other.
0306144020,Snow crab.
0306144030,Dungeness crab.
0306144090,Other.
0306160003,"Shell-on, imported in accordance with statistical note 1 to this chapter. Count size (headless weight) less than 33 per kg (15s)."
0306160006,"Shell-on, imported in accordance with statistical note 1 to this chapter. Count size (headless weight) 33-45 per kg (15-20s)."
0306160009,"Shell-on, imported in accordance with statistical note 1 to this chapter. Count size (headless weight) 46-55 per kg (21-25s)."
0306160012,"Shell-on, imported in accordance with statistical note 1 to this chapter. Count size (headless weight) 56-66 per kg (26-30s)."
0306160015,"Shell-on, imported in accordance with statistical note 1 to this chapter. Count size (headless weight) 67-88 per kg (31-40s)."
0306160018,"Shell-on, imported in accordance with statistical note 1 to this chapter. Count size (headless weight) 89-110 per kg (41-50s)."
0306160021,"Shell-on, imported in accordance with statistical note 1 to this chapter. Count size (headless weight) 111-132 per kg (51-60s)."
0306160024,"Shell-on, imported in accordance with statistical note 1 to this chapter. Count size (headless weight) 133-154 per kg (61-70s)."
0306160027,"Shell-on, imported in accordance with statistical note 1 to this chapter. Count size (headless weight) more than 154 per kg (70s)."
0306160040,"Peeled, imported in accordance with statistical note 1 to this chapter."
0306170004,"Shell-on, imported in accordance with statistical note 1 to this chapter. Farmed. Count size (headless weight) less than 33 per kg (15s)."
0306170005,"Shell-on, imported in accordance with statistical note 1 to this chapter. Farmed. Count size (headless weight) 33-45 per kg (15-20s)."
0306170007,"Shell-on, imported in accordance with statistical note 1 to this chapter. Farmed. Count size (headless weight) 46-55 per kg (21-25s)."
0306170008,"Shell-on, imported in accordance with statistical note 1 to this chapter. Farmed. Count size (headless weight) 56-66 per kg (26-30s)."
0306170010,"Shell-on, imported in accordance with statistical note 1 to this chapter. Farmed. Count size (headless weight) 67-88 per kg (31-40s)."
0306170011,"Shell-on, imported in accordance with statistical note 1 to this chapter. Farmed. Count size (headless weight) 89-110 per kg (41-50s)."
0306170013,"Shell-on, imported in accordance with statistical note 1 to this chapter. Farmed. Count size (headless weight) 111-132 per kg (51-60s)."
0306170014,"Shell-on, imported in accordance with statistical note 1 to this chapter. Farmed. Count size (headless weight) 133-154 per kg (61-70s)."
0306170016,"Shell-on, imported in accordance with statistical note 1 to this chapter. Farmed. Count size (headless weight) more than 154 per kg (70s)."
0306170017,"Shell-on, imported in accordance with statistical note 1 to this chapter. Not farmed. Count size (headless weight) less than 33 per kg (15s)."
0306170019,"Shell-on, imported in accordance with statistical note 1 to this chapter. Not farmed. Count size (headless weight) 33-45 per kg (15-20s)."
0306170020,"Shell-on, imported in accordance with statistical note 1 to this chapter. Not farmed. Count size (headless weight) 46-55 per kg (21-25s)."
0306170022,"Shell-on, imported in accordance with statistical note 1 to this chapter. Not farmed. Count size (headless weight) 56-66 per kg (26-30s)."
0306170023,"Shell-on, imported in accordance with statistical note 1 to this chapter. Not farmed. Count size (headless weight) 67-88 per kg (31-40s)."
0306170025,"Shell-on, imported in accordance with statistical note 1 to this chapter. Not farmed. Count size (headless weight) 89-110 per kg (41-50s)."
0306170026,"Shell-on, imported in accordance with statistical note 1 to this chapter. Not farmed. Count size (headless weight) 111-132 per kg (51-60s)."
0306170028,"Shell-on, imported in accordance with statistical note 1 to this chapter. Not farmed. Count size (headless weight) 133-154 per kg (61-70s)."
0306170029,"Shell-on, imported in accordance with statistical note 1 to this chapter. Not farmed. Count size (headless weight) more than 154 per kg (70s)."
0306170041,"Peeled, imported in accordance with statistical note 1 to this chapter. Farmed."
0306170042,"Peeled, imported in accordance with statistical note 1 to this chapter. Not farmed."
0306190110,Freshwater crawfish.
0306190130,Antarctic krill (Euphausia superba).
0306190161,Other.
0306320010,Live.
0306320090,Other.
0306350020,"Shell-on, imported in accordance with statistical note 1 to this chapter."
0306350040,"Peeled, imported in accordance with statistical note 1 to this chapter."
0306360020,"Shell-on, imported in accordance with statistical note 1 to this chapter."
0306360040,"Peeled, imported in accordance with statistical note 1 to this chapter."
0306950020,"Shell-on, imported in accordance with statistical note 1 to this chapter."
0306950040,"Peeled, imported in accordance with statistical note 1 to this chapter."
0307110020,Seed oysters.
0307110060,Other. Farmed.
0307110080,Other. Other.
0307120060,Farmed.
0307120080,Other.
0307190160,Farmed.
0307190180,Other.
0307310010,Farmed.
0307310090,Other.
0307420020,Squid. Loligo.
0307420040,Squid. Other.
0307420060,Other.
0307430010,Squid. Fillets.
0307430022,Squid. Other. Loligo. Loligo opalescens.
0307430024,Squid. Other. Loligo. Loligo pealei.
0307430029,Squid. Other. Loligo. Other.
0307430050,Squid. Other. Other.
0307430060,Other.
0307490122,Squid. Loligo. Loligo opalescens.
0307490124,Squid. Loligo. Loligo pealei.
0307490129,Squid. Loligo. Other.
0307490150,Squid. Other.
0307490160,Other.
0307710050,Clams. Geoduck.
0307710070,Clams. Other.
0307710090,Other.
0307720030,Clams. Geoduck.
0307720051,Clams. Stimsonʼs.
0307720055,Clams. Other.
0307720060,Other.
0307790130,Clams. Geoduck.
0307790151,Clams. Stimsonʼs.
0307790155,Clams. Other.
0307790160,Other.
0307910330,Conch.
0307910390,Other.
0307920130,Conch.
0307920190,Other.
0308210021,Roe.
0308210029,Other.
0309901010,Freshwater crawfish.
0309901030,Antarctic krill.
0309901061,Other.
0309904030,Conch.
0309904090,Other.
0309905030,Conch.
0309905090,Other.
0403904110,Articles for which an import license is required.
0403904190,Other.
0404105010,Articles for which an import license is required.
0404105090,Other.
0405900520,Anhydrous milk fat.
0405900540,Other.
0405901020,Anhydrous milk fat.
0405901040,Other.
0405902020,Anhydrous milk fat.
0405902040,Other.
0406203110,Produced in Canada and not subject to licensing requirements.
0406203190,Other.
0406900810,Produced in Canada and not subject to licensing requirements.
0406900890,Other.
0407210030,Fresh table eggs (consumer grades).
0407210090,Other.
0409000005,Certified Organic.
0409000010,Other. Comb honey and honey packaged for retail sale.
0409000035,Other. Other. White or lighter.
0409000045,Other. Other. Extra light amber.
0409000056,Other. Other. Light amber.
0409000065,Other. Other. Amber or darker.
0504000020,Prepared for use as sausage casings. Hog.
0504000040,Prepared for use as sausage casings. Other.
0504000060,Other.
0505100050,"Meeting with ASTM D4522, Section 2.2 IDFB Testing Regulations, Part 2, Sections 2.2, 2.3, Part 7 and Part 11-B. Feathers."
0505100055,"Meeting with ASTM D4522, Section 2.2 IDFB Testing Regulations, Part 2, Sections 2.2, 2.3, Part 7 and Part 11-B. Down."
0505100060,Other. Feathers.
0505100065,Other. Down.
0505902020,Feather meal.
0505902040,Other.
0506900020,"Bones, crude, steamed or ground."
0506900040,Other.
0507900010,Velvet antler.
0507900090,Other.
0510004010,Pancreas glands.
0510004020,Bile and other animal secretions.
0510004040,"Cantharides; glands (other than pancreas), organs and other animal products used in the preparation of pharmaceutical products."
0511100010,Dairy.
0511100090,Other.
0511910010,Fertilized fish eggs.
0511910090,Other.
0511993030,"Antarctic krill (
Euphausia superba)."
0511993060,Other.
0511994024,Cattle embryos. Dairy cattle.
0511994028,Cattle embryos. Other cattle.
0511994030,Dried blood.
0511994040,Other animal semen.
0511994070,Other.
0601109020,Iris bulbs.
0601109040,Gladiolus corms.
0601109060,Begonia (tuberous) tubers.
0601109080,Other.
0602903010,Chrysanthemums.
0602903090,Other.
0602906010,Trees and shrubs.
0602906020,Poinsettias.
0602906090,Other.
0602909010,Trees and shrubs.
0602909090,Other.
0603110030,Spray.
0603110050,Other.
0603130050,Dendrobium.
0603130060,Other.
0603140010,Chrysanthemums. Pom Pom.
0603140020,Chrysanthemums. Other.
0603190105,Anthuriums.
0603190107,Alstroemeria.
0603190109,Aster.
0603190111,Bells of Ireland.
0603190113,Bird of Paradise.
0603190114,Calla lilies.
0603190115,Daffodils.
0603190116,Delphinium.
0603190117,Freesia.
0603190118,Gerbera.
0603190119,Gladiolus.
0603190120,Gypsophila.
0603190125,Hydrangea.
0603190127,Hypericum.
0603190129,Lisianthus.
0603190131,Peony.
0603190135,Ranunculus.
0603190137,Scabiosa.
0603190140,Snapdragons.
0603190141,Statice.
0603190142,Stock.
0603190143,Sunflowers.
0603190145,Tulips.
0603190155,Campanula.
0603190197,Other.
0604200005,Aralia.
0604200011,Aspidistra.
0604200015,Eucalyptus.
0604200020,Evergreen Christmas trees. Douglas fir.
0604200040,Evergreen Christmas trees. Fir except Douglas fir.
0604200060,Evergreen Christmas trees. Other.
0604200065,Ferns. Leather leaf.
0604200070,Ferns. Other.
0604200072,Mosses and lichens.
0604200074,Palms. Chamadorea.
0604200078,Palms. Other.
0604200082,Pittosporum.
0604200084,Ruscus.
0604200086,Other.
0701100020,In immediate containers of not over 45 kg net weight.
0701100040,Other.
0701901010,Certified organic.
0701901060,Other.
0701905005,In immediate containers of not over 1200 kg net weight. Certified organic.
0701905017,In immediate containers of not over 1200 kg net weight. Russet or netted gem varieties.
0701905021,In immediate containers of not over 1200 kg net weight. Red skin varieties.
0701905037,In immediate containers of not over 1200 kg net weight. White varieties.
0701905041,In immediate containers of not over 1200 kg net weight. Other.
0701905043,Other. Certified organic.
0701905046,Other. Russet or netted gem varieties.
0701905056,Other. Red skin varieties.
0701905066,Other. White varieties.
0701905076,Other. Other.
0702002002,Greenhouse. Certified organic. Grape.
0702002004,Greenhouse. Certified organic. Roma (plum type).
0702002006,"Greenhouse. Certified organic. Round, of a kind described in statistical note 2 to this chapter."
0702002008,Greenhouse. Certified organic. Other.
0702002019,Greenhouse. Other. Cherry.
0702002026,Greenhouse. Other. Grape.
0702002032,Greenhouse. Other. Roma (plum type).
0702002036,"Greenhouse. Other. Round, of a kind described in statistical note 2 to this chapter."
0702002042,Greenhouse. Other. Other.
0702002043,Other. Certified organic. Grape.
0702002044,Other. Certified organic. Roma (plum type).
0702002048,"Other. Certified organic. Round, of a kind described in statistical note 2 to this chapter."
0702002050,Other. Certified organic. Other.
0702002052,Other. Other. Cherry.
0702002062,Other. Other. Grape.
0702002066,Other. Other. Roma (plum type).
0702002081,"Other. Other. Round, of a kind described in statistical note 2 to this chapter."
0702002092,Other. Other. Other.
0702004002,Greenhouse. Certified organic. Grape.
0702004004,Greenhouse. Certified organic. Roma (plum type).
0702004006,"Greenhouse. Certified organic. Round, of a kind described in statistical note 2 to this chapter."
0702004008,Greenhouse. Certified organic. Other.
0702004019,Greenhouse. Other. Cherry.
0702004021,Greenhouse. Other. Grape.
0702004023,Greenhouse. Other. Roma (plum type).
0702004027,"Greenhouse. Other. Round, of a kind described in statistical note 2 to this chapter."
0702004032,Greenhouse. Other. Other.
0702004037,Other. Certified organic.
0702004041,Other. Other. Cherry.
0702004047,Other. Other. Grape.
0702004066,Other. Other. Roma (plum type).
0702004081,"Other. Other. Round, of a kind described in statistical note 2 to this chapter."
0702004092,Other. Other. Other.
0702006002,Greenhouse. Certified organic. Grape.
0702006004,Greenhouse. Certified organic. Roma (plum type).
0702006006,"Greenhouse. Certified organic. Round, of a kind described in statistical note 2 to this chapter."
0702006008,Greenhouse. Certified organic. Other.
0702006019,Greenhouse. Other. Cherry.
0702006021,Greenhouse. Other. Grape.
0702006023,Greenhouse. Other. Roma (plum type).
0702006027,"Greenhouse. Other. Round, of a kind described in statistical note 2 to this chapter."
0702006032,Greenhouse. Other. Other.
0702006033,Other. Certified organic. Grape.
0702006034,Other. Certified organic. Roma (plum type).
0702006037,"Other. Certified organic. Round, of a kind described in statistical note 2 to this chapter."
0702006038,Other. Certified organic. Other.
0702006039,Other. Other. Cherry.
0702006046,Other. Other. Grape.
0702006066,Other. Other. Roma (plum type).
0702006081,"Other. Other. Round, of a kind described in statistical note 2 to this chapter."
0702006092,Other. Other. Other.
0703104025,Certified organic. Onions.
0703104045,Certified organic. Other.
0703104055,Other. Onions. Red varieties.
0703104060,Other. Onions. White varieties.
0703104064,"Other. Onions. Yellow varieties, not marked sweet."
0703104066,"Other. Onions. Yellow varieties, marked sweet."
0703104068,Other. Onions. Other.
0703104070,Other. Shallots.
0703104075,Other. Other.
0703200005,Fresh whole bulbs. Certified organic.
0703200015,Fresh whole bulbs. Other.
0703200020,Fresh whole peeled cloves.
0703200090,Other.
0703900020,Green onions of a species other than Allium cepa.
0703900040,Other.
0704904015,Bok choy.
0704904022,Broccoli. Certified organic.
0704904024,Broccoli. Other.
0704904028,Collards.
0704904035,Kale.
0704904045,Napa cabbage.
0704904055,Other.
0705192020,Romaine lettuce.
0705192040,Butterhead lettuce.
0705192060,Red and green leaf lettuce.
0705192080,Other.
0705194020,Romaine lettuce.
0705194040,Butterhead lettuce.
0705194060,Red and green leaf lettuce.
0705194080,Other.
0706904020,Celeriac.
0706904040,Other.
0707002015,Gherkins.
0707002037,Other. Greenhouse. Certified organic. Persian.
0707002040,Other. Greenhouse. Certified organic. Long seedless.
0707002045,Other. Greenhouse. Certified organic. Other.
0707002050,Other. Greenhouse. Other. Persian.
0707002060,Other. Greenhouse. Other. Long seedless.
0707002070,Other. Greenhouse. Other. Other.
0707002080,Other. Other. Certified organic.
0707002090,Other. Other. Other.
0707004015,Gherkins.
0707004037,Other. Greenhouse. Certified organic. Persian.
0707004040,Other. Greenhouse. Certified organic. Long seedless.
0707004045,Other. Greenhouse. Certified organic. Other.
0707004050,Other. Greenhouse. Other. Persian.
0707004060,Other. Greenhouse. Other. Long seedless.
0707004070,Other. Greenhouse. Other. Other.
0707004080,Other. Other. Certified organic.
0707004090,Other. Other. Other.
0707005005,Gherkins.
0707005022,Other. Greenhouse. Certified organic. Persian.
0707005024,Other. Greenhouse. Certified organic. Long seedless.
0707005026,Other. Greenhouse. Certified organic. Other.
0707005030,Other. Greenhouse. Other. Persian.
0707005050,Other. Greenhouse. Other. Long seedless.
0707005060,Other. Greenhouse. Other. Other.
0707005070,Other. Other. Certified organic.
0707005085,Other. Other. Other.
0707006005,Gherkins.
0707006013,Other. Greenhouse. Certified organic. Persian.
0707006017,Other. Greenhouse. Certified organic. Long seedless.
0707006021,Other. Greenhouse. Certified organic. Other.
0707006024,Other. Greenhouse. Other. Persian.
0707006026,Other. Greenhouse. Other. Long seedless.
0707006028,Other. Greenhouse. Other. Other.
0707006030,"Other. Other. Not exceeding 15 cm (6 inches) in length and presented in bulk quantities of 453.6 kg (1,000 lbs) or more."
0707006060,Other. Other. Other. Certified organic.
0707006075,Other. Other. Other. Other.
0708102020,Snow peas.
0708102040,Sugar snap peas.
0708102060,Other.
0708104020,Snow peas.
0708104040,Sugar snap peas.
0708104060,Other.
0708202005,"Yard-long beans (Vigna unguiculata subsp., Sesquipedalis)."
0708202010,Other.
0708209005,Other beans of the genusVigna.
0708209020,Other. French style.
0708209040,Other. Certified organic.
0708209060,Other. Other.
0709201010,White.
0709201090,Other.
0709209010,White.
0709209040,Other. Certified organic.
0709209070,Other. Other.
0709302020,Chinese.
0709302040,Italian.
0709302060,Other.
0709304020,Chinese.
0709304040,Italian.
0709304060,Other.
0709404020,Certified organic.
0709404040,Other.
0709406020,Certified organic.
0709406040,Other.
0709510110,Certified organic.
0709510150,Other.
0709602010,Greenhouse.
0709602020,Other. Jalapeno.
0709602030,Other. Mini sweet peppers.
0709602040,Other. Anaheim.
0709602050,Other. Poblano.
0709602060,Other. Serrano.
0709602070,Other. Other.
0709604005,Greenhouse. Sweet bell-type peppers (Capsicum annum). Certified organic. Green.
0709604007,Greenhouse. Sweet bell-type peppers (Capsicum annum). Certified organic. Red.
0709604009,Greenhouse. Sweet bell-type peppers (Capsicum annum). Certified organic. Yellow.
0709604011,Greenhouse. Sweet bell-type peppers (Capsicum annum). Certified organic. Orange.
0709604013,Greenhouse. Sweet bell-type peppers (Capsicum annum). Certified organic. Other.
0709604017,Greenhouse. Sweet bell-type peppers (Capsicum annum). Other. Green.
0709604022,Greenhouse. Sweet bell-type peppers (Capsicum annum). Other. Red.
0709604027,Greenhouse. Sweet bell-type peppers (Capsicum annum). Other. Yellow.
0709604032,Greenhouse. Sweet bell-type peppers (Capsicum annum). Other. Orange.
0709604037,Greenhouse. Sweet bell-type peppers (Capsicum annum). Other. Other.
0709604055,Greenhouse. Other.
0709604060,Other. Sweet bell-type peppers (Capsicum annum). Certified organic. Green.
0709604063,Other. Sweet bell-type peppers (Capsicum annum). Certified organic. Red.
0709604066,Other. Sweet bell-type peppers (Capsicum annum). Certified organic. Yellow.
0709604069,Other. Sweet bell-type peppers (Capsicum annum). Certified organic. Orange.
0709604072,Other. Sweet bell-type peppers (Capsicum annum). Certified organic. Other.
0709604074,Other. Sweet bell-type peppers (Capsicum annum). Other. Of a kind for processing as described in statistical note 3 to this chapter.
0709604078,Other. Sweet bell-type peppers (Capsicum annum). Other. Other. Green.
0709604081,Other. Sweet bell-type peppers (Capsicum annum). Other. Other. Red.
0709604084,Other. Sweet bell-type peppers (Capsicum annum). Other. Other. Yellow.
0709604087,Other. Sweet bell-type peppers (Capsicum annum). Other. Other. Orange.
0709604091,Other. Sweet bell-type peppers (Capsicum annum). Other. Other. Other.
0709604095,Other. Other.
0709700010,Certified organic.
0709700050,Other.
0709932020,Certified organic. Zucchini.
0709932022,Certified organic. Butternut.
0709932025,Certified organic. Grey.
0709932028,Certified organic. Spaghetti.
0709932030,Certified organic. Yellow straightneck.
0709932032,Certified organic. Kabocha.
0709932035,Certified organic. Acorn.
0709932038,Certified organic. Other.
0709932055,Other. Zucchini.
0709932060,Other. Butternut.
0709932065,Other. Grey.
0709932070,Other. Spaghetti.
0709932075,Other. Yellow straightneck.
0709932080,Other. Kabocha.
0709932085,Other. Acorn.
0709932090,Other. Other.
0709999005,Bitter melon (Momordica charantia).
0709999010,Cilantro.
0709999030,Cactus leaves.
0709999085,Other.
0710224010,Green and wax.
0710224090,Other.
0710807040,Carrots.
0710807060,Other.
0710809710,Asparagus.
0710809722,Broccoli. Spears.
0710809723,Broccoli. Other. In containers each holding more than 1.4 kg. Certified organic.
0710809725,Broccoli. Other. In containers each holding more than 1.4 kg. Other.
0710809726,Broccoli. Other. Other.
0710809730,Cauliflower.
0710809755,"Garlic, reduced in size beyond the clove, whether or not individually quick frozen."
0710809765,Other.
0712904020,Powder or flour.
0712904040,Other.
0712908510,Broccoli.
0712908520,Celery stalks.
0712908530,Leeks.
0712908540,Spinach.
0712908550,Sweet corn seeds of a kind used for sowing.
0712908580,Other.
0713104005,Yellow peas. Certified Organic.
0713104015,Yellow peas. Other.
0713104020,Green peas.
0713104060,Austrian winter peas.
0713104080,Other.
0713202015,Certified organic.
0713202025,Other. Kabuli chickpeas.
0713202075,Other. Other.
0713331020,Navy or pea beans.
0713331040,Other.
0713332020,Navy or pea beans.
0713332030,Dark red beans.
0713332050,Light red beans.
0713332090,Other.
0713334020,Navy or pea beans.
0713334030,Dark red beans.
0713334050,Light red beans.
0713334090,Other.
0713391110,Cranberry beans.
0713391190,Other.
0713392110,Black beans.
0713392120,Great Northern beans.
0713392130,Baby lima beans.
0713392140,Other lima beans.
0713392150,Pinto beans.
0713392160,Other white beans.
0713392170,Other.
0713394110,Black beans.
0713394120,Great Northern beans.
0713394130,Baby lima beans.
0713394140,Other lima beans.
0713394150,Pinto beans.
0713394160,Other white beans.
0713394170,Other.
0713402015,"Green lentils, including French green (dark speckled). Certified organic."
0713402020,"Green lentils, including French green (dark speckled). Other."
0713402035,Red. Certified organic.
0713402050,Red. Other.
0713402065,Other. Certified organic.
0713402085,Other. Other.
0801190120,In shell.
0801190140,Shelled.
0802120005,Certified organic.
0802120015,Other.
0803900025,Certified organic.
0803900035,Other. Fresh.
0803900045,Other. Dried.
0804102010,Certified organic.
0804102090,Other.
0804304010,Certified organic.
0804304090,Other.
0804306010,Certified organic.
0804306090,Other.
0804400020,Hass avocados and avocados determined by the Secretary of Agriculture to be Hass-like. Certified organic.
0804400040,Hass avocados and avocados determined by the Secretary of Agriculture to be Hass-like. Other.
0804400090,Other.
0804504045,Mangoes. Certified organic.
0804504055,Mangoes. Other.
0804504065,Mangosteens.
0804504075,Other.
0804506045,Mangoes. Certified organic.
0804506055,Mangoes. Other.
0804506065,Mangosteens.
0804506075,Other.
0804508020,Mangoes. Certified organic.
0804508040,Mangoes. Other.
0804508090,Other.
0805100020,Temple oranges.
0805100050,Other. Certified organic.
0805100060,Other. Other.
0805210010,Tangerines.
0805210090,Other.
0805404010,Grapefruit.
0805404090,Pomelo.
0805408010,Grapefruit.
0805408090,Pomelo.
0805502010,Certified organic.
0805502050,Other.
0805503020,Certified organic.
0805503040,Other.
0806102005,Certified organic.
0806102015,Other. Red varieties.
0806102025,Other. White varieties.
0806102035,Other. Black varieties.
0806102045,Other. Other.
0806104005,Certified organic.
0806104015,Other. Red varieties.
0806104025,Other. White varieties.
0806104035,Other. Black varieties.
0806104045,Other. Other.
0806106005,Certified organic.
0806106015,Other. Red varieties.
0806106025,Other. White varieties.
0806106035,Other. Black varieties.
0806106045,Other. Other.
0806201010,Currants.
0806201020,Sultanas.
0806201090,Other.
0807113020,Seedless. Certified organic. Miniature type of a kind described in statistical note 2 to this chapter.
0807113040,Seedless. Certified organic. Other.
0807113060,Seedless. Other. Miniature type of a kind described in statistical note 2 to this chapter.
0807113080,Seedless. Other. Other.
0807113090,Other.
0807114020,Seedless. Certified organic. Miniature type of a kind described in statistical note 2 to this chapter.
0807114040,Seedless. Certified organic. Other.
0807114060,Seedless. Other. Miniature type of a kind described in statistical note 2 to this chapter.
0807114080,Seedless. Other. Other.
0807114090,Other.
0807197020,Honeydew melons.
0807197040,Other.
0807198020,Honeydew melons.
0807198040,Other.
0808100030,Valued not over 22¢ per kg.
0808100045,Valued over 22¢ per kg. Certified organic.
0808100065,Valued over 22¢ per kg. Other.
0808302015,Certified organic.
0808302035,Other. Asian pears (Pyrus pyrifolia).
0808302045,Other. Other.
0808304015,Certified organic.
0808304035,Other. Asian pears (Pyrus pyrifolia).
0808304045,Other. Other.
0808402015,Certified organic.
0808402025,Other.
0808404015,Certified organic.
0808404025,Other.
0809304010,Peaches.
0809304090,Nectarines.
0810102020,Certified organic. Of a kind for processing as described in statistical note 3 to this chapter.
0810102040,Certified organic. Other.
0810102060,Other. Of a kind for processing as described in statistical note 3 to this chapter.
0810102080,Other. Other.
0810104020,Certified organic. Of a kind for processing as described in statistical note 3 to this chapter.
0810104040,Certified organic. Other.
0810104060,Other. Of a kind for processing as described in statistical note 3 to this chapter.
0810104080,Other. Other.
0810201023,"Raspberries. Raspberries packed in units weighing (with the immediate container, if any) not more than 5.0 kg. Certified organic."
0810201028,"Raspberries. Raspberries packed in units weighing (with the immediate container, if any) not more than 5.0 kg. Other."
0810201030,Raspberries. Other. Certified organic.
0810201035,Raspberries. Other. Other.
0810201040,Other.
0810209022,"Raspberries. Raspberries packed in units weighing (with the immediate container, if any) not more than 5.0 kg."
0810209024,Raspberries. Other.
0810209045,Blackberries. Certified organic.
0810209060,Blackberries. Other.
0810209090,Other.
0810400024,Blueberries. Wild.
0810400026,Blueberries. Cultivated (including highbush). Certified organic.
0810400029,Blueberries. Cultivated (including highbush). Other.
0810400030,Cranberries.
0810400040,Other.
0810500010,Certified organic.
0810500090,Other.
0810902730,Tamarinds.
0810902760,Berries.
0810904620,Cactus pears.
0810904630,Dragon fruit.
0810904640,Jackfruit.
0810904650,Lychee.
0810904660,Pomegranates.
0810904670,Rambutan.
0810904675,Tomatillos.
0810904680,Other.
0811100020,In immediate containers each holding not more than 1.2 liters.
0811100050,In immediate containers each holding more than 1.2 liters. Containing cane and/or beet sugar. Not more than 25 percent by weight.
0811100060,In immediate containers each holding more than 1.2 liters. Containing cane and/or beet sugar. More than 25 percent by weight.
0811100075,In immediate containers each holding more than 1.2 liters. Other. Certified organic.
0811100085,In immediate containers each holding more than 1.2 liters. Other. Other.
0811202025,Raspberries. Red Raspberries.
0811202035,Raspberries. Other.
0811202040,Other.
0811204030,Blackberries.
0811204090,Other.
0811902025,Wild. Certified organic.
0811902027,Wild. Other.
0811902030,Cultivated (Including highbush). Certified organic.
0811902040,Cultivated (Including highbush). Other.
0811905010,Certified organic.
0811905090,Other.
0811905210,Certified organic.
0811905290,Other.
0811908040,Cherries. Sweet varieties.
0811908060,Cherries. Tart varieties.
0811908085,"Frozen mixes only of combinations of strawberries, blueberries, red raspberries or blackberries."
0811908090,Peaches.
0811908097,Other.
0813202010,"Dried, whether or not pitted."
0813202090,Other.
0813402010,Wild blueberries.
0813402020,Cultivated (including highbush) blueberries.
0813402060,Other.
0813403010,Tart varieties(Prunus cerasus).
0813403090,Other.
0813500020,Containing only fruit.
0813500040,Containing only nuts.
0813500060,Other.
0901110015,Arabica. Certified organic.
0901110025,Arabica. Other.
0901110035,Robusta. Certified organic.
0901110040,Robusta. Other.
0901110050,Other. Certified organic.
0901110065,Other. Other.
0901120020,Arabica. Certified organic.
0901120035,Arabica. Other.
0901120040,Robusta. Certified organic.
0901120055,Robusta. Other.
0901120060,Other. Certified organic.
0901120075,Other. Other.
0901210015,In retail containers weighing 2 kg or less. Arabica. Certified organic.
0901210020,In retail containers weighing 2 kg or less. Arabica. Other.
0901210025,In retail containers weighing 2 kg or less. Robusta. Certified organic.
0901210029,In retail containers weighing 2 kg or less. Robusta. Other.
0901210040,In retail containers weighing 2 kg or less. Other. Certified organic.
0901210049,In retail containers weighing 2 kg or less. Other. Other.
0901210055,Other. Certified organic.
0901210065,Other. Other.
0901220035,In retail containers weighing 2 kg or less. Certified organic.
0901220040,In retail containers weighing 2 kg or less. Other. Arabica.
0901220050,In retail containers weighing 2 kg or less. Other. Robusta.
0901220055,In retail containers weighing 2 kg or less. Other. Other.
0901220065,Other. Arabica. Certified organic.
0901220070,Other. Arabica. Other.
0901220075,Other. Robusta. Certified organic.
0901220080,Other. Robusta. Other.
0901220090,Other. Other.
0902101015,Certified organic.
0902101050,Other.
0902109015,Certified organic.
0902109050,Other.
0902209015,Certified organic.
0902209050,Other.
0902300015,In tea bags. Certified organic.
0902300050,In tea bags. Other.
0902300090,Other.
0904110020,Black.
0904110040,White.
0904216010,Bell peppers.
0904216020,Jalapeno peppers.
0904216090,Other.
0910110010,Certified organic.
0910110015,Other.
1001190025,Certified Organic.
1001190051,Other. Grade 1.
1001190053,Other. Grade 2.
1001190069,Other. Other.
1001990005,Canadian western extra strong hard red spring (CWES/HRS) wheat.
1001990007,Other. Certified organic. Red spring wheat.
1001990009,Other. Certified organic. Other.
1001990010,Other. Other. Red spring wheat. Grade 1. Having a specified protein content not exceeding 12.9% by weight.
1001990017,Other. Other. Red spring wheat. Grade 1. Having a specified protein content exceeding 12.9% but not exceeding 13.9% by weight..
1001990018,Other. Other. Red spring wheat. Grade 1. Having a specified protein content exceeding 13.9% by weight.
1001990027,Other. Other. Red spring wheat. Grade 2. Having a specified protein content not exceeding 12.9% by weight.
1001990030,Other. Other. Red spring wheat. Grade 2. Having a specified protein content exceeding 12.9% but not exceeding 13.9% by weight..
1001990033,Other. Other. Red spring wheat. Grade 2. Having a specified protein content exceeding 13.9% by weight..
1001990036,Other. Other. Red spring wheat. Other red spring wheat.
1001990045,Other. Other. White winter wheat.
1001990055,"Other. Other. ""Canadian"" western red winter wheat."
1001990065,Other. Other. Soft white spring wheat.
1001990097,Other. Other. Other.
1002100010,Seeds of a kind used for sowing.
1002100090,Other.
1003904020,Certified organic.
1003904030,Other.
1004900010,Certified organic.
1004900090,Other.
1005100010,Yellow corn.
1005100090,Other.
1005902015,Certified Organic.
1005902025,Other.
1005904040,Popcorn.
1005904060,Other.
1006202010,Certified organic.
1006202090,Other.
1006204025,Long grain. Jasmine.
1006204035,Long grain. Other.
1006204040,Medium grain.
1006204060,Short grain.
1006204080,Mixtures of any of the above.
1006301020,Long grain.
1006301040,"Other, including mixtures."
1006309015,Certified Organic.
1006309057,Other. Long grain. Jasmine.
1006309059,Other. Long grain. Basmati.
1006309061,Other. Long grain. Other.
1006309065,Other. Medium grain.
1006309075,Other. Short grain.
1006309085,Other. Mixtures of any of the above.
1008500010,Certified organic.
1008500090,Other.
1008900120,Wild rice.
1008900140,Other.
1101000010,Hard spring wheat.
1101000020,Durum wheat.
1101000030,White winter wheat.
1101000050,Other. Certified organic.
1101000060,Other. Other.
1103110020,Semolina.
1103110040,Other.
1103130020,Cornmeal.
1103130060,Other.
1103200010,Of wheat.
1103200090,Of other cereals.
1104120010,Certified organic.
1104120090,Other.
1108110010,For food use.
1108110090,Other.
1108120010,For food use.
1108120090,Other.
1108130010,For human consumption.
1108130090,Other.
1108190010,Cereal starches for non-food use.
1108190090,Other.
1109009010,Certified organic.
1109009020,Other.
1201900005,Seeds of a kind used as oil stock.
1201900010,Other. Certified organic.
1201900090,Other. Other.
1202410520,For use as oil stock.
1202410540,Other.
1202414020,For use as oil stock.
1202414040,Other.
1202418020,For use as oil stock.
1202418040,Other.
1202421020,For use as oil stock.
1202421040,Other.
1202421520,For use as oil stock.
1202421540,Other.
1202422020,For use as oil stock.
1202422040,Other.
1202425020,For use as oil stock.
1202425040,Other.
1202426020,For use as oil stock.
1202426040,Other.
1202429020,For use as oil stock.
1202429040,Other.
1204000010,For sowing.
1204000025,For use as oil stock. Certified organic.
1204000035,For use as oil stock. Other.
1204000055,Other. Certified organic.
1204000075,Other. Other.
1205100010,For sowing.
1205100020,For use as oil stock.
1205100090,Other.
1205900010,For sowing.
1205900020,For use as oil stock.
1205900090,Other.
1206000020,For use as oil stock.
1206000031,For sowing.
1206000065,Other. For human use. In-shell. Certified organic.
1206000070,Other. For human use. In-shell. Other.
1206000075,Other. For human use. Other. Certified organic.
1206000080,Other. For human use. Other. Other.
1206000090,Other. Other.
1207400010,Certified organic.
1207400090,Other.
1207700020,Cantaloupe.
1207700040,Watermelon.
1207700075,Other.
1207990310,Niger seed.
1207990340,Hemp seed. For sowing.
1207990360,Hemp seed. Other.
1207990391,Other.
1208100010,Certified organic.
1208100090,Other.
1209210020,Certified.
1209210040,Other.
1209224020,Alsike.
1209224030,Crimson.
1209224041,Red. Double cut.
1209224049,Red. Other.
1209224060,Sweet.
1209224095,Other.
1209230020,Tall.
1209230031,Creeping red. Certified.
1209230039,Creeping red. Other.
1209230060,Meadow.
1209230090,Other.
1209250020,Annual.
1209250040,Perennial.
1209299120,Bent grass (genus Agrostis).
1209299125,Bermuda grass for sowing. Husked.
1209299126,Bermuda grass for sowing. Other.
1209299130,Birdsfoot trefoil.
1209299136,Bromegrass. Meadow.
1209299137,Bromegrass. Smooth.
1209299138,Bromegrass. Other.
1209299140,Orchard grass.
1209299160,Sudan grass.
1209299171,Wheatgrass. Crested.
1209299174,Wheatgrass. Other.
1209299176,Wild rye.
1209299179,Other grass.
1209299196,Other.
1209300010,Petunia.
1209300090,Other.
1209916010,Sweet pepper.
1209916090,Other.
1209918005,Broccoli.
1209918008,Cabbage. Green cabbage.
1209918009,Cabbage. Other.
1209918010,Carrot.
1209918020,Radish.
1209918030,Spinach.
1209918040,Cucumber.
1209918045,Kale.
1209918047,Kohlrabi.
1209918050,Lettuce.
1209918054,Parsnip.
1209918055,Pumpkin.
1209918060,Squash.
1209918070,Tomato.
1209918074,Turnip.
1209918090,Other.
1209994170,Tobacco.
1209994190,Other.
1210200020,Hop cone pellets.
1210200040,Other.
1211201020,Cultivated.
1211201090,Wild.
1211904020,"Herbal teas and herbal infusions (single species, unmixed)."
1211904040,Other.
1211908920,"Substances having anesthetic, prophylactic or therapeutic properties and principally used as medicaments or as ingredients in medicaments. Psyllium seed husks."
1211908931,"Substances having anesthetic, prophylactic or therapeutic properties and principally used as medicaments or as ingredients in medicaments. Other."
1211908940,Basil.
1211908950,Sage.
1211908980,"Other. Herbal teas and herbal infusions (single species, unmixed)."
1211908990,Other. Other.
1214100010,Dehydrated. Cubes.
1214100015,Dehydrated. Other.
1214100030,Other. Sun-cured. Cubes.
1214100050,Other. Sun-cured. Other.
1214100060,Other. Other.
1214900010,"Hay. Alfalfa, whether or not double compressed."
1214900018,Hay. Timothy.
1214900025,Hay. Other.
1214900030,Clover.
1214900090,Other.
1301909105,Balsams.
1301909110,Bleached shellac.
1301909120,Seed lac.
1301909130,Tragacanth.
1301909140,Karaya.
1301909190,Other.
1302194120,Ginseng.
1302194140,Other.
1302199120,Cashew nut shell liquid.
1302199140,Other.
1302320020,Guar.
1302320040,Locust bean.
1302390010,Carrageenan.
1302390090,Other.
1401202010,"In the rough, 4 meters or more in length."
1401202090,Other.
1404909020,"Raw vegetable materials of a kind used primarily in dyeing or tanning. Canaigre, chestnut, curupay, divi-divi, eucalyptus, gall nuts, hemlock, larch, mangrove, myrobalan, oak, quebracho, sumac, tara, urunday, valonia, wattle and other materials of a kind used primarily in tanning."
1404909040,Raw vegetable materials of a kind used primarily in dyeing or tanning. Other.
1404909090,Other.
1501200040,Choice white grease.
1501200060,Yellow grease.
1501200080,Other.
1502100020,Edible.
1502100040,Inedible.
1504206020,Menhaden.
1504206040,Other.
1507904020,"Once-refined (subjected to alkali or caustic wash, but not bleached or deodorized)."
1507904040,"Other (fully refined, washed, bleached or deodorized)."
1509202030,Certified organic.
1509202090,Other.
1509209030,Certified organic.
1509209090,Other.
1509302030,Certified organic.
1509302090,Other.
1509309030,Certified organic.
1509309090,Other.
1509402030,Certified organic.
1509402090,Other.
1509409030,Certified organic.
1509409090,Other.
1512110025,Sunflower-seed oil. Certified organic.
1512110035,Sunflower-seed oil. Other.
1512110040,Safflower oil.
1512190025,Sunflower-seed oil. Certified organic.
1512190035,Sunflower-seed oil. Other.
1512190040,Safflower oil.
1512290020,"Once-refined (subjected to alkalai or caustic wash, but not bleached or deodorized)."
1512290040,"Other (fully refined, washed, bleached or deodorized)."
1513190030,Certified organic.
1513190090,Other.
1514919010,Rape or colza oil and its fractions.
1514919020,Mustard seed oil and its fractions.
1514995010,Rape or colza oil and its fractions.
1514995020,Mustard seed oil and its fractions.
1514999010,Rape or colza oil and its fractions.
1514999020,Mustard seed oil and its fractions.
1515290020,"Once-refined (subjected to alkalai or caustic wash, but not bleached or deodorized)."
1515290040,"Other (fully refined, washed, bleached or deodorized)."
1515908110,Hemp oil.
1515908190,Other.
1517901020,Salad and cooking oils.
1517901040,Baking or frying fats. Wholly of vegetable oils.
1517901060,Baking or frying fats. Other.
1517901080,Other.
1517902020,Salad and cooking oils.
1517902040,Baking or frying fats. Wholly of vegetable oils.
1517902060,Baking or frying fats. Other.
1517902080,Other.
1517909015,Partially hydrogenated salad and cooking oil.
1517909025,"Soybean oil, wholly hydrogenated."
1517909085,"Cottonseed oil, wholly hydrogenated."
1517909090,Other.
1521100020,Candelilla.
1521100040,Carnauba.
1521100060,Other.
1601002010,Canned.
1601002090,Other.
1601004010,Canned.
1601004090,Other.
1601006020,Beef.
1601006060,Other. Canned.
1601006080,Other. Other.
1602105060,Canned.
1602105080,Other.
1602310020,Prepared meals.
1602310040,Other.
1602320010,Prepared meals. In airtight containers.
1602320030,Prepared meals. Other.
1602320040,Other.
1602390015,Prepared meals. In airtight containers.
1602390035,Prepared meals. Other.
1602390045,Other.
1602412020,In containers holding less than 1 kg.
1602412040,Other.
1602422020,In containers holding less than 1 kg.
1602422040,Other.
1602500720,In containers holding less than 1 kg.
1602500740,Other.
1602502120,In containers holding less than 1 kg.
1602502140,Other.
1602509020,Prepared meals.
1602509040,Other.
1602909160,Canned.
1602909180,Other.
1603009010,Of meat.
1603009090,Other.
1604112020,Pink (humpie).
1604112030,Sockeye.
1604112090,Other.
1604114010,Canned. Chum (dog).
1604114020,Canned. Pink (humpie).
1604114030,Canned. Sockeye.
1604114040,Canned. Other.
1604114050,Other.
1604126010,Pickled. Fillets.
1604126030,Pickled. Other.
1604126050,Other. Kipper snacks.
1604126090,Other. Other.
1604141010,In foil or other flexible containers weighing with their contents not more than 6.8 kg each.
1604141091,Other. Albacore.
1604141099,Other. Other.
1604142251,Albacore (Thunnus alalunga). In foil or other flexible con- tainers weighing with their contents not more than 6.8 kg each.
1604142259,Albacore (Thunnus alalunga). Other.
1604142291,Other. In foil or other flexible con- tainers weighing with their contents not more than 6.8 kg each.
1604142299,Other. Other.
1604143051,Albacore (Thunnus alalunga). In foil or other flexible con- tainers weighing with their contents not more than 6.8 kg each.
1604143059,Albacore (Thunnus alalunga). Other.
1604143091,Other. In foil or other flexible con- tainers weighing with their contents not more than 6.8 kg each.
1604143099,Other. Other.
1604200510,Prepared meals.
1604200590,Other.
1604205010,Pre-cooked and frozen.
1604205090,Other.
1604206010,Pre-cooked and frozen.
1604206090,Other.
1605100510,In airtight containers.
1605100590,Other.
1605102010,King crab.
1605102022,"Snow crab (Chionoecetes bairdi, C. opilio, C. tanneri and C. angulatus). C. opilio (small)."
1605102025,"Snow crab (Chionoecetes bairdi, C. opilio, C. tanneri and C. angulatus). Other."
1605102030,Dungeness.
1605102051,"Swimming crabs (Portunidae). Callinectes spp., including blue crabs (C. sapidus)."
1605102059,Swimming crabs (Portunidae). Other.
1605102090,Other.
1605104002,Frozen. King crab.
1605104005,"Frozen. Snow crab (Chionoecetes bairdi, C. opilio, C. tanneri and C. angulatus). C. opilio (small)."
1605104010,"Frozen. Snow crab (Chionoecetes bairdi, C. opilio, C. tanneri and C. angulatus). Other."
1605104015,Frozen. Dungeness.
1605104025,"Frozen. Swimming crabs (Portunidae). Callinectes spp., including blue crabs (C. sapidus)."
1605104030,Frozen. Swimming crabs (Portunidae). Other.
1605104035,Frozen. Other.
1605104040,Other.
1605106010,In airtight containers.
1605106090,Other.
1605211020,"Frozen, imported in accordance with statistical note 1 to this chapter. Breaded."
1605211030,"Frozen, imported in accordance with statistical note 1 to this chapter. Other."
1605211050,"Other, imported in accordance with statistical note 1 to this chapter."
1605291010,"Frozen, imported in accordance with statistical note 1 to this chapter."
1605291040,"Other, imported in accordance with statistical note 1 to this chapter."
1605300510,In airtight containers.
1605300590,Other.
1605301010,"Lobster meat, cooked by steaming or boiling in water and out of shell, whether or not frozen but not further prepared or preserved. Frozen."
1605301030,"Lobster meat, cooked by steaming or boiling in water and out of shell, whether or not frozen but not further prepared or preserved. Not frozen."
1605301050,Other. In airtight containers.
1605301090,Other. Other.
1605401010,Peeled freshwater crawfish tail meat.
1605401090,Other.
1605546010,Cuttle fish.
1605546020,Squid. Loligo.
1605546030,Squid. Other.
1701141020,Certified organic.
1701141040,Other.
1701991015,Specialty sugars. Certified organic.
1701991017,Specialty sugars. Other.
1701991025,Other. Sugar not for further processing.
1701991050,Other. Other.
1701995015,Specialty sugars. Certified organic.
1701995017,Specialty sugars. Other.
1701995025,Other. Sugar not for further processing.
1701995050,Other. Other.
1702202210,Maple sugar.
1702202290,Maple syrup.
1702202410,Maple sugar.
1702202490,Maple syrup.
1702202810,Maple sugar.
1702202890,Maple syrup.
1702204010,Maple sugar.
1702204040,Maple syrup. Certified organic. In containers over 5 kg.
1702204050,Maple syrup. Certified organic. Other.
1702204060,Maple syrup. Other. In containers over 5 kg.
1702204070,Maple syrup. Other. Other.
1702304045,Glucose syrup. Certified organic.
1702304065,Glucose syrup. Other.
1702304075,Other. Certified organic.
1702304085,Other. Other.
1702604030,Syrup. Certified organic.
1702604050,Syrup. Other.
1702604090,Other.
1704903520,"Put up for retail sale. Containing peanuts, peanut butter or peanut paste."
1704903550,Put up for retail sale. Other.
1704903590,Other.
1801000010,Certified organic.
1801000090,Other.
1806202010,Not containing butterfat or other milk solids.
1806202090,Containing butterfat or other milk solids.
1806310041,"Confectionery. Containing peanuts, peanut butter or peanut paste."
1806310049,Confectionery. Other.
1806310080,Other.
1806909011,Confectionery. Containing peanuts or peanut products.
1806909019,Confectionery. Other.
1806909090,Other.
1901909182,Corn-soya milk blends.
1901909185,Wheat-flour-soya blends.
1901909195,Other.
1902112010,Product of a European Union (EU) country. Subject to the Inward Processing Regime (IPR).
1902112020,Product of a European Union (EU) country. Subject to the EU reduced export refund in accordance with the US-EU Pasta agreement.
1902112030,Product of a European Union (EU) country. Other.
1902112090,Product of a country other than an EU country.
1902192010,Product of a European Union (EU) Country. Subject to the Inward Processing Regime (IPR).
1902192020,Product of a European Union (EU) Country. Subject to the EU reduced export refund in accordance with the US-EU Pasta agreement.
1902192030,Product of a European Union (EU) Country. Other.
1902192090,Product of a country other than an EU country.
1902200020,Canned.
1902200040,Other. Frozen.
1902200060,Other. Other.
1902300020,Canned.
1902300040,Other. Frozen.
1902300060,Other. Other.
1904100040,Containing cane and/or beet sugar.
1904100080,Other.
1904900120,Frozen.
1904900140,Other.
1905310021,Frozen. Containing peanuts or peanut products.
1905310029,Frozen. Other.
1905310041,Other. Containing peanuts or peanut products.
1905310049,Other. Other.
1905320021,Frozen. Containing peanuts or peanut products.
1905320029,Frozen. Other.
1905320041,Other. Containing peanuts or peanut products.
1905320049,Other. Other.
1905901041,"Frozen. Pastries, cakes and similar sweet baked products; puddings."
1905901049,Frozen. Other.
1905901050,"Other. Pastries, cakes and similar sweet baked products; puddings."
1905901070,Other. Bread.
1905901090,Other. Other.
1905909030,Corn chips and similar crisp savory snack foods.
1905909060,Pizza and quiche.
1905909090,Other.
2002100020,In containers holding less than 1.4 kg.
2002100080,Other.
2002908010,Paste. In containers holding less than 1.4 kg.
2002908020,Paste. Other.
2002908030,Puree. In containers holding less than 1.4 kg.
2002908040,Puree. Other.
2002908050,Other.
2003100127,In containers each holding not more than 255 g. Whole (including buttons).
2003100131,In containers each holding not more than 255 g. Sliced.
2003100137,In containers each holding not more than 255 g. Other.
2003100143,In containers each holding more than 255 g. Whole (including buttons).
2003100147,In containers each holding more than 255 g. Sliced.
2003100153,In containers each holding more than 255 g. Other.
2003908010,Straw mushrooms.
2003908090,Other.
2004108020,French fries.
2004108040,Other.
2004908520,Carrots.
2004908540,Sweet corn.
2004908560,Peas.
2004908565,"Garlic. Peeled clove garlic, whether or not individually quick frozen."
2004908575,"Garlic. Garlic, reduced in size beyond the clove, whether or not individually quick frozen."
2004908585,Garlic. Other.
2004908595,"Other, including mixtures."
2005200020,Potato chips.
2005200040,Potato granules.
2005200070,Other.
2005512020,Canned dried.
2005512040,Other.
2005514020,Canned dried.
2005514040,Other.
2005700230,"In containers each holding more than 8 kg, drained weight."
2005700260,In containers each holding 8 kg or less drained weight.
2005700430,"In containers each holding more than 8 kg, drained weight."
2005700460,"In containers each holding 8 kg or less, drained weight."
2005702510,"In containers each holding more than 8 kg, drained weight. Whole pitted."
2005702520,"In containers each holding more than 8 kg, drained weight. Whole stuffed."
2005702530,"In containers each holding more than 8 kg, drained weight. Other, including broken, sliced or salad style."
2005702542,"In containers each holding 8 kg or less, drained weight. Whole pitted. Spanish style of a kind described in statistical note 1 to this chapter."
2005702546,"In containers each holding 8 kg or less, drained weight. Whole pitted. Other."
2005702550,"In containers each holding 8 kg or less, drained weight. Whole stuffed."
2005702570,"In containers each holding 8 kg or less, drained weight. Other, including broken, sliced or salad style. Spanish style of a kind described in statistical note 1 to this chapter."
2005702580,"In containers each holding 8 kg or less, drained weight. Other, including broken, sliced or salad style. Other."
2005705030,"In containers each holding more than 0.3 kg, drained weight."
2005705060,"In containers each holding 0.3 kg or less, drained weight."
2005706020,"Whole pitted. In containers each holding more than 0.3 kg, drained weight."
2005706030,"Whole pitted. In containers each holding 0.3 kg or less, drained weight."
2005706050,Sliced.
2005706060,Chopped or minced.
2005706070,"Other, including wedged or broken."
2005707510,Whole pitted.
2005707515,Sliced.
2005707520,Chopped or minced.
2005707525,"Other, including wedged or broken."
2005994110,Sliced.
2005994120,Whole.
2005995020,In containers each holding not more than 227 g.
2005995040,Other.
2005995510,Sweet bell-type peppers.
2005995590,Other.
2007995010,Guava.
2007995020,Mango.
2007996510,Red Raspberry.
2007996525,Peach.
2007996535,Other.
2008191020,Brazil nuts.
2008191040,Cashews.
2008193010,Pignolia.
2008193020,Pistachios.
2008199010,Macadamia nuts.
2008199090,Other.
2008200010,Containing cane and/or beet sugar.
2008200090,Other.
2008304210,Containing cane and/or beet sugar.
2008304290,Other.
2008400020,In containers each holding less than 1.4 kg.
2008400040,Other.
2008600020,Maraschino.
2008600040,Other. Sweet varieties.
2008600060,Other. Tart varieties.
2008701020,In containers each holding less than 1.4 kg.
2008701040,Other.
2008702020,In containers each holding less than 1.4 kg.
2008702040,Other.
2008971020,Prepared cereal products.
2008971040,Other.
2008979030,Packed in a liquid medium in airtight containers. Containing peaches or pears. In containers each holding less than 1.4 kg.
2008979035,Packed in a liquid medium in airtight containers. Containing peaches or pears. Other.
2008979040,Packed in a liquid medium in airtight containers. Other. Containing oranges or grapefruit.
2008979050,Packed in a liquid medium in airtight containers. Other. Other.
2008979092,Other. Prepared cereal products.
2008979094,Other. Other.
2008991010,Certified organic.
2008991090,Other.
2008991810,"Wild blueberries, canned."
2008991890,Other.
2008992120,Red Raspberries.
2008992140,Other.
2008997110,Sliced.
2008997120,Whole.
2008999110,"Bean cake, bean stick, miso and similar products."
2008999150,Seaweed. Certified organic.
2008999155,Seaweed. Other.
2008999195,Other.
2009110020,In containers each holding less than 0.946 liter.
2009110040,In containers each holding 0.946 liter or more but not more than 3.785 liters.
2009110060,In containers of more than 3.785 liters.
2009214020,Frozen.
2009214040,Other.
2009290020,Frozen.
2009290040,Other.
2009311020,Not concentrated.
2009311040,Concentrated.
2009312020,Not concentrated.
2009312040,Concentrated.
2009316020,Lemon juice. Frozen.
2009316040,Lemon juice. Other.
2009316060,Other.
2009396020,Lemon juice. Frozen.
2009396040,Lemon juice. Other.
2009396060,Other.
2009414020,Frozen.
2009414040,Other.
2009494020,Frozen.
2009494040,Other.
2009500010,In airtight containers.
2009500090,Other.
2009610020,Not concentrated.
2009610040,Concentrated. Frozen.
2009610060,Concentrated. Other.
2009690040,Frozen.
2009690060,Other.
2009790015,Frozen. Certified organic.
2009790017,Frozen. Other.
2009790040,Other. Certified organic.
2009790060,Other. Other.
2009896515,Tart cherry juice concentrate. Certified organic.
2009896520,Tart cherry juice concentrate. Other.
2009896530,Tart cherry juice. Certified organic.
2009896540,Tart cherry juice. Other.
2009896550,Other.
2009897031,"Berry juice. Blueberry juice, including concentrate."
2009897055,"Berry juice. Red raspberry juice, including concentrate."
2009897065,Berry juice. Other.
2009897070,Mango Juice.
2009897095,Coconut water. Certified organic.
2009897097,Coconut water. Other.
2009897099,Other.
2009898031,In airtight containers.
2009898039,Other.
2101112126,Not decaffeinated. Packaged for retail sale.
2101112129,Not decaffeinated. Other.
2101112131,Decaffeinated. Packaged for retail sale.
2101112139,Decaffeinated. Other.
2101112941,Packaged for retail sale.
2101112949,Other.
2101202010,Instant tea.
2101202090,Other.
2103204020,In containers holding less than 1.4 kg.
2103204040,Other.
2103909020,Mayonnaise.
2103909040,Other salad dressings.
2103909051,Tomato-based preparations for sauces. In containers holding less than 1.4 kg.
2103909059,Tomato-based preparations for sauces. Other.
2103909091,Other.
2104100020,Dried.
2104100040,Other. Based on fish or other seafood.
2104100060,Other. Other.
2106905830,Put up for retail sale. Containing sugar derived from sugar cane or sugar beets.
2106905850,Put up for retail sale. Other.
2106905870,Other. Containing sugar derived from sugar cane or sugar beets.
2106905890,Other. Other.
2106909971,"Preparations for the manufacture of beverages. Containing high-intensity sweeteners (e.g., aspartame and/or saccharin."
2106909972,Preparations for the manufacture of beverages. Containing sugar derived from sugar cane and/or sugar beets.
2106909973,Preparations for the manufacture of beverages. Other.
2106909975,Non-dairy coffee whiteners.
2106909980,Other cream or milk substitutes.
2106909985,"Confectionery (including gum) containing synthetic sweetening agents (e.g., saccharin) instead of sugar."
2106909987,Herbal teas and herbal infusions comprising mixed herbs.
2106909988,Flavored honey.
2106909990,Other. Canned.
2106909995,Other. Other. Frozen.
2106909997,Other. Other. Other. Containing sugar derived from sugar cane and/or sugar beets.
2106909998,Other. Other. Other. Other.
2202100020,"Carbonated soft drinks. Containing high-intensity sweeteners (e.g., aspartame and/or saccharin)."
2202100045,Carbonated soft drinks. Other. In aluminum containers.
2202100055,Carbonated soft drinks. Other. Other.
2202100065,Other. In aluminum containers.
2202100075,Other. Other.
2202910010,In aluminum containers.
2202910020,Other.
2202999110,In aluminum containers.
2202999130,Other. Almond-based drinks. Certified organic.
2202999135,Other. Almond-based drinks. Other.
2202999190,Other. Other.
2203000030,In containers each holding not over 4 liters. In glass containers.
2203000060,In containers each holding not over 4 liters. Other.
2203000090,In containers each holding over 4 liters.
2204100030,Valued not over $1.59/liter.
2204100065,Valued over $1.59/liter. Certified organic.
2204100075,Valued over $1.59/liter. Other.
2204215005,Valued not over $1.05/liter. Red.
2204215015,Valued not over $1.05/liter. White.
2204215025,Valued not over $1.05/liter. Other.
2204215028,Valued over $1.05/liter. Icewine.
2204215035,Valued over $1.05/liter. Other. Red. Certified organic.
2204215040,Valued over $1.05/liter. Other. Red. Not certified organic.
2204215050,Valued over $1.05/liter. Other. White. Certified organic.
2204215055,Valued over $1.05/liter. Other. White. Not certified organic.
2204215060,Valued over $1.05/liter. Other. Other.
2204218030,Sherry.
2204218060,Other.
2204222005,Valued not over $1.05/liter. Red.
2204222015,Valued not over $1.05/liter. White.
2204222025,Valued not over $1.05/liter. Other.
2204222030,Valued over $1.05/liter. Red.
2204222045,Valued over $1.05/liter. White.
2204222060,Valued over $1.05/liter. Other.
2206001510,Hard cider as described in statistical note 3 to this chapter.
2206001520,Other.
2206009015,"Mixtures of fermented beverages and non-alcoholic beverages, ready to consume as packaged, in containers each holding not over 4 liters. In aluminum containers."
2206009025,"Mixtures of fermented beverages and non-alcoholic beverages, ready to consume as packaged, in containers each holding not over 4 liters. Other."
2206009030,Other. In aluminum containers.
2206009040,Other. Other.
2207106010,For fuel use.
2207106090,Other.
2207200010,For fuel use.
2207200090,Other.
2208303030,In containers each holding not over 4 liters.
2208303060,In containers each holding over 4 liters.
2208306020,Bourbon. In containers each holding not over 4 liters.
2208306040,Bourbon. In containers each holding over 4 liters.
2208306055,Other. In containers each holding not over 4 liters. Rye.
2208306065,Other. In containers each holding not over 4 liters. Other.
2208306075,Other. In containers each holding over 4 liters. Rye.
2208306085,Other. In containers each holding over 4 liters. Other.
2208500030,In containers each holding not over 4 liters.
2208500060,In containers each holding over 4 liters.
2208700030,In containers each holding not over 4 liters.
2208700060,In containers each holding over 4 liters.
2208904630,In containers each holding not over 4 liters.
2208904660,In containers each holding over 4 liters.
2208908010,"Premixed cocktails or other mixed beverages, ready to consume as packaged, in containers each holding not over 4 liters."
2208908020,Other.
2301200010,Herring meal; pilchard meal.
2301200090,Other.
2302300010,"Bran, shorts and middlings."
2302300090,Other.
2302400105,Of rice.
2302400110,"Of other single cereal grains, chopped, crushed or ground."
2302400120,Other. Pelletized screenings (clearings).
2302400190,Other. Other.
2303100010,Corn gluten feed.
2303100020,Corn gluten meal.
2303100040,Other.
2303200020,Dried beet-pulp.
2303200040,Other.
2304000010,Certified organic.
2304000090,Other.
2306900120,Of corn.
2306900130,Of hemp seeds.
2306900150,Other.
2308009820,Citrus pulp pellets.
2308009890,Other.
2309100010,In airtight containers.
2309100090,Other.
2309901005,Bird seed.
2309901015,"Other pet food, put up for retail sale."
2309901020,"Poultry feeds, prepared."
2309901030,"Dairy cattle feed, prepared."
2309901032,"Other cattle feed, prepared."
2309901035,"Swine feed, prepared."
2309901045,"Other livestock feed, prepared."
2309901050,Other.
2309902210,Milk replacer.
2309902290,Other.
2309902410,Milk replacer.
2309902490,Other.
2309902810,Milk replacer.
2309902890,Other.
2309904210,Milk replacer.
2309904290,Other.
2309904410,Milk replacer.
2309904490,Other.
2309904810,Milk replacer.
2309904890,Other.
2401102120,Connecticut shade.
2401102140,Other.
2401102920,Connecticut shade.
2401102940,Other.
2401105340,Binder.
2401105350,Filler.
2401106130,Flue-cured.
2401106160,Burley.
2401106180,Maryland.
2401106190,Other.
2401106330,Flue-cured.
2401106360,Burley.
2401106380,Maryland.
2401106390,Other.
2401106530,Flue-cured.
2401106560,Burley.
2401106580,Maryland.
2401106590,Other.
2401109510,Fire-cured Kentucky and Tennessee.
2401109515,Dark-air cured Kentucky and Tennessee.
2401109520,Virginia fire-cured.
2401109525,Virginia sun-cured.
2401109530,Blackfat.
2401109560,Other.
2401201420,Connecticut shade.
2401201440,Other.
2401202970,Binder.
2401202990,Filler.
2401203110,Flue-cured.
2401203120,Burley.
2401203130,Maryland.
2401203140,Other.
2401203310,Flue-cured.
2401203320,Burley.
2401203330,Maryland.
2401203340,Other.
2401203510,Flue-cured.
2401203520,Burley.
2401203530,Maryland.
2401203540,Other.
2401205710,Fire-cured Kentucky and Tennessee.
2401205715,Dark-air cured Kentucky and Tennessee.
2401205720,Virginia fire-cured.
2401205725,Virginia sun-cured.
2401205730,Blackfat.
2401205740,Other.
2401206020,Connecticut shade.
2401206040,Other.
2401208310,Flue-cured.
2401208320,Burley.
2401208330,Maryland.
2401208335,Fire-cured Kentucky and Tennessee.
2401208340,Dark-air cured Kentucky and Tennessee.
2401208350,Virginia fire-cured.
2401208355,Virginia sun-cured.
2401208360,Blackfat.
2401208390,Other.
2401208510,Flue-cured.
2401208520,Burley.
2401208530,Maryland.
2401208535,Fire-cured Kentucky and Tennessee.
2401208540,Dark-air cured Kentucky and Tennessee.
2401208550,Virginia fire-cured.
2401208555,Virginia sun-cured.
2401208560,Blackfat.
2401208590,Other.
2401208710,Flue-cured.
2401208720,Burley.
2401208730,Maryland.
2401208735,Fire-cured Kentucky and Tennessee.
2401208740,Dark-air cured Kentucky and Tennessee.
2401208750,Virginia fire-cured.
2401208755,Virginia sun-cured.
2401208760,Blackfat.
2401208790,Other.
2401302310,Flue-cured.
2401302320,Burley.
2401302335,Fire-cured Kentucky and Tennessee.
2401302340,Dark air-cured Kentucky and Tennessee.
2401302350,Virginia fire-cured.
2401302360,Virginia sun-cured.
2401302390,Other.
2401302510,Flue-cured.
2401302520,Burley.
2401302535,Fire-cured Kentucky and Tennessee.
2401302540,Dark air-cured Kentucky and Tennessee.
2401302550,Virginia fire-cured.
2401302560,Virginia sun-cured.
2401302590,Other.
2401302710,Flue-cured.
2401302720,Burley.
2401302735,Fire-cured Kentucky and Tennessee.
2401302740,Dark air-cured Kentucky and Tennessee.
2401302750,Virginia fire-cured.
2401302760,Virginia sun-cured.
2401302790,Other.
2401303310,Flue-cured.
2401303320,Burley.
2401303335,Fire-cured Kentucky and Tennessee.
2401303340,Dark air-cured Kentucky and Tennessee.
2401303350,Virginia fire-cured.
2401303360,Virginia sun-cured.
2401303390,Other.
2401303510,Flue-cured.
2401303520,Burley.
2401303535,Fire-cured Kentucky and Tennessee.
2401303540,Dark air-cured Kentucky and Tennessee.
2401303550,Virginia fire-cured.
2401303560,Virginia sun-cured.
2401303590,Other.
2401303710,Flue-cured.
2401303720,Burley.
2401303735,Fire-cured Kentucky and Tennessee.
2401303740,Dark air-cured Kentucky and Tennessee.
2401303750,Virginia fire-cured.
2401303760,Virginia sun-cured.
2401303790,Other.
2401307010,Flue-cured.
2401307020,Burley.
2401307035,Fire-cured Kentucky and Tennessee.
2401307040,Dark air-cured Kentucky and Tennessee.
2401307050,Virginia fire-cured.
2401307060,Virginia sun-cured.
2401307090,Other.
2402103030,"Small cigars, cheroots and cigarillos (weighing not more than 1.36 kg/1000)."
2402103070,Other.
2402108030,"Small cigars, cheroots and cigarillos (weighing not more than 1.36 kg/1000)."
2402108050,"Other, each valued 23¢ or more but not more than 76¢."
2402108080,Other.
2403192020,Pipe tobacco.
2403192050,Roll-your-own tobacco for making cigarettes.
2403192080,Other.
2403193050,Flue-cured.
2403193060,Burley.
2403193080,Maryland.
2403193090,Other.
2403196050,Flue-cured.
2403196060,Burley.
2403196080,Maryland.
2403196090,Other.
2403199050,Flue-cured.
2403199060,Burley.
2403199080,Maryland.
2403199090,Other.
2403914350,Flue-cured.
2403914360,Burley.
2403914380,Maryland.
2403914390,Other.
2403914550,Flue-cured.
2403914560,Burley.
2403914580,Maryland.
2403914590,Other.
2403914750,Flue-cured.
2403914760,Burley.
2403914780,Maryland.
2403914790,Other.
2403992130,Chewing tobacco.
2403992140,Snuff and snuff flours of a kind described in statistical note 1 to this chapter.
2403992190,Other.
2403993150,Flue-cured.
2403993160,Burley.
2403993165,"Other. Partially manufactured, blended or mixed tobacco."
2403993170,Other. Other.
2403996050,Flue-cured.
2403996060,Burley.
2403996065,"Other. Partially manufactured, blended or mixed tobacco."
2403996070,Other. Other.
2403999050,Flue-cured.
2403999060,Burley.
2403999065,"Other. Partially manufactured, blended or mixed tobacco."
2403999070,Other. Other.
2404120510,Disposable electronic cigarettes (e-cigarettes) and similar disposable personal electronic vaporizing devices containing nicotine.
2404120590,Other.
2404121010,Disposable electronic cigarettes (e-cigarettes) and similar disposable personal electronic vaporizing devices containing nicotine.
2404121090,Other.
2404190510,Disposable electronic cigarettes (e-cigarettes) and similar disposable personal electronic vaporizing devices without nicotine.
2404190590,Other.
2404191010,Disposable electronic cigarettes (e-cigarettes) and similar disposable personal electronic vaporizing devices without nicotine.
2404191090,Other.
2503000010,Crude or unrefined sulfur.
2503000090,Other.
2506100010,Sands (other than natural) containing by weight 95 percent or more of silica and not more than 0.6 percent of oxide of iron.
2506100050,Other.
2506200010,Crude or roughly trimmed.
2506200080,Other.
2508400110,Common blue clay and other ball clays.
2508400120,Decolorizing earths and fuller's earth.
2508400150,Other.
2513100010,"Crude or in irregular pieces, including crushed pumice."
2513100080,Other.
2516120030,Having a thickness of 7.5 cm or more.
2516120060,Other.
2516900030,Having a thickness of 7.5 cm or more.
2516900060,Other.
2517100015,Pebbles and gravel.
2517100020,"Limestone, except pebbles and gravel."
2517100055,Other.
2524900010,Amosite.
2524900030,Chrysotile. Crudes.
2524900040,"Chrysotile. Milled fibers, group 3 grades (spinning fibers or equivalent)."
2524900045,"Chrysotile. Milled fibers, group 4 and 5 grades."
2524900055,Chrysotile. Other.
2524900060,Other.
2525100010,Split block mica.
2525100020,Mica splittings.
2525100050,Other.
2528000005,Natural sodium borates and concentrates thereof (whether or not calcined).
2528000010,Natural calcium borates.
2528000050,Other.
2529300010,Nepheline syenite.
2529300050,Other.
2530908010,Celestite.
2530908015,Earth colors.
2530908050,Other.
2601110030,Concentrates.
2601110060,Ores. Coarse.
2601110090,Ores. Other.
2601120030,Pellets.
2601120060,Briquettes.
2601120090,Other.
2602000040,Containing less than 47 percent by weight of manganese.
2602000060,Containing 47 percent or more by weight of manganese.
2603000010,Copper content.
2603000020,Lead content.
2603000030,Zinc content.
2603000040,Silver content.
2603000050,Gold content.
2604000040,Nickel content.
2604000080,Other metal content.
2606000030,"Bauxite, calcined. Refractory grade."
2606000060,"Bauxite, calcined. Other."
2606000090,Other.
2607000010,Copper content.
2607000020,Lead content.
2607000030,Zinc content.
2607000040,Silver content.
2607000050,Gold content.
2608000010,Copper content.
2608000020,Lead content.
2608000030,Zinc content.
2608000040,Silver content.
2608000050,Gold content.
2610000020,Having a chromium content equivalent to not more than 40 percent chromic oxide (Cr2O3).
2610000040,Having a chromium content equivalent to more than 40 percent but less than 46 percent chromic oxide (Cr2O3).
2610000060,Having a chromium content equivalent to 46 percent or more chromic oxide (Cr2O3).
2614006020,Ilmenite and ilmenite sand.
2614006040,Other (including rutile and rutile sand).
2615906030,Niobium (columbium) ores and concentrates.
2615906060,Tantalum ores and concentrates.
2615906090,Vanadium ores and concentrates.
2616100010,Copper content.
2616100020,Lead content.
2616100030,Zinc content.
2616100040,Silver content.
2616100080,Gold content.
2616900010,Copper content.
2616900020,Lead content.
2616900030,Zinc content.
2616900040,Gold content.
2616900050,Other precious metal content.
2617900030,Beryllium ores and concentrates.
2617900060,Other.
2620196010,Copper content.
2620196020,Lead content.
2620196030,Zinc content.
2620196040,Silver content.
2620196050,Gold content.
2620210010,Copper content.
2620210020,Lead content.
2620210030,Zinc content.
2620210040,Silver content.
2620210050,Gold content.
2620290010,Copper content.
2620290020,Lead content.
2620290030,Zinc content.
2620290040,Silver content.
2620290050,Gold content.
2620300010,Copper content.
2620300020,Lead content.
2620300030,Zinc content.
2620300040,Silver content.
2620300050,Gold content.
2620400030,Vanadium bearing materials.
2620400060,Other.
2620997520,Vanadium bearing materials.
2620997560,Other materials containing silver.
2620997580,Other materials containing gold.
2620997590,"Other materials that do not contain vanadium, silver or gold."
2701120010,Metallurgical coal.
2701120050,Other.
2701190010,Sub-bituminous coal.
2701190050,Other.
2704000011,"Coke and semicoke of coal. Coke larger than 100 mm (4 inches) in maximum diameter and at least 50 percent of which is retained on a 100-mm (4-inch) sieve after drop shatter testing pursuant to ASTM D 3038, of a kind used in foundries."
2704000025,Coke and semicoke of coal. Other.
2704000050,Other.
2707300010,m-Xylene.
2707300020,o-Xylene.
2707300030,p-Xylene.
2707300040,Other.
2707999010,Carbon black feedstocks.
2707999090,Other.
2709002010,Condensate derived wholly from natural gas.
2709002090,Other.
2710121510,Gasoline. Leaded.
2710121514,Gasoline. Unleaded. Reformulated.
2710121519,Gasoline. Unleaded. Other.
2710121520,"Jet fuel, naphtha-type."
2710121550,Other.
2710121805,Reformulated blendstock for oxygenate blending (RBOB).
2710121890,Other.
2710124545,Insulating or transformer oils.
2710124560,"Renewable fuels blends containing not less than 51 percent by volume of biofuel, as described in statistical note 1 to this chapter."
2710124595,Other.
2710190605,Having a Saybolt Universal viscosity at 37.8˚C of 45 seconds or more but not more than 125 seconds (No. 4-type fuel oils). Containing not more than 500 ppm of sulfur.
2710190615,Having a Saybolt Universal viscosity at 37.8˚C of 45 seconds or more but not more than 125 seconds (No. 4-type fuel oils). Containing more than 500 ppm of sulfur.
2710190625,Having a Saybolt Universal viscosity at 37.8˚C of more than 125 seconds (heavy fuel oils). Fuel oil No. 5.
2710190630,Having a Saybolt Universal viscosity at 37.8˚C of more than 125 seconds (heavy fuel oils). Fuel oil No. 6.
2710190635,Having a Saybolt Universal viscosity at 37.8˚C of more than 125 seconds (heavy fuel oils). Other.
2710190650,Other.
2710191102,Having a Saybolt Universal viscosity at 37.8˚C of less than 45 seconds (light fuel oils). Fuel oils Nos. 2 and 3. Diesel oil. Containing not more than 15 ppm of sulfur.
2710191103,Having a Saybolt Universal viscosity at 37.8˚C of less than 45 seconds (light fuel oils). Fuel oils Nos. 2 and 3. Diesel oil. Containing more than 15 ppm but not more than 500 ppm of sulfur.
2710191104,Having a Saybolt Universal viscosity at 37.8˚C of less than 45 seconds (light fuel oils). Fuel oils Nos. 2 and 3. Diesel oil. Containing more than 500 ppm of sulfur.
2710191105,Having a Saybolt Universal viscosity at 37.8˚C of less than 45 seconds (light fuel oils). Fuel oils Nos. 2 and 3. Other. Containing not more than 15 ppm of sulfur.
2710191107,Having a Saybolt Universal viscosity at 37.8˚C of less than 45 seconds (light fuel oils). Fuel oils Nos. 2 and 3. Other. Containing more than 15 ppm but not more than 500 ppm of sulfur.
2710191108,Having a Saybolt Universal viscosity at 37.8˚C of less than 45 seconds (light fuel oils). Fuel oils Nos. 2 and 3. Other. Containing more than 500 ppm of sulfur.
2710191111,Having a Saybolt Universal viscosity at 37.8˚C of less than 45 seconds (light fuel oils). Other. Containing not more than 15 ppm of sulfur.
2710191113,Having a Saybolt Universal viscosity at 37.8˚C of less than 45 seconds (light fuel oils). Other. Containing more than 15 ppm but not more than 500 ppm of sulfur.
2710191114,Having a Saybolt Universal viscosity at 37.8˚C of less than 45 seconds (light fuel oils). Other. Containing more than 500 ppm of sulfur.
2710191115,Having a Saybolt Universal viscosity at 37.8˚C of 45 seconds or more but not more than 125 seconds (No. 4-type fuel oils). Containing not more than 500 ppm of sulfur.
2710191125,Having a Saybolt Universal viscosity at 37.8˚C of 45 seconds or more but not more than 125 seconds (No. 4-type fuel oils). Containing more than 500 ppm of sulfur.
2710191150,Having a Saybolt Universal viscosity at 37.8˚C of more than 125 seconds (heavy fuel oils).
2710193010,Aviation engine lubricating oils.
2710193020,"Automotive, diesel or marine engine lubricating oils."
2710193030,"Turbine lubricating oil, including marine."
2710193040,Automotive gear oils.
2710193050,Steam cylinder oils.
2710193070,Quenching or cutting oils.
2710193080,Other.
2710194530,White mineral oil. Medicinal grade.
2710194540,White mineral oil. Other.
2710194545,Insulating or transformer oils.
2710194590,Other.
2710200510,Having a Saybolt Universal viscosity at 37.8˚C of 45 seconds or more but not more than 125 seconds (No. 4-type fuel oils).
2710200520,Having a Saybolt Universal viscosity at 37.8˚C of more than 125 seconds (heavy fuel oils).
2710200550,Other.
2710201002,Having a Saybolt Universal viscosity at 37.8˚C of less than 45 seconds (light fuel oils). Fuel oils Nos. 2 and 3. Diesel oil. Containing not more than 15 ppm of sulfur.
2710201003,Having a Saybolt Universal viscosity at 37.8˚C of less than 45 seconds (light fuel oils). Fuel oils Nos. 2 and 3. Diesel oil. Containing more than 15 ppm but not more than 500 ppm of sulfur.
2710201004,Having a Saybolt Universal viscosity at 37.8˚C of less than 45 seconds (light fuel oils). Fuel oils Nos. 2 and 3. Diesel oil. Containing more than 500 ppm of sulfur.
2710201005,Having a Saybolt Universal viscosity at 37.8˚C of less than 45 seconds (light fuel oils). Fuel oils Nos. 2 and 3. Other. Containing not more than 15 ppm of sulfur.
2710201007,Having a Saybolt Universal viscosity at 37.8˚C of less than 45 seconds (light fuel oils). Fuel oils Nos. 2 and 3. Other. Containing more than 15 ppm but not more than 500 ppm of sulfur.
2710201008,Having a Saybolt Universal viscosity at 37.8˚C of less than 45 seconds (light fuel oils). Fuel oils Nos. 2 and 3. Other. Containing more than 500 ppm of sulfur.
2710201011,Having a Saybolt Universal viscosity at 37.8˚C of less than 45 seconds (light fuel oils). Other. Containing not more than 15 ppm of sulfur.
2710201013,Having a Saybolt Universal viscosity at 37.8˚C of less than 45 seconds (light fuel oils). Other. Containing more than 15 ppm but not more than 500 ppm of sulfur.
2710201014,Having a Saybolt Universal viscosity at 37.8˚C of less than 45 seconds (light fuel oils). Other. Containing more than 500 ppm of sulfur.
2710201015,Having a Saybolt Universal viscosity at 37.8˚C of 45 seconds or more but not more than 125 seconds (No. 4-type fuel oils). Containing not more than 500 ppm of sulfur.
2710201025,Having a Saybolt Universal viscosity at 37.8˚C of 45 seconds or more but not more than 125 seconds (No. 4-type fuel oils). Containing more than 500 ppm of sulfur.
2710201050,Having a Saybolt Universal viscosity at 37.8˚C of more than 125 seconds (heavy fuel oils).
2710910010,Containing polychlorinated biphenyls (PCBs) at a concentration level of 50 mg/kg or more.
2710910050,"Other, containing polychlorinated terphenyls (PCTs) or polybrominated biphenyls (PBBs), whether or not also containing polychlorinated biphenyls (PCBs) at a concentration level of less than 50 mg/kg."
2711120010,Propane with a minimum purity of 90 liquid volume percent.
2711120020,Other.
2711130010,"Butanes with a purity of 90 liquid volume percent or more, but less than 95 liquid volume percent."
2711130020,Other.
2711140010,Ethylene.
2711140020,Propylene.
2711140030,Butylene.
2711140040,Butadiene.
2711190010,Ethane.
2711190020,Other.
2711290010,Propane. Propane with a minimum purity of 90 liquid volume percent.
2711290015,Propane. Other.
2711290020,"Butanes. Butanes with a purity of 90 liquid volume percent or more, but less than 95 liquid volume percent."
2711290025,Butanes. Other.
2711290060,Other.
2803000010,Carbon black.
2803000050,Other.
2804290010,Helium.
2804290020,Neon.
2804290030,Isotopically pure rare gases having a purity of 99 percent or more by volume.
2804290055,Other.
2804500010,Boron.
2804500020,Tellurium.
2805199010,Lithium.
2805199090,Other.
2805300005,Not intermixed or interalloyed. Lanthanum.
2805300010,Not intermixed or interalloyed. Cerium.
2805300015,Not intermixed or interalloyed. Praseodymium.
2805300020,Not intermixed or interalloyed. Neodymium.
2805300050,Not intermixed or interalloyed. Other.
2805300090,Other.
2808000010,Nitric acid.
2808000020,Sulfonitric acids.
2809200010,Phosphoric acid. Fertilizer grade. Containing less than 65 percent available diphosphorus pentaoxide (P2O5) equivalents.
2809200020,Phosphoric acid. Fertilizer grade. Other.
2809200030,Phosphoric acid. Other.
2809200040,Polyphosphoric acids.
2811196110,Sulfamic acid.
2811196190,Other.
2812190010,Arsenic trichloride.
2812190090,Other.
2812900010,Sulfur hexafluoride.
2812900090,Other.
2815200050,In solid form.
2815200090,Other.
2818102010,"White, pink or ruby, containing more than 97.5 percent by weight of aluminum oxide."
2818102090,Other.
2821100010,Synthetic pigments. Black.
2821100020,Synthetic pigments. Red.
2821100030,Synthetic pigments. Yellow.
2821100040,Synthetic pigments. Other.
2821100050,Other.
2822000010,"Cobalt(II, III) oxide (cobalt tetroxide)."
2822000090,Other.
2825300010,Vanadium pentoxide (anhydride).
2825300050,Other.
2825600010,Germanium dioxide.
2825600020,Zirconium dioxide.
2825600050,Other.
2826909010,Lithium hexafluorophosphate.
2826909090,Other.
2827399010,Of lithium.
2827399050,Other.
2833115010,Anhydrous.
2833115050,Other.
2833295110,Of manganese.
2833295190,Other.
2833406010,Of potassium.
2833406020,Of ammonium.
2833406050,Other.
2836910010,U.S.P. grade.
2836910050,Other.
2836995010,Zirconium carbonates.
2836995050,Other.
2837190110,Potassium cyanide.
2837190115,Calcium cyanide.
2837190125,Other.
2840300010,Sodium perborate.
2840300050,Other.
2841690010,Sodium permanganate.
2841690090,Other.
2841800010,Of ammonium.
2841800020,Of calcium.
2841800050,Other.
2842909010,Selenides and tellurides.
2842909050,Other.
2844102010,Oxide.
2844102025,Hexafluoride.
2844102055,Other.
2844200010,Uranium compounds. Oxide.
2844200020,Uranium compounds. Fluorides.
2844200030,Uranium compounds. Other.
2844200050,Other.
2844302010,Oxide.
2844302020,Fluorides.
2844302050,Other.
2844305010,Uranium metal.
2844305050,Other.
2844430010,"Elements, isotopes and compounds with cobalt-60 radioactivity only."
2844430021,"Other elements, isotopes and compounds. Americium-241, californium-252, cesium-137, gadolinium-153, idium-192, promethium-147, radium-226, selenium-75, or ytterbium-169."
2844430028,"Other elements, isotopes and compounds. Other."
2844430050,Other.
2846100010,Cerium oxides.
2846100050,Other.
2846902005,Rare-earth oxides except cerium oxides. Containing lanthanum as the predominant metal.
2846902015,Rare-earth oxides except cerium oxides. Containing yttrium or scandium as the predominant metal.
2846902040,Rare-earth oxides except cerium oxides. Other.
2846902082,Rare-earth chlorides except cerium chlorides. Containing yttrium or scandium as the predominant metal.
2846902084,Rare-earth chlorides except cerium chlorides. Other.
2846908070,Mixtures of rare-earth carbonates other than of cerium carbonate. Containing lanthanum as the predominant metal.
2846908075,Mixtures of rare-earth carbonates other than of cerium carbonate. Other.
2846908090,Other.
2853909010,"Gallium arsenide wafers, undoped."
2853909090,Other.
2901291010,"Linear α-olefins (C6-C30), unmixed."
2901291050,Other.
2902190010,Dicyclopentadiene.
2902190050,Other.
2902903010,Dodecylbenzene.
2902903050,Other.
2903110010,Chloromethane (Methyl chloride).
2903110020,Chloroethane (Ethyl chloride).
2903196010,"Methylchloroform (1,1,1-Trichloroethane)."
2903196050,Other.
2903441010,"1,1,1,2,2-Pentafluoroethane (HFC-125)."
2903441020,"1,1,1-Trifluoroethane (HFC-143a)."
2903441030,"1,1,2-trifluoroethane (HFC-143)."
2903770010,Trichlorofluoromethane.
2903770020,Trichlorotrifluoroethanes.
2903770030,Dichlorotetrafluoroethane (CFC-114).
2903770040,Monochloropentafluoroethane (CFC-115).
2903770050,Dichlorodifluoromethane.
2903770080,Other.
2903799030,Monochlorotetrafluoroethane (HCFC-124).
2903799070,Other.
2903897010,Other hexabromocyclododecanes (HBCDs).
2903897090,Other.
2905112010,"Imported for use in chemical production, including production of aldehydes, plastics, olefins and resins."
2905112015,For use in wastewater treatment.
2905112085,Other.
2905120010,Propan-1-ol.
2905120050,Propan-2-ol.
2905145010,2-Methylpropan-1-ol (Isobutyl alcohol).
2905145050,Other.
2905160010,2-Ethylhexan-1-ol.
2905160050,Other.
2905199005,"3,3-Dimethylbutan-2-ol (pinacolyl alcohol)."
2905199010,Decyl alcohol and isomers thereof.
2905199020,Hexyl alcohol and isomers thereof.
2905199090,Other.
2905225010,Citronellol.
2905225050,Other.
2909440110,Monomethyl ethers of ethylene glycol or of diethylene glycol.
2909440150,Other.
2909504010,Eugenol and isoeugenol.
2909504050,Other.
2912296010,Odoriferous or flavoring compounds.
2912296090,Other.
2915394510,n-Propyl acetate.
2915394550,Other.
2915405010,Sodium chloroacetate.
2915405050,Other.
2915700110,Palmitic acid.
2915700120,Stearic acid.
2915700150,Other.
2915901010,Lauric acid.
2915901050,Other.
2915901810,Perfluorooctanoic acids and their salts.
2915901890,Other.
2915905010,Acid chlorides.
2915905050,Other.
2916125010,Ethyl acrylate.
2916125020,Methyl acrylate.
2916125030,Butyl acrylate.
2916125040,2-Ethyl-1-hexyl acrylate.
2916125050,Other.
2916142010,Ethyl methacrylate.
2916142020,Methyl methacrylate.
2916142050,Other.
2916311105,Benzoic acid.
2916311170,Sodium benzoate.
2916311190,Other.
2917130030,Sebacic acid.
2917130090,Other.
2917197020,Plasticizers.
2917197050,Other.
2917330010,Diisodecyl orthophthalate.
2917330050,Other.
2917340110,Dibutyl orthophthalate.
2917340150,Other.
2918165010,Sodium gluconate.
2918165020,Calcium gluconate.
2918165090,Other.
2918992010,"2,4-Dichlorophenoxyacetic acid, its salts and esters."
2918992015,2-Methyl-4-chlorophenoxyacetic acid.
2918992050,Other.
2919905010,Plasticizers.
2919905050,Other.
2921196110,"N,N-Dialkyl (methyl, ethyl or n-propyl)-2-chloroethylamines and their protonated salts."
2921196120,Bis(2-chloroethyl)ethylamine).
2921196130,Chlormethine (INN) (bis(2-chloroethyl)methylamine).
2921196140,Trichlormethine (INN) (tris(2-chloroethyl)amine).
2921196195,Other.
2921290010,Tetraethylene pentamine.
2921290020,Triethylenetetramine.
2921290030,Diethylenetriamine.
2921290055,Other.
2921439020,2-Chloro-p-toluidine-5-sulfonic acid (CAS No. 88-51-7).
2921439040,p-Toluidine-m-sulfonic acid (CAS No. 88-44-8).
2921439090,Other.
2921459010,2-Amino-1-naphthalenesulfonic acid (Tobias acid).
2921459090,Other.
2921598010,"3,3'-Dichlorobenzidine dihydrochloride."
2921598090,Other.
2922199610,"N,N-(Dialkyl (methyl, ethyl, n-propyl or isopropyl)-2-aminoethanols and their protonated salts. N,N-Dimethyl-2-aminoethanol, N,N-diethyl-2-aminoethanol and their protonated salts."
2922199619,"N,N-(Dialkyl (methyl, ethyl, n-propyl or isopropyl)-2-aminoethanols and their protonated salts. Other."
2922199690,Other.
2922298110,p-Nitro-o-anisidine.
2922298190,Other.
2922410010,"Meeting requirements of Food Chemical Codex, Codex Alimentarius or United States Pharmacopeia."
2922410090,Other.
2922494910,Alanine.
2922494915,l-Aspartic acid.
2922494950,Other.
2923202010,Certified organic lecithins.
2923202050,Other.
2924191110,Acrylamide.
2924191120,Dimethylformamide.
2924191130,Methacrylamide.
2924191150,Other.
2924296210,Acetaminophen.
2924296220,Acetophenetidin (Phenacetin).
2924296250,Other.
2924297710,Acetoacetanilide.
2924297720,"Acetoacet-2,5-dimethoxy-4- chloroanilide."
2924297730,p-Aminobenzamide.
2924297790,Other.
2926905010,Malononitrile.
2926905050,Other.
2929108010,Methylenedi-p-phenylene isocyanate (MDI).
2929108090,Other.
2929905015,"N,N-Dialkyl (methyl, ethyl,n-propyl or isopropyl) phosphoramidic dihalides. N,N-Dimethylphosphoramidic dichloride."
2929905018,"N,N-Dialkyl (methyl, ethyl,n-propyl or isopropyl) phosphoramidic dihalides. Other."
2929905020,"Dialkyl (methyl, ethyl, n-propyl or isopropyl)-N,N-dialkyl (methyl, ethyl, n-propyl or isopropyl) phosphoramidates."
2929905030,"N-(Dialkyl (≤C10, incl. cycloalkyl) amino))alkylidene (H or ≤C10, incl. cycloalkyl) phosphonamidic fluorides and corresponding alkylated or protonated salts."
2929905040,"O-Alkyl (H or ≤C10, incl. cycloalkyl) N-(dialkyl (≤C10, incl. cycloalkyl) amino))alkylidene (H or ≤C10, incl. cycloalkyl) phosphoramidofluoridates and corresponding alkylated or protonated salts."
2929905095,Other.
2930202010,Products used principally for rubber processing.
2930202050,Other.
2930209010,Pesticides.
2930209020,Products used principally for rubber processing.
2930209050,Other.
2930904310,O-Ethyl-S-phenylethylphosphono- thiolothionate (fonofos).
2930904315,Phorate (ISO).
2930904320,"Compounds containing a phosphorus atom to which is bonded one methyl, ethyl, n-propyl or isopropyl group, but no other carbon atoms."
2930904330,Terbufos (ISO).
2930904390,Other.
2930904910,Thioglycolic acid.
2930904920,Mercaptocarboxylic acids.
2930904950,Other.
2930909208,"O,O-Diethyl S-[2-(diethylamino)- ethyl] phosphorothioate and its alkylated or protonated salts; and Thiodiglycol (INN) (bis(2-hydroxy- ethyl) sulfide)."
2930909210,Cysteine hydrochloride.
2930909212,2-Ethylhexyl mercaptoacetate.
2930909222,"N,N-Dialkyl (methyl, ethyl, n-propyl or isopropyl) aminoethane-2-thiols and their protonated salts, except for 2-(N,N- dimethylamino)ethanethiol and 2-(N,N- diethylamino)ethanethiol."
2930909225,"Other compounds containing a phosphorus atom to which is bonded one methyl, ethyl, n-propyl or isopropyl group, but no other carbon atoms."
2930909231,Other. Products used principally for rubber processing.
2930909235,Other. Drugs.
2930909251,Other. Other.
2931490005,"O-Alkyl (≤C10, including cycloalkyl) N,N-dialkyl (methyl, ethyl, n-propyl or isopropyl) phosphoramidocyanidates."
2931490008,"[O-2-(Dialkyl (methyl, ethyl, n-propyl or isopropyl) amino)ethyl] hydrogen alkyl (methyl, ethyl, n-propyl or isopropyl) phosphonites and their O-alkyl (≤C10, including cycloalkyl) esters; alkylated or protonated salts thereof."
2931490010,2-Amino-4-[hydroxy(methyl)phosphonoyl] butanoic acid (glufosinate) and its salts and esters.
2931490015,Butyl methylphosphinate.
2931490020,N-(Phosphonomethyl) glycine (glyphosate) and its salts and esters.
2931490025,Bis(1-methylpentyl) methylphosphonate.
2931490055,"Other. Containing a phosphorus atom to which one methyl, ethyl, n-propyl or isopropyl group is bonded but no further carbon atoms."
2931490080,Other. Other.
2931590010,"O-Alkyl (≤ C10, including cycloalkyl) alkyl (methyl, ethyl,n- propyl or isopropyl) phosphonofluoridates."
2931590015,"Alkyl (methyl, ethyl, n-propyl or isopropyl) phosphonyl difluorides."
2931590020,O-Isopropyl methylphosphonochloridate.
2931590025,O-Pinacolyl methylphosphonochloridate.
2931590030,"P-Alkyl (≤ C10, incl. cycloalkyl) N-(1-(dialkyl (≤ C10, incl. cycloalkyl) amino))alkylidene (H or ≤C10, incl. cycloalkyl) phosphonamidic fluorides and corresponding alkylated or protonated salts."
2931590035,Methyl- bis(diethylamino)methylene)phosphonamidofluoridate.
2931590060,"Containing a phosphorus atom to which one methyl, ethyl, n-propyl or isopropyl group is bonded but no further carbon atoms."
2931590080,Other.
2931909010,Organo-silicon compounds.
2931909021,Organo-tin compounds. Dibutyltin oxide.
2931909025,Organo-tin compounds. Tetrabutyltin.
2931909029,Organo-tin compounds. Other.
2931909030,2-Chlorovinyldichloroarsine.
2931909035,Bis(2-chlorovinyl)chloroarsine.
2931909040,Tris(2-chlorovinyl)arsine.
2931909052,Other.
2932205010,Butyrolactone.
2932205020,Glucono-δ-lactone.
2932205030,Sodium erythorbate (Sodium isoascorbate).
2932205050,Other.
2932999010,Glucosamine and its salts and esters.
2932999090,Other.
2933193010,"Couplers, for use in color negative photographic paper."
2933193095,Other.
2933396110,3-Quinuclidinyl benzilate.
2933396120,"1-[N,N-Dialkyl (≤C10)-N-(n-(hydroxyl, cyano, acetoxy)alkyl (≤C10)) ammonio]-n-n-[N-(3- dimethylcarbamoxy-α-picolinyl)-N,N-dialkyl (≤C10) ammonio]decane dibromide (n=1-8)."
2933396130,"1,n-Bis[N-(3-dimethylcarbamoxy-α-picolyl)- N,N-dialkyl (≤ C10) ammonio]-alkane-(2,(n-1)- dione) dibromide (n=2-12)."
2933396191,Other.
2933696010,Cyanuric chloride.
2933696015,Pesticides. Sodium dichloroisocyanurate and trichloroisocyanuric acid.
2933696021,Pesticides. Other.
2933696030,Products used principally for rubber processing.
2933696050,Other.
2933910010,Lorazepam (INN); salts thereof.
2933910050,Other.
2933995510,Tolmetin.
2933995520,Tolmetin sodium dihydrate.
2933995530,Tolmetin sodium (anhydrous).
2933995590,Other.
2933998210,Benzotriazole (CAS No. 95-14-7).
2933998220,Tolyltriazole (CAS No. 29385-43-1).
2933998290,Other.
2936291610,Niacin. Pharmaceutical grade.
2936291620,Niacin. Other.
2936291630,Niacinamide.
2936295020,Vitamins D and their derivatives.
2936295030,Biotin.
2936295050,Other.
2936900110,Provitamins.
2936900150,Other.
2937210010,Cortisone.
2937210020,Hydrocortisone.
2937210030,Prednisone.
2937210040,Prednisolone.
2937231010,Estrogens.
2937231020,Other. Progesterone.
2937231050,Other. Other.
2937235010,Estrogens.
2937235020,Other. Progesterone.
2937235050,Other. Other.
2937299020,Salts and esters of hydrocortisone.
2937299030,Salts and esters of prednisone.
2937299040,Salts and esters of prednisolone.
2937299050,Anabolic agents and androgens.
2937299095,Other.
2939200010,Quinine and its salts.
2939200050,Other.
2939800010,Saxitoxin.
2939800050,Other.
2941901010,Aminoglycoside antibiotics.
2941901050,Other.
3001900110,"Glands and other organs, dried, whether or not powdered. Liver."
3001900150,"Glands and other organs, dried, whether or not powdered. Other."
3001900165,Other. Heparin.
3001900195,Other. Other.
3002120010,Human blood plasma.
3002120020,"Normal human blood sera, whether or not freeze-dried."
3002120030,Human immune blood sera.
3002120040,Fetal Bovine Serum (FBS).
3002120090,Other.
3002130010,Monoclonal antibodies.
3002130090,Other.
3002140010,Containing monoclonal antibodies.
3002140090,Other.
3002150011,Containing monoclonal antibodies.
3002150091,Other.
3002490010,Ricin.
3002490050,Other.
3002905210,Whole human blood.
3002905220,Antiallergenic preparations.
3002905250,Other.
3003900120,Anti-infective medicaments. Antivirals.
3003900140,Anti-infective medicaments. Antifungals.
3003900160,Anti-infective medicaments. Antiprotozoals (excluding goods described in subheading note 2 to this chapter).
3003900180,Anti-infective medicaments. Other.
3003900190,Other.
3004101010,For veterinary use.
3004101020,Other. Singles.
3004101045,Other. Combination antibiotics.
3004105010,For veterinary use.
3004105048,Other. Combination antibiotics. Containing piperacillin and tazobactam or its salts.
3004105049,Other. Combination antibiotics. Other.
3004105055,Other. Other. Containing amoxicillin or its salts. For oral suspension.
3004105065,Other. Other. Containing amoxicillin or its salts. Other.
3004105075,Other. Other. Other.
3004200010,For veterinary use.
3004200020,"Other. Erythromycin, singles or in combination with other antibiotics."
3004200030,"Other. Tetracycline, singles or in combination with other antibiotics."
3004200045,Other. Other. Containing azithromycin or its salts.
3004200055,Other. Other. Containing clindamycin or its salts.
3004200065,Other. Other. Containing doxycycline or its salts.
3004200070,Other. Other. Containing cefdinir or its salts.
3004200071,Other. Other. Containing cefepime or its salts.
3004200072,Other. Other. Containing ceftazidime or its salts.
3004200076,Other. Other. Containing meropenem or its salts.
3004200080,Other. Other. Containing vancomycin or its salts.
3004200083,Other. Other. Other.
3004320010,Containing dexamethasone or its salts.
3004320040,Containing methylprednisolone or its salts.
3004320060,Other.
3004390010,For veterinary use.
3004390020,Other. Containing epinephrine.
3004390030,Other. Containing levothyroxine or its salts.
3004390040,Other. Containing norepinephrine.
3004390045,Other. Containing vasopressin.
3004390055,Other. Other.
3004490005,For veterinary use.
3004490010,Other. Cardiovascular medicaments.
3004490020,"Other. Medicaments primarily affecting the central nervous system. Anticonvulsants, hypnotics, and sedatives."
3004490030,"Other. Medicaments primarily affecting the central nervous system. Antidepressants, tranquilizers and other psychotherapeutic agents."
3004490040,Other. Medicaments primarily affecting the central nervous system. Other.
3004490050,Other. Dermatological agents and local anesthetics.
3004490060,"Other. Medicaments primarily affecting the eyes, ears or respiratory system."
3004490070,Other. Other.
3004505005,For veterinary use.
3004505010,Other. Single vitamins. Combined with minerals or other nutrients.
3004505020,Other. Single vitamins. Other.
3004505030,Other. Multiple vitamins. Combined with minerals or other nutrients.
3004505040,Other. Multiple vitamins. Other.
3004909201,For veterinary use.
3004909203,Other. Anti-infective medicaments. Antivirals. Containing acyclovir or its salts.
3004909204,Other. Anti-infective medicaments. Antivirals. Containing oseltamivir or its salts.
3004909205,"Other. Anti-infective medicaments. Antivirals. Containing valganciclovir, peramivir or their salts."
3004909206,Other. Anti-infective medicaments. Antivirals. Other.
3004909207,Other. Anti-infective medicaments. Antifungals. Containing fluconazole or its salts.
3004909208,Other. Anti-infective medicaments. Antifungals. Other.
3004909209,Other. Anti-infective medicaments. Antiprotozoals (excluding goods described in subheading note 2 to this chapter). Containing metronidazole or its salts.
3004909210,Other. Anti-infective medicaments. Antiprotozoals (excluding goods described in subheading note 2 to this chapter). Other.
3004909211,Other. Anti-infective medicaments. Sulfonamides.
3004909212,Other. Anti-infective medicaments. Other. Containing levofloxacin or its salts.
3004909213,Other. Anti-infective medicaments. Other. Containing linezolid or its salts.
3004909215,Other. Anti-infective medicaments. Other. Other.
3004909216,Other. Antineoplastic and immunosuppressive medicaments.
3004909217,Other. Cardiovascular medicaments. Containing metoprolol or its salts.
3004909218,Other. Cardiovascular medicaments. Containing amiodarone or its salts.
3004909219,Other. Cardiovascular medicaments. Containing diltiazem or its salts.
3004909220,Other. Cardiovascular medicaments. Containing hydralazine or its salts.
3004909222,Other. Cardiovascular medicaments. Containing enoxaparin or its salts.
3004909223,Other. Cardiovascular medicaments. Containing labetalol or its salts.
3004909224,"Other. Cardiovascular medicaments. Containing argatroban, adenosine, amlodipine, esmolol, dobutamine, phenoxybenzamine or their salts."
3004909225,Other. Cardiovascular medicaments. Other.
3004909226,"Other. Medicaments primarily affecting the central nervous system. Analgesics, antipyretics and nonhormonal anti-inflammatory agents. Tolmetin."
3004909227,"Other. Medicaments primarily affecting the central nervous system. Analgesics, antipyretics and nonhormonal anti-inflammatory agents. Tolmetin sodium dihydrate."
3004909228,"Other. Medicaments primarily affecting the central nervous system. Analgesics, antipyretics and nonhormonal anti-inflammatory agents. Tolmetin sodium (anhydrous)."
3004909229,"Other. Medicaments primarily affecting the central nervous system. Analgesics, antipyretics and nonhormonal anti-inflammatory agents. Containing ibuprofen or its salts. For oral suspension."
3004909230,"Other. Medicaments primarily affecting the central nervous system. Analgesics, antipyretics and nonhormonal anti-inflammatory agents. Containing ibuprofen or its salts. Other."
3004909232,"Other. Medicaments primarily affecting the central nervous system. Analgesics, antipyretics and nonhormonal anti-inflammatory agents. Containing acetaminophen or its salts. For oral suspension."
3004909233,"Other. Medicaments primarily affecting the central nervous system. Analgesics, antipyretics and nonhormonal anti-inflammatory agents. Containing acetaminophen or its salts. Other."
3004909234,"Other. Medicaments primarily affecting the central nervous system. Analgesics, antipyretics and nonhormonal anti-inflammatory agents. Containing O-Acetylsalicylic acid (Aspirin)."
3004909235,"Other. Medicaments primarily affecting the central nervous system. Analgesics, antipyretics and nonhormonal anti-inflammatory agents. Containing tramadol."
3004909236,"Other. Medicaments primarily affecting the central nervous system. Analgesics, antipyretics and nonhormonal anti-inflammatory agents. Other."
3004909237,"Other. Medicaments primarily affecting the central nervous system. Anticonvulsants, hypnotics and sedatives. Containing dexmedetomidine, etomidate, midazolam, propofol or their salts."
3004909238,"Other. Medicaments primarily affecting the central nervous system. Anticonvulsants, hypnotics and sedatives. Containing midazolam or its salts."
3004909239,"Other. Medicaments primarily affecting the central nervous system. Anticonvulsants, hypnotics and sedatives. Containing phenytoin or its salts."
3004909240,"Other. Medicaments primarily affecting the central nervous system. Anticonvulsants, hypnotics and sedatives. Containing propofol or its salts."
3004909241,"Other. Medicaments primarily affecting the central nervous system. Anticonvulsants, hypnotics and sedatives. Containing levetiracetam, phenytoin or their salts."
3004909242,"Other. Medicaments primarily affecting the central nervous system. Anticonvulsants, hypnotics and sedatives. Containing etomidate or its salts."
3004909243,"Other. Medicaments primarily affecting the central nervous system. Anticonvulsants, hypnotics and sedatives. Other."
3004909244,"Other. Medicaments primarily affecting the central nervous system. Antidepressants, tranquilizers, and other psychotherapeutic agents. Containing lorazepam or its salts."
3004909245,"Other. Medicaments primarily affecting the central nervous system. Antidepressants, tranquilizers, and other psychotherapeutic agents. Containing olanzapine or its salts."
3004909246,"Other. Medicaments primarily affecting the central nervous system. Antidepressants, tranquilizers, and other psychotherapeutic agents. Other."
3004909247,Other. Medicaments primarily affecting the central nervous system. Other. Containing rocuronium or its salts.
3004909248,Other. Medicaments primarily affecting the central nervous system. Other. Containing succinylcholine or its salts.
3004909249,Other. Medicaments primarily affecting the central nervous system. Other. Other.
3004909250,Other. Dermatological agents and local anesthetics. Containing lidocaine or its salts.
3004909251,Other. Dermatological agents and local anesthetics. Other.
3004909252,Other. Medicaments primarily affecting the digestive system. Laxatives.
3004909253,Other. Medicaments primarily affecting the digestive system. Antacids.
3004909254,Other. Medicaments primarily affecting the digestive system. Containing famotidine or its salts.
3004909255,Other. Medicaments primarily affecting the digestive system. Containing pantoprazole or its salts.
3004909256,Other. Medicaments primarily affecting the digestive system. Containing ondansetron or its salts.
3004909257,Other. Medicaments primarily affecting the digestive system. Containing glycopyrrolate or its salts.
3004909258,Other. Medicaments primarily affecting the digestive system. Containing loperamide or its salts.
3004909260,Other. Medicaments primarily affecting the digestive system. Other.
3004909261,"Other. Preparations primarily affecting the electrolytic, caloric or water balance. Diuretics. Containing furosemide and its salts."
3004909262,"Other. Preparations primarily affecting the electrolytic, caloric or water balance. Diuretics. Containing hydrochlorothiazide or its salts."
3004909263,"Other. Preparations primarily affecting the electrolytic, caloric or water balance. Diuretics. Other."
3004909264,"Other. Preparations primarily affecting the electrolytic, caloric or water balance. Other. Containing calcium gluconate."
3004909265,"Other. Preparations primarily affecting the electrolytic, caloric or water balance. Other. Containing potassium chloride."
3004909266,"Other. Preparations primarily affecting the electrolytic, caloric or water balance. Other. Containing sodium bicarbonate, in injection form."
3004909267,"Other. Preparations primarily affecting the electrolytic, caloric or water balance. Other. Other."
3004909268,"Other. Medicaments primarily affecting the eyes, ears, or respiratory system. Cough and cold preparations."
3004909269,"Other. Medicaments primarily affecting the eyes, ears, or respiratory system. Other. Antihistamines. Containing diphenhydramine or its salts."
3004909270,"Other. Medicaments primarily affecting the eyes, ears, or respiratory system. Other. Antihistamines. Other."
3004909271,"Other. Medicaments primarily affecting the eyes, ears, or respiratory system. Other. Containing albuterol sulfate."
3004909272,"Other. Medicaments primarily affecting the eyes, ears, or respiratory system. Other. Other. Containing timolol maleate."
3004909273,"Other. Medicaments primarily affecting the eyes, ears, or respiratory system. Other. Other. Other."
3004909274,Other. Other. Containing heparin sodium or its salts.
3004909275,Other. Other. Containing zoledronic acid or its salts.
3004909276,Other. Other. Other.
3005905010,Laparotomy sponges.
3005905090,Other.
3102100010,Solid urea.
3102100030,Other. Diesel exhaust fluid (DEF) of a kind meeting ISO 22241.
3102100050,Other. Other.
3104200010,Containing not more than 62 percent by weight of potassium oxide (K2O).
3104200050,Containing more than 62 percent by weight of potassium oxide (K2O).
3105400010,Ammonium dihydrogenorthophosphate (Monoammonium phosphate).
3105400050,Other.
3105900010,Potassium nitrate-sodium nitrate mixtures.
3105900050,Other.
3204125010,FD&C red 40 (CAS No. 25956-17-6).
3204125020,FD&C yellow 5 (CAS No. 1934-21-0).
3204125030,FD&C yellow 6 (CAS No. 2783-94-0).
3204125090,Other.
3204170405,Pigment blue 16.
3204170415,Pigment orange 31.
3204170420,Pigment orange 36.
3204170425,Pigment red 144.
3204170430,Pigment red 166.
3204170435,Pigment red 177.
3204170485,Other.
3204174015,Pigment red 149.
3204174030,Pigment red 214.
3204174090,Other.
3204176005,Pigment blue 15.
3204176010,Pigment blue 15:1.
3204176015,Pigment blue 15:2.
3204176020,Pigment blue 15:4.
3204176085,Other.
3204179002,"Pigment blue 15:3, dry, presscake or aqueous slurry."
3204179003,Preparations based on pigment blue 15:3.
3204179006,Pigment blue 61.
3204179010,Pigment green 7.
3204179015,Pigment green 36.
3204179018,"Pigment red 57:1, dry, presscake or aqueous slurry."
3204179019,Preparations based on pigment red 57:1.
3204179021,Pigment red 122.
3204179025,Pigment red 149.
3204179030,Pigment red 179.
3204179035,Pigment violet 19.
3204179040,Pigment violet 23.
3204179046,"Pigment yellow 12, dry, presscake or aqueous slurry."
3204179047,Preparations based on pigment yellow 12.
3204179050,Pigment yellow 13.
3204179055,Pigment yellow 74.
3204179060,Pigment yellow 75.
3204179086,Other.
3204192020,Solvent red 179.
3204192040,Solvent yellow 163.
3204192090,Other.
3204192520,Solvent red 135.
3204192540,Solvent orange 60.
3204192560,Solvent yellow 33.
3204192595,Other.
3205004010,Yellow.
3205004020,Red.
3205004040,Blue.
3205004055,Other.
3205005010,Yellow.
3205005020,Red.
3205005030,Violet.
3205005040,Blue.
3205005050,Other.
3206200010,Chrome yellow.
3206200020,Molybdenum orange.
3206200030,Zinc yellow.
3206200050,Other.
3206496010,Pigments and preparations based on cadmium compounds.
3206496050,Other.
3212900010,Metallic aluminum pigments.
3212900050,Other.
3214100010,Mastics. Caulking compounds.
3214100020,Mastics. Other.
3214100090,Painters' fillings.
3215119010,News.
3215119020,Other. Flexographic.
3215119030,Other. Gravure.
3215119040,Other. Letterpress.
3215119050,Other. Offset Lithographic.
3215119060,Other. Other.
3215199010,News.
3215199020,Other. Flexographic.
3215199030,Other. Gravure.
3215199040,Other. Letterpress.
3215199050,Other. Offset lithographic.
3215199060,Other. Other.
3301195110,Bergamot.
3301195120,Lime.
3301195150,Other.
3301250010,"Of cornmint, including ""peppermint"" derived from Mentha arvensis."
3301250020,Of spearmint.
3301250050,Other.
3301295103,Of anise.
3301295105,Of caraway.
3301295107,Of cassia.
3301295109,Of cedarwood.
3301295111,Of citronella.
3301295113,Of clove.
3301295115,Of garlic.
3301295116,Of geranium.
3301295117,Of jasmine.
3301295118,Of lavender or lavandin.
3301295119,Of lemongrass.
3301295121,Of linaloe or bois de rose.
3301295125,Of nutmeg.
3301295128,Of onion.
3301295129,Of patchouli.
3301295133,Of petitgrain.
3301295135,Of rose (attar of roses).
3301295137,Of rosemary.
3301295139,Of sandalwood.
3301295141,Of sassafras including Ocotea cymbarum.
3301295142,Of vetiver.
3301295143,Of ylang ylang or cananga.
3301295150,Other.
3301901010,Paprika.
3301901020,Black pepper.
3301901050,Other.
3302901010,"Perfume oil mixtures and blends, consisting of products ready for use as finished perfume bases."
3302901050,Other.
3302902010,"Perfume oil mixtures and blends, consisting of products ready for use as finished perfume bases."
3302902050,Other.
3304910010,Rouges.
3304910050,Other.
3402399010,Salts of sulfated alcohols.
3402399020,Salts of sulfated polyethers.
3402399050,Other.
3402422010,Polyethers.
3402422020,Esters and ether-esters of polyhydric alcohols.
3402422050,Other.
3402905010,Washing preparations.
3402905030,Cleaning preparations.
3402905050,Other.
3404905110,Of chemically modified lignite.
3404905150,Other.
3503005510,Edible gelatin.
3503005520,Photographic gelatin.
3503005550,Other.
3504005010,From peas. Certified organic.
3504005050,From peas. Other.
3504005080,Other.
3505100015,Dextrin. Derived from potato starch.
3505100020,Dextrin. Other.
3505100040,Other. Derived from corn (maize) starch.
3505100045,Other. Derived from potato starch.
3505100092,Other. Other.
3602000030,"Dynamite and other high explosives, put up in cartridges, sticks or other forms, suitable for blasting."
3602000060,Other.
3604109010,Class 1.4G (Class C).
3604109050,Other.
3605000030,Matches with natural wood stems.
3605000060,Other.
3701100030,"Medical, other than dental."
3701100060,Other.
3701200030,For color photography (polychrome).
3701200060,Other.
3701910030,Disc film.
3701910060,Other.
3701996030,Graphic arts film.
3701996060,Other.
3702100030,"Medical, other than dental."
3702100060,Other.
3702320130,Microfilm.
3702320160,Other.
3702440130,Graphic arts film.
3702440160,Other.
3702520130,Reversal color film.
3702520160,Other.
3702530030,35 mm.
3702530060,Other.
3702540030,35 mm.
3702540060,Other.
3702550030,Reversal color film.
3702550060,Other.
3702560030,Motion-picture film.
3702560060,Other.
3703103030,For pictorial use (continuous tone). For color photography (polychrome).
3703103060,For pictorial use (continuous tone). Other.
3703103090,Other (line reproduction).
3703203030,For pictorial use (continuous tone).
3703203060,Other (line reproduction).
3703903030,For pictorial use (continuous tone). In sheets.
3703903060,For pictorial use (continuous tone). Other.
3703903090,Other (line reproduction).
3706106030,Feature films. Positive release prints.
3706106060,Feature films. Other.
3706106090,Other.
3706900030,Positive release prints.
3706900060,Other.
3707100005,For use in color negative photographic paper.
3707100090,Other.
3707903210,"Unsensitized emulsions, for use in color negative photographic paper."
3707903220,"Couplers, for use in color negative photographic paper."
3707903230,"Coupler dispersions, for use in color negative photographic paper."
3707903290,Other.
3801105010,Surface-modified spherical graphite.
3801105090,Other.
3801900010,Active anode material containing silicon.
3801900050,Other.
3802100010,Derived from coal.
3802100020,Derived from coconut.
3802100050,Other.
3806100010,Gum rosin.
3806100050,Other.
3808925040,Formulated fungicides containing any 3-iodoprop-2-yn-1-yl butylcarbamate(IPBC).
3808925080,Other.
3808935010,Mixtures of 2-amino-4-[hydroxy(methyl)phosphonoyl] butanoic acid (glufosinate) or its salts or esters and application adjuvants.
3808935020,Mixtures of N-(phosphonomethyl) glycine (glyphosate) or its salts or esters and application adjuvants.
3808935040,Other.
3808945010,"Wipes, other than paper wipes or nonwoven wipes, impregnated with alcohol or other disinfectants."
3808945050,Hydrogen peroxide put up in disinfectant preparations for sanitizing or disinfecting surfaces..
3808945080,"Alcohol-based hand sanitizer containing 60 percent or more by weight of ethanol, of a kind described in statistical note 1 to this chapter."
3808945095,Other.
3814005010,"Containing methyl chloroform (1,1,1-trichloro- ethane) or carbon tetrachloride."
3814005090,Other.
3815120010,With platinum group metals as the active substance.
3815120090,Other.
3816002010,Clay.
3816002050,Other.
3818000010,"Gallium arsenide wafers, doped."
3818000020,"Polycrystalline silicon wafers, doped."
3818000030,"Silicon carbide wafers, doped."
3818000095,Other.
3819000010,Hydraulic brake fluids.
3819000090,Other.
3821000010,Viral transport media.
3821000090,Other.
3822190010,"Containing antigens or antisera. Containing methyl chloroform (1,1,1-trichloroethane) or carbon tetrachloride."
3822190030,Containing antigens or antisera. Other.
3822190040,"Other. Containing methyl chloroform (1,1,1-trichloroethane) or carbon tetrachloride."
3822190080,Other. Other.
3823130020,Containing less than two percent rosin.
3823130040,Other.
3824500010,Wet.
3824500050,Other.
3824993910,Of lithium nickel cobalt manganese oxides.
3824993990,Other.
3824994140,Mixtures of fatty acid esters.
3824994190,Other.
3824997510,Naphthenic acids.
3824997550,Other.
3824999310,"Mixtures of acyclic, monohydric, unsubstituted alcohols. Containing C11 or lower alcohols only."
3824999320,"Mixtures of acyclic, monohydric, unsubstituted alcohols. Containing C12 or higher alcohols only."
3824999330,"Mixtures of acyclic, monohydric, unsubstituted alcohols. Other."
3824999361,"Mixtures consisting mainly of chemicals containing a phosphorus atom to which is bonded one methyl, ethyl, n-propyl or isopropyl group, but no other carbon atoms."
3824999386,Mixtures of a kind containing magnesium used as a desulfurization reagent.
3824999397,Other.
3901105010,Linear low density polyethylene.
3901105020,"Low density polyethylene, except linear low density polyethylene."
3901105030,Medium density polyethylene.
3902900010,Polybutylene.
3902900050,Other.
3904610010,"Granular, whether or not filled or compounded (see statistical note 1 to this chapter)."
3904610090,Other.
3907610010,Having a viscosity number of 78 ml/g or more but not more than 88 ml/g.
3907610050,Other.
3907690010,Having a viscosity number of 70 ml/g or more but less than 78 ml/g.
3907690050,Other.
3907995010,Polybutylene terephthalate.
3907995050,Other.
3911909110,Thermoplastic.
3911909150,Thermosetting.
3912310010,Containing not less than 90 percent by weight of carboxymethylcellulose.
3912310090,Other.
3912900010,"α-Cellulose in granular, microcrystalline or powdered forms."
3912900090,Other.
3913902015,Xanthan gum.
3913902090,Other.
3915900010,Of polyethylene terephthalate (PET) plastics.
3915900090,Other.
3916200010,Siding for house or building exterior.
3916200020,"Window, door, decking or railing profiles."
3916200091,Other.
3917290050,Less than 200 mm in length.
3917290090,Other.
3917320010,Of polyvinyl chloride.
3917320020,Of polyethylene.
3917320050,Other.
3917390010,Reinforced with metal.
3917390020,Other. Of polyvinyl chloride.
3917390050,Other. Other.
3917400010,"For brake hoses for the vehicles of subheadings 8701.21, 8701.22, 8701.23, 8701.24 or 8701.29 or headings 8702, 8703, 8704, 8705 or 8711."
3917400020,"Plumbing fittings, not pressure rated (Drain/Waste/Vent (DWV)). Of polyvinyl chloride."
3917400030,"Plumbing fittings, not pressure rated (Drain/Waste/Vent (DWV)). Of acrylonitrile-butadiene-styrene."
3917400050,"Plumbing fittings, not pressure rated (Drain/Waste/Vent (DWV)). Other."
3917400060,Other plumbing fittings. Of polyvinyl chloride.
3917400080,Other plumbing fittings. Other.
3917400095,Other.
3918101020,Vinyl tile consisting of a rigid solid polymer core.
3918101030,Vinyl tile consisting of a rigid expanded polymer core of a kind described in statistical note 2 to this chapter.
3918101040,Other.
3918103110,Woven.
3918103150,Other.
3918103210,Woven.
3918103250,Other.
3918104010,Woven.
3918104050,Other.
3919101010,Pavement marking tape.
3919101050,Other.
3919102010,Filament reinforced tape.
3919102020,Electrical tape.
3919102030,"Other. Transparent tape, not exceeding 55 m in length. Not exceeding 5 cm in width."
3919102040,"Other. Transparent tape, not exceeding 55 m in length. Other."
3919102055,Other. Other.
3919905010,Reflectorized sheeting.
3919905020,Filament reinforced tape.
3919905030,Electrical tape.
3919905040,Transparent tape.
3919905060,Other.
3920200015,Strip put up in packaging for use as decorative or gift-wrapping ribbon.
3920200020,Gift wrap.
3920200055,Other.
3920515050,"Sheets, not flexible, containing flame retardant."
3920515090,Other.
3920620020,Metallized PET film. Gift wrap.
3920620050,Metallized PET film. Other.
3920620090,Other.
3921121910,Products with textile components in which vegetable fibers predominate by weight over any other single textile fiber.
3921121950,Other.
3921131910,Products with textile components in which vegetable fibers predominate by weight over any other single textile fiber.
3921131950,Other.
3921190010,Microporous sheets of polyethylene or polypropylene film.
3921190090,Other.
3921901910,Products with textile components in which vegetable fibers predominate by weight over any other single textile fiber.
3921901950,Other.
3921902510,Over 70 percent by weight of plastics.
3921902550,Other (229).
3921904010,Reinforced with paper.
3921904090,Other.
3921905010,High pressure paper reinforced decorative laminates.
3921905050,Other.
3923210011,"Reclosable, with integral extruded closure. With no single side exceeding 75 mm in length."
3923210020,"Reclosable, with integral extruded closure. Other, with sliders that open or close the seal."
3923210030,"Reclosable, with integral extruded closure. Other."
3923210080,Other. With no single side exceeding 75 mm in length.
3923210085,"Other. Polyethylene retail carrier bags (PRCBs) with handles (including drawstrings), with no length or width shorter than 6 inches (152.4 mm) or longer than 40 inches (1,016 mm)."
3923210095,Other. Other.
3923300010,Of a capacity not exceeding 50 ml.
3923300090,Other.
3923400010,Photographic film reels and reel cans.
3923400050,Other.
3923900012,"Buckets and pails, with or without lids or other closures, having a capacity of. Less than 11.36 liters (3 gallons)."
3923900014,"Buckets and pails, with or without lids or other closures, having a capacity of. 11.36 liters (3 gallons) or more, but not more than 22.71 liters (6 gallons)."
3923900016,"Buckets and pails, with or without lids or other closures, having a capacity of. 22.71 liters (6 gallons) or more."
3923900080,Other.
3924901010,Curtains and drapes.
3924901050,Other.
3924905610,Gates for confining children or pets.
3924905650,Other.
3925200010,Doors and door frames.
3925200020,Windows and window frames.
3925200091,Other.
3926201010,Surgical and medical.
3926201020,Other. Disposable.
3926201050,Other. Other.
3926204010,Disposable.
3926204050,Other.
3926209010,Aprons.
3926209050,Other.
3926400010,Bows and similar products for decorative purposes including gift-packaging and the like.
3926400090,Other.
3926904510,O-Rings.
3926904590,Other.
3926906010,Synchronous belts.
3926906090,Other.
3926906510,Valued not over 80 cents per gross.
3926906520,Valued over 80 cents but not over $1.35 per gross.
3926906530,Valued over $1.35 but not over $1.70 per gross.
3926906550,Valued over $1.70 per gross.
3926909905,Elastic bands made wholly of plastics.
3926909910,Laboratory ware.
3926909925,Reflective triangular warning signs for road use.
3926909930,Ladders.
3926909940,"Covers, rings and frames for manholes; catch basins; drainage gates and frames thereof; cleanout covers and frames thereof; valve, service and meter boxes."
3926909950,"Face masks and shields, medical positioning or transport pads, medical waste containers or disinfectant wipes dispensers."
3926909987,Rigid tubes or pipes suitable for use as electrical conduit.
3926909989,Other.
4001210010,Grade 1.
4001210020,Grade 2.
4001210030,Grade 3.
4001210050,Other.
4001220005,Grade 5.
4001220010,Grade CV.
4001220015,Grade L.
4001220020,Grade 10.
4001220025,Grade 20.
4001220050,Other.
4001300005,Balata.
4001300010,"Gutta-percha and guttas, not elsewhere specified or included."
4001300020,Chicle.
4001300055,Other.
4002190014,"Containing 50 percent or less styrene by weight of the dry polymer. Styrene-butadiene-styrene block co- polymers produced by solution polymerization (SBS, thermoplastic elastormers), in granules, crumbs or powders."
4002190015,Containing 50 percent or less styrene by weight of the dry polymer. Styrene-butadiene rubber produced by emulsion polymerization (E-SBR) in bales.
4002190016,Containing 50 percent or less styrene by weight of the dry polymer. Styrene-butadiene rubber produced by solution polymerization (S-SBR) in bales.
4002190019,Containing 50 percent or less styrene by weight of the dry polymer. Other.
4002190020,Containing over 50 percent styrene by weight of the dry polymer.
4009120020,"Brake hoses for the vehicles of subheadings 8701.21, 8701.22, 8701.23, 8701.24 or 8701.29 or headings 8702, 8703, 8704, 8705 or 8711."
4009120050,Other.
4009220020,"Brake hoses for the vehicles of subheadings 8701.21, 8701.22, 8701.23, 8701.24 or 8701.29 or headings 8702, 8703, 8704, 8705 or 8711."
4009220050,Other.
4009320020,"Brake hoses for the vehicles of subheadings 8701.21, 8701.22, 8701.23, 8701.24 or 8701.29 or headings 8702, 8703, 8704, 8705 or 8711."
4009320050,Other.
4009420020,"Brake hoses for the vehicles of subheadings 8701.21, 8701.22, 8701.23, 8701.24 or 8701.29 or headings 8702, 8703, 8704, 8705 or 8711."
4009420050,Other.
4011101010,Having a rim diameter of 33.02 cm (13 inches) or less.
4011101020,Having a rim diameter greater than 33.02 cm (13 inches) but not more than 35.56 cm (14 inches).
4011101030,Having a rim diameter greater than 35.56 cm (14 inches) but not more than 38.10 cm (15 inches).
4011101040,Having a rim diameter greater than 38.10 cm (15 inches) but not more than 40.64 cm (16 inches).
4011101050,Having a rim diameter greater than 40.64 cm (16 inches) but not more than 43.18 cm (17 inches).
4011101060,Having a rim diameter greater than 43.18 cm (17 inches) but not more than 45.72 cm (18 inches).
4011101070,Having a rim diameter greater than 45.72 cm (18 inches).
4011201005,On-the-highway. Light truck.
4011201015,On-the-highway. Other.
4011201025,Off-the-highway. For use on a rim measuring 40.6 cm or more in diameter.
4011201035,Off-the-highway. Other.
4011205010,On-the-highway. Light truck.
4011205020,On-the-highway. Other.
4011205030,Off-the-highway. For use on a rim measuring 40.6 cm or more in diameter.
4011205050,Off-the-highway. Other.
4011300010,For use in civil aircraft.
4011300050,Other.
4011700010,"Having a ""herring-bone"" or similar tread."
4011700050,Other.
4011801010,Having a rim size not exceeding 61 cm.
4011801020,Having a rim size exceeding 61 cm.
4011802010,Having a rim size not exceeding 61 cm.
4011802020,Having a rim size exceeding 61 cm.
4011808010,Having a rim size not exceeding 61 cm.
4011808020,Having a rim size exceeding 61 cm.
4011901010,"Of a kind used on golf carts, all-terrain vehicles, and for turf, lawn and garden, and trailer applications."
4011901050,Other.
4011902010,"Of a kind used on golf carts, all-terrain vehicles, and for turf, lawn and garden, and trailer applications."
4011902050,Other.
4011908010,"Of a kind used on golf carts, all-terrain vehicles, and for turf, lawn and garden, and trailer applications."
4011908050,Other.
4012124015,On-the-highway truck and bus tires. Light truck.
4012124025,On-the-highway truck and bus tires. Other.
4012124035,Other.
4012128019,On-the-highway truck and bus tires. Light truck.
4012128029,On-the-highway truck and bus tires. Other.
4012128050,Other.
4012130010,For use in civil aircraft.
4012130050,Other.
4012201010,For use in civil aircraft.
4012201050,Other.
4013100010,Motor car.
4013100020,Truck and bus.
4013905010,Motorcycle (including moped).
4013905050,Other.
4015121010,"Medical gloves, mittens and mitts."
4015121020,"Surgical gloves, mittens and mitts."
4015191110,Disposable.
4015191150,Other.
4015900010,Aprons.
4015900050,Other.
4016931010,O-Rings.
4016931020,Oil seals.
4016931050,Other.
4016935010,O-Rings.
4016935020,Oil seals.
4016935050,Other.
4016993510,Rubber bands.
4016993550,Other.
4016996010,Mechanical articles for motor vehicles.
4016996050,Other.
4101201010,Of bovine animals.
4101201020,Of equine animals.
4101501010,Of bovine animals. Cattle.
4101501020,Of bovine animals. Other.
4101501091,Of equine animals.
4101901010,Of bovine animals. Fresh or wet-salted. Butts and bends.
4101901020,Of bovine animals. Fresh or wet-salted. Other.
4101901030,Of bovine animals. Other.
4101901040,Of equine animals.
4102210065,Not split.
4102210095,Other.
4102291010,Hair sheep and cabretta skins.
4102291090,Other.
4103901130,Deer.
4103901140,Of goats or kids.
4103901190,Other.
4104111020,Upper leather.
4104111040,Lining leather.
4104113010,Upper leather.
4104113060,Other.
4104114010,Upper leather.
4104114060,Other.
4104115030,Wet blues. Not split.
4104115040,Wet blues. Split. Grains.
4104115070,Wet blues. Split. Other.
4104115080,Other.
4104191020,Upper leather.
4104191040,Lining leather.
4104194010,Upper leather.
4104194060,Other.
4104195030,Wet blues. Not split.
4104195040,Wet blues. Split. Grains.
4104195070,Wet blues. Split. Other.
4104195080,Other.
4104411020,Upper leather.
4104411040,Lining leather.
4104413010,Upper leather.
4104413060,Other.
4104414010,Upper leather.
4104414060,Other.
4104491020,Upper leather.
4104491040,Lining leather.
4104493010,Upper leather.
4104493060,Other.
4104494010,Upper leather.
4104494060,Other.
4107111020,Upper leather.
4107111040,Lining leather.
4107116010,Upper leather.
4107116060,Sole leather.
4107117030,Belting.
4107117040,Glove and garment.
4107117050,"Bag, case, strap and collar."
4107117090,Other.
4107121020,Upper leather.
4107121040,Lining leather.
4107126010,Upper leather.
4107126060,Sole leather.
4107127030,Belting.
4107127040,Glove and garment.
4107127050,"Bag, case, strap and collar."
4107127090,Other.
4107191020,Upper leather.
4107191040,Lining leather.
4107196010,Upper leather.
4107196050,Sole leather.
4107197030,Belting.
4107197040,Glove and garment.
4107197050,"Bag, case, strap and collar."
4107197090,Other.
4107916010,Upper leather.
4107916050,Sole leather.
4107917030,Belting.
4107917040,Glove and garment.
4107917050,"Bag, case, strap and collar."
4107917090,Other.
4107926010,Upper leather.
4107926050,Sole leather.
4107927030,Belting.
4107927040,Glove and garment.
4107927050,"Bag, case, strap and collar."
4107927090,Other.
4107996010,Upper leather.
4107996050,Sole leather.
4107997030,Belting.
4107997040,Glove and garment.
4107997050,"Bag, case, strap and collar."
4107997090,Other.
4112003030,Garment.
4112003060,Other.
4202110030,"Attache cases, briefcases, school satchels, occupational luggage cases and similar containers."
4202110090,Other.
4202122120,"Structured, rigid on all sides."
4202122150,Other.
4202122910,"Structured, rigid on all sides. Attache cases, briefcases and similar containers."
4202122925,"Structured, rigid on all sides. Other."
4202122935,"Other. Attache cases, briefcases and similar containers."
4202122985,Other. Other.
4202128130,"Attache cases, briefcases, school satchels, occupational luggage cases and similar containers (670)."
4202128170,Other (670).
4202128910,"Attache cases, briefcases, school satchels, occupational luggage cases and similar containers. Containing 85 percent or more by weight of silk or silk waste."
4202128920,"Attache cases, briefcases, school satchels, occupational luggage cases and similar containers. Of cotton (369)."
4202128940,"Attache cases, briefcases, school satchels, occupational luggage cases and similar containers. Other (870)."
4202128950,Other. Containing 85 percent or more by weight of silk or silk waste.
4202128960,Other. Of cotton (369).
4202128980,Other. Other (870).
4202224010,Containing 85 percent or more by weight of silk or silk waste.
4202224020,Other. Of cotton (369).
4202224030,Other. Of man-made fibers (670).
4202224040,Other. Other (871).
4202228930,Of cotton (369).
4202228970,Of paper yarn.
4202228980,Other (871).
4202919030,"Travel, sports and similar bags."
4202919090,Other.
4202920805,Of cotton (369).
4202920807,Of man-made fibers (670).
4202920809,Other (870).
4202923120,Backpacks (670).
4202923131,Other (670).
4202923305,Of paper yarn.
4202923310,Containing 85 percent or more by weight of silk or silk waste.
4202923316,Of cotton (369).
4202926010,"Jewelry boxes, and similar containers of a kind normally sold at retail with their contents."
4202926091,Other (369).
4202929310,Containing 85 percent or more by weight of silk or silk waste.
4202929315,"Other, jewelry boxes of a kind normally sold at retail with their contents."
4202929336,Other (870).
4203104010,Coats and jackets. Anoraks.
4203104030,Coats and jackets. Other. Men's and boys'.
4203104060,"Coats and jackets. Other. Women's, girls' and infants'."
4203104085,Other. Men's and boys'.
4203104095,"Other. Women's, girls' and infants'."
4203218030,Golf gloves.
4203218060,Other.
4203293010,Not lined.
4203293020,Lined.
4206001910,Racquet strings.
4206001930,Other.
4301100010,Wild.
4301100020,Other.
4301800201,Of hare.
4301800202,Of rabbit.
4301800203,Of beaver.
4301800204,Of muskrat.
4301800210,Of nutria.
4301800220,Of lynx.
4301800240,Of marten.
4301800260,Of sable.
4301800270,Of fisher.
4301800275,Of racoon.
4301800280,Of seal.
4301800290,Other.
4302110010,Kolinsky.
4302110020,Other.
4302193030,Fox.
4302193040,Racoon.
4302193070,Other.
4302194530,Fox.
4302194540,Racoon.
4302194570,Other.
4303100030,Of mink.
4303100060,Other.
4401394210,Sawdust.
4401394220,Shavings.
4401394290,Other.
4401490020,Shavings.
4401490090,Other.
4403110020,"Poles, piles and posts. Telephone, telegraph and electrical power poles."
4403110040,"Poles, piles and posts. Fence posts."
4403110050,"Poles, piles and posts. Other."
4403110060,Other.
4403120020,"Poles, piles and posts. Telephone, telegraph and electrical power poles."
4403120040,"Poles, piles and posts. Fence posts."
4403120050,"Poles, piles and posts. Other."
4403120060,Other.
4403210112,"Poles, piles and posts. Telephone, telegraph and electrical power poles."
4403210115,"Poles, piles and posts. Fence posts."
4403210116,"Poles, piles and posts. Other."
4403210120,"Logs and timber. Southern yellow pine (Loblolly pine (Pinus taeda)), long leaf pine (Pinus palustris), pitch pine (Pinus rigida), short leaf pine (Pinus echinata), slash pine (Pinus elliottii) and Virginia pine (Pinus virginiana)."
4403210125,Logs and timber. Ponderosa pine (Pinus ponderosa).
4403210130,Logs and timber. Other.
4403210165,Other.
4403220108,Pulpwood.
4403220112,"Poles, piles and posts. Telephone, telegraph and electrical power poles."
4403220115,"Poles, piles and posts. Fence posts."
4403220116,"Poles, piles and posts. Other."
4403220120,"Logs and timber. Southern yellow pine (Loblolly pine (Pinus taeda)), long leaf pine (Pinus palustris), pitch pine (Pinus rigida), short leaf pine (Pinus echinata), slash pine (Pinus elliottii) and Virginia pine (Pinus virginiana)."
4403220125,Logs and timber. Ponderosa pine (Pinus ponderosa).
4403220130,Logs and timber. Other.
4403220165,Other.
4403230112,"Poles, piles and posts. Telephone, telegraph and electrical power poles."
4403230115,"Poles, piles and posts. Fence posts."
4403230116,"Poles, piles and posts. Other."
4403230135,Logs and timber. Spruce (Picea spp.).
4403230142,Logs and timber. Other fir; balsam.
4403230165,Other.
4403240104,Pulpwood.
4403240112,"Poles, piles and posts. Telephone, telegraph and electrical power poles."
4403240115,"Poles, piles and posts. Fence posts."
4403240116,"Poles, piles and posts. Other."
4403240135,Logs and timber. Spruce (Picea spp.).
4403240142,Logs and timber. Other fir; balsam.
4403240165,Other.
4403250112,"Poles, piles and posts. Telephone, telegraph and electrical power poles."
4403250115,"Poles, piles and posts. Fence posts."
4403250116,"Poles, piles and posts. Other."
4403250140,Logs and timber. Douglas-fir (Pseudotsuga menziesii).
4403250150,Logs and timber. Western hemlock (Tsuga heterophylla).
4403250152,Logs and timber. Other hemlock.
4403250155,Logs and timber. Western red cedar (Thuja plicata).
4403250157,Logs and timber. Other cedar.
4403250164,Logs and timber. Other.
4403250165,Other.
4403260108,Pulpwood.
4403260112,"Poles, piles and posts. Telephone, telegraph and electrical power poles."
4403260115,"Poles, piles and posts. Fence posts."
4403260116,"Poles, piles and posts. Other."
4403260140,Logs and timber. Douglas-fir (Pseudotsuga menziesii).
4403260150,Logs and timber. Western hemlock (Tsuga heterophylla).
4403260152,Logs and timber. Other hemlock.
4403260155,Logs and timber. Western red cedar (Thuja plicata).
4403260157,Logs and timber. Other cedar.
4403260164,Logs and timber. Other.
4403260165,Other.
4403910020,Of red oak.
4403910040,Other.
4403950127,"Poles, piles and posts."
4403950130,Other.
4403960123,Pulpwood.
4403960127,"Poles, piles and posts."
4403960130,Other.
4403970022,Pulpwood.
4403970026,"Poles, piles and posts."
4403970065,Other. Of yellow poplar (Liriodendron tulipifera).
4403970067,Other. Of other poplar; of aspen or cottonwood.
4403980023,Pulpwood.
4403980028,"Poles, piles and posts."
4403980095,Other.
4403990123,Pulpwood.
4403990128,"Poles, piles and posts."
4403990140,Other. Of ash (Fraxinus spp.).
4403990150,Other. Of western red alder (Alnus rubra).
4403990155,Other. Of cherry (Prunus spp.).
4403990160,Other. Of maple (Acer spp.).
4403990170,Other. Of walnut (Juglans spp.).
4403990175,Other. Of paulownia (Paulownia spp.).
4403990195,Other. Other.
4404100040,"Fence pickets, palings and rails."
4404100080,"Poles, piles and posts."
4404100090,Other.
4404200040,"Fence pickets, palings and rails."
4404200080,"Poles, piles and posts."
4404200090,Other.
4407110001,Finger-jointed.
4407110002,"Other. Treated with paint, stain, creosote or other preservative."
4407110042,Other. Not treated. Eastern white pine (Pinus strobus) and red pine (Pinus resinosa). Rough.
4407110043,Other. Not treated. Eastern white pine (Pinus strobus) and red pine (Pinus resinosa). Other.
4407110044,Other. Not treated. Lodgepole pine (Pinus contorta). Rough.
4407110045,Other. Not treated. Lodgepole pine (Pinus contorta). Other.
4407110046,"Other. Not treated. Southern yellow pine (Loblolly pine (Pinus taeda)), long leaf pine (Pinus palustris), pitch pine (Pinus rigida), short leaf pine (Pinus echinata), slash pine (Pinus elliottii) and Virginia pine (Pinus virginiana). Rough."
4407110047,"Other. Not treated. Southern yellow pine (Loblolly pine (Pinus taeda)), long leaf pine (Pinus palustris), pitch pine (Pinus rigida), short leaf pine (Pinus echinata), slash pine (Pinus elliottii) and Virginia pine (Pinus virginiana). Other."
4407110048,Other. Not treated. Ponderosa pine (Pinus ponderosa). Rough.
4407110049,Other. Not treated. Ponderosa pine (Pinus ponderosa). Other.
4407110052,Other. Not treated. Other pine. Rough.
4407110053,Other. Not treated. Other pine. Other.
4407120001,Finger-jointed.
4407120002,"Other. Treated with paint, stain, creosote or other preservative."
4407120017,Other. Not treated. Sitka spruce (Picea sitchensis). Rough.
4407120018,Other. Not treated. Sitka spruce (Picea sitchensis). Other.
4407120019,Other. Not treated. Other spruce. Rough.
4407120020,Other. Not treated. Other spruce. Other.
4407120058,Other. Not treated. Fir (Abies spp.). Rough.
4407120059,Other. Not treated. Fir (Abies spp.). Other.
4407190001,Finger-jointed.
4407190002,"Other. Treated with paint, stain, creosote or other preservative."
4407190054,Other. Not treated. Douglas-fir (Pseudotsuga menziesii). Rough. Having a minimum dimension less than 5.1 cm.
4407190055,Other. Not treated. Douglas-fir (Pseudotsuga menziesii). Rough. Having a minimum dimension 5.1 cm or more but less than 12.7 cm.
4407190056,Other. Not treated. Douglas-fir (Pseudotsuga menziesii). Rough. Having a minimum dimension 12.7 cm or more.
4407190057,Other. Not treated. Douglas-fir (Pseudotsuga menziesii). Other.
4407190064,Other. Not treated. Hemlock (Tsuga spp.). Rough.
4407190065,Other. Not treated. Hemlock (Tsuga spp.). Other.
4407190066,Other. Not treated. Larch (Larix spp.). Rough.
4407190067,Other. Not treated. Larch (Larix spp.). Other.
4407190068,Other. Not treated. Western red cedar. Rough.
4407190069,Other. Not treated. Western red cedar. Other.
4407190074,Other. Not treated. Yellow cedar (Chamaecyparis nootkatensis). Rough.
4407190075,Other. Not treated. Yellow cedar (Chamaecyparis nootkatensis). Other.
4407190076,"Other. Not treated. Other cedar (Thuja spp., Juniperus spp., Chamaecyparis spp., Cupressus spp. and Libocedrus spp.). Rough."
4407190077,"Other. Not treated. Other cedar (Thuja spp., Juniperus spp., Chamaecyparis spp., Cupressus spp. and Libocedrus spp.). Other."
4407190082,Other. Not treated. Redwood (Sequoia sempervirens). Rough.
4407190083,Other. Not treated. Redwood (Sequoia sempervirens). Other.
4407190092,Other. Not treated. Other. Rough.
4407190093,Other. Not treated. Other. Other.
4407220006,Balsa (Ochroma lagopus).
4407220091,Other.
4407290206,"Acajou d'Afrique (Khaya spp.), also known as African mahogany."
4407290211,"Anigre (Aningeria spp.), also known as Aningre, Aniegre or Anegre."
4407290216,Keruing (Dipterocarpus spp.).
4407290220,"Ipé (Tabebuia spp. or Handroanthus spp.), also known as Tahibo or Taheebo, LaPacho or Lapacho, Brazilian walnut and Patagonian walnut."
4407290240,"Andiroba (Carapa guianensis and C. procera), Padauk (Pterocarpus spp.), also known as Padouk."
4407290260,"Cedro (Cedrela spp.), also known as Spanish Cedar."
4407290285,"Jatoba (Hymenaea spp.), also known as Brazilian Cherry."
4407290296,Other.
4407910022,Red oak.
4407910063,Other.
4407930010,Hard maple.
4407930020,Other.
4407960011,"North American (Betula alleghaniensis, Betula papyrifera, Betula lenta, Betula nigra)."
4407960013,"European (Betula pendula, Betula pubescens), also known as Baltic, Russian or Chinese birch."
4407960019,Other.
4407970072,Yellow poplar (Liriodendron tulipifera).
4407970079,Other poplar; aspen; cottonwood.
4407990242,"Hickory (Carya spp.) and pecan (Carya illinoensis, Carya pecan)."
4407990261,Walnut (Juglans spp).
4407990263,Western red alder (Alnus rubra).
4407990295,Other nonconiferous.
4408100125,Douglas fir.
4408100145,Other.
4408390210,Spliced or end-jointed.
4408390220,"Other. Acajou or Acajou d'Afrique (Khaya spp.), also known as African mahogany."
4408390230,"Other. Anigre (Aningeria spp.), also known as Aningre, Aniegre or Anegre."
4408390240,Other. Ceiba (Ceiba spp.).
4408390250,"Other. Obeche (Triplochiton spp.), also known as Ayous."
4408390260,Other. Okoume (Aucoumea spp.).
4408390270,"Other. Sapele (Sapelli), Sipo or Utile (Entandrophragma spp.)."
4408390291,Other. Other.
4408900105,Spliced or end-jointed. Ash (Fraxinus spp.).
4408900110,Spliced or end-jointed. Birch (Betula spp.).
4408900115,Spliced or end-jointed. Cherry (Prunus spp.).
4408900121,Spliced or end-jointed. Maple (Acer spp.).
4408900131,Spliced or end-jointed. Oak (Quercus spp.). Red.
4408900137,Spliced or end-jointed. Oak (Quercus spp.). Other.
4408900145,Spliced or end-jointed. Walnut (Juglans spp.).
4408900151,Spliced or end-jointed. Other.
4408900156,Other. Ash (Fraxinus spp.).
4408900161,Other. Birch (Betula spp.).
4408900166,Other. Cherry (Prunus spp.).
4408900171,Other. Maple (Acer spp.).
4408900176,Other. Oak (Quercus spp.). Red.
4408900181,Other. Oak (Quercus spp.). Other.
4408900187,Other. Walnut (Juglans spp.).
4408900197,Other. Other.
4409101020,Resawn bevel siding. Western red cedar.
4409101040,Resawn bevel siding. Other.
4409101060,Other. Western red cedar.
4409101080,Other. Other.
4409104010,End-jointed.
4409104090,Other.
4409109020,Western red cedar.
4409109040,Other.
4409220515,"Wood flooring (end-matched). Jatoba (Hymenaea spp.), also known as Brazilian Cherry."
4409220520,"Wood flooring (end-matched). Ipé (Tabebuia spp. or Handroanthus spp.), also known as Tahibo or Taheebo, LaPacho or Lapacho, Brazilian walnut, and Patagonian walnut."
4409220535,"Wood flooring (end-matched). Santos mahogany (Myroxylon balsamum), also known as Cabreuva."
4409220545,"Wood flooring (end-matched). Cumaru (Dipteryx spp.), also known as Brazilian teak."
4409220560,Wood flooring (end-matched). Other.
4409220590,Other.
4409225020,Durian (Durio spp.).
4409225040,Jelutong (Dyera spp.).
4409225060,"Obeche (Triplochiton spp.), also known as Ayous."
4409225090,Other.
4409229020,"Cumaru (Dipteryx spp.), also known as Brazilian teak."
4409229030,"Ipé (Tabebuia spp. or Handroanthus spp.), also known as Tahibo or Taheebo, LaPacho or Lapacho, Brazilian walnut and Patagonian walnut."
4409229045,Keruing (Dipterocarpus spp.).
4409229060,Padauk (Padouk) or Narra (Pterocarpus spp.).
4409229090,Other.
4409290655,Wood flooring (end-matched).
4409290665,Other.
4409292630,Maple (Acer spp.).
4409292650,Birch (Betula spp.) and beech (Fagus spp.).
4409292660,Other.
4410110010,Unworked or not further worked than sanded.
4410110020,Surface-covered with melamine-impregnated paper.
4410110030,Surface-covered with decorative laminates of plastic.
4410110060,Other.
4410120010,Unworked or not further worked than sanded.
4410120020,Other.
4410190010,Unworked or not further worked than sanded.
4410190020,Surface-covered with melamine-impregnated paper.
4410190030,Surface-covered with decorative laminates of plastic.
4410190060,Other.
4411129010,Standard wood molding.
4411129090,Other.
4411139010,Standard wood molding.
4411139090,Other.
4411149010,Standard wood molding.
4411149090,Other.
4411939010,Standard wood molding.
4411939090,Other.
4411940010,Of a density exceeding 0.35 g/cm3 but not exceeding 0.5 g/cm3. Not mechanically worked or surface covered. Impregnated with bitumen.
4411940020,Of a density exceeding 0.35 g/cm3 but not exceeding 0.5 g/cm3. Not mechanically worked or surface covered. Other.
4411940030,Of a density exceeding 0.35 g/cm3 but not exceeding 0.5 g/cm3. Other. Impregnated with bitumen.
4411940040,Of a density exceeding 0.35 g/cm3 but not exceeding 0.5 g/cm3. Other. Other.
4411940050,Other. Not mechanically worked or surface covered. Impregnated with bitumen.
4411940060,Other. Not mechanically worked or surface covered. Other.
4411940070,Other. Other. Impregnated with bitumen.
4411940080,Other. Other. Other.
4412310620,"Panels not exceeding in any dimension 3.6 mm in thickness, 1.2 m in width and 2.2 m in length."
4412310640,Other. Not surface covered.
4412310660,Other. Other.
4412312610,With a face ply of Spanish cedar (Cedrela spp.).
4412312620,With a face ply of walnut (Juglans spp.).
4412314850,Panels not exceeding 3.6 mm in thickness and not exceeding 1.2 m in width and 2.2 m in length.
4412314860,"Other. Not surface covered. Dark Red Meranti, Light Red Meranti or White Lauan (Luan) (Shorea spp.)."
4412314863,"Other. Not surface covered. Limba (Terminalia spp.), also known as Terminalia and Nargusta."
4412314866,Other. Not surface covered. Virola (Virola spp.).
4412314869,Other. Not surface covered. Other.
4412314875,Other. Other. Wood flooring.
4412314880,Other. Other. Other.
4412315225,Wood flooring.
4412315235,Other. With a face ply of sen (Kalopanax spp.).
4412315255,"Other. Other. Panels not exceeding in any dimension 3.6 mm in thickness, 1.2 m in width and 2.2 m in length."
4412315260,"Other. Other. Other. Not surface covered. Albizia (Albizia spp.), also known as Falcata, Batai and Suar wood."
4412315262,Other. Other. Other. Not surface covered. Bintangor (Calophyllum spp.).
4412315264,Other. Other. Other. Not surface covered. Mersawa (Anisoptera spp.).
4412315266,"Other. Other. Other. Not surface covered. Parica (Schizolobium spp.), also known as Pinho Cuiabano, Firetree and Guapuruvu."
4412315268,"Other. Other. Other. Not surface covered. Pencil cedar, Nyatoh (Palaquium spp.)."
4412315270,Other. Other. Other. Not surface covered. Other.
4412315275,Other. Other. Other. Other.
4412330620,"Panels not exceeding in any dimension 3.6 mm in thickness, 1.2 m in width and 2.2 m in length."
4412330640,Other. Not surface covered.
4412330665,Other. Other. Wood flooring.
4412330670,Other. Other. Other.
4412332625,Wood flooring.
4412332630,Other.
4412333225,Wood flooring.
4412333235,Other. With a face ply of sen (Kalopanax spp.).
4412333255,Other. With a face ply of mahogany (Swietenia spp. or Khaya spp.).
4412333265,"Other. Other. Panels not exceeding in any dimension 3.6 mm in thickness, 1.2 m in width and 2.2 m in length."
4412333275,Other. Other. Other. Not surface covered.
4412333285,Other. Other. Other. Other.
4412343225,Wood flooring.
4412343235,Other. With a face ply of sen (Kalopanax spp.).
4412343255,Other. With a face ply of mahogany (Swietenia spp. or Khaya spp.).
4412343265,"Other. Other. Panels not exceeding in any dimension 3.6 mm in thickness, 1.2 m in width and 2.2 m in length."
4412343275,Other. Other. Other. Not surface covered.
4412343285,Other. Other. Other. Other.
4412394011,"With at least one outer ply of Douglas fir (Pseudotsuga menziesii). Rough, or touch sanded for sizing purposes, but not further processed."
4412394012,"With at least one outer ply of Douglas fir (Pseudotsuga menziesii). Fully sanded on at least one face, but not further processed."
4412394019,With at least one outer ply of Douglas fir (Pseudotsuga menziesii). Other.
4412394031,"With at least one outer ply of long leaf pine (Pinus palustris), short leaf pine (Pinus echinata), southern yellow pine (loblolly pine)(Pinus taeda), slash pine (Pinus elliotti), pitch pine (Pinus rigida) or Virginia pine (Pinus virginiana). Rough, or touch sanded for sizing purposes, but not further processed."
4412394032,"With at least one outer ply of long leaf pine (Pinus palustris), short leaf pine (Pinus echinata), southern yellow pine (loblolly pine)(Pinus taeda), slash pine (Pinus elliotti), pitch pine (Pinus rigida) or Virginia pine (Pinus virginiana). Fully sanded on at least one face, but not further processed."
4412394039,"With at least one outer ply of long leaf pine (Pinus palustris), short leaf pine (Pinus echinata), southern yellow pine (loblolly pine)(Pinus taeda), slash pine (Pinus elliotti), pitch pine (Pinus rigida) or Virginia pine (Pinus virginiana). Other."
4412394051,"With at least one outer ply of Agathis spp.. Rough, or touch sanded for sizing purposes, but not further processed."
4412394052,"With at least one outer ply of Agathis spp.. Fully sanded on at least one face, but not further processed."
4412394059,With at least one outer ply of Agathis spp.. Other.
4412394061,"Other. Rough, or touch sanded for sizing purposes, but not further processed."
4412394062,"Other. Fully sanded on at least one face, but not further processed."
4412394069,Other. Other.
4412395010,With at least one outer ply of Douglas fir (Pseudotsuga menziesii).
4412395030,"With at least one outer ply of long leaf pine (Pinus palustris), short leaf pine (Pinus echinata), southern yellow pine (loblolly pine) (Pinus taeda), slash pine (Pinus elliotti), pitch pine (Pinus rigida) or Virginia pine (Pinus virginiana)."
4412395050,Other.
4412511030,Not surface covered.
4412511050,Other.
4412513105,Wood flooring.
4412513111,Other. With a face ply of Spanish cedar (Cedrela spp.).
4412513121,Other. With a face ply of walnut (Juglans spp.).
4412513141,Other. With a face ply of mahogany (Swietenia spp. or Khaya spp.).
4412513161,Other. Other. Not surface covered.
4412513175,Other. Other. Other.
4412521030,Not surface covered.
4412521050,Other.
4412523105,Wood flooring.
4412523121,Other. With a face ply of walnut (Juglans spp.).
4412523161,Other. Other. Not surface covered.
4412523175,Other. Other. Other.
4412911020,"Panels not exceeding in any dimension 3.6 mm in thickness, 1.2 m in width and 2.2 m in length."
4412911030,Other. Not surface covered.
4412911040,Other. Other.
4412913110,With a face ply of Spanish cedar (Cedrela spp.).
4412913120,With a face ply of walnut (Juglans spp.).
4412913130,With a face ply of sen (Kalopanax spp.).
4412913140,With a face ply of mahogany (Swietenia spp. or Khaya spp.).
4412913150,"Other. Panels not exceeding in any dimension 3.6 mm in thickness, 1.2 m in width, and 2.2 m in length."
4412913160,"Other. Other, not surface covered."
4412913170,Other. Other.
4412915105,Wood flooring.
4412915115,Other.
4412921120,"Panels not exceeding in any dimension 3.6 mm in thickness, 1.2 m in width and 2.2 m in length."
4412921130,Other. Not surface covered.
4412921140,Other. Other.
4412923120,With a face ply of walnut (Juglans spp.).
4412923150,"Other. Panels not exceeding in any dimension 3.6 mm in thickness, 1.2 m in width, and 2.2 m in length."
4412923160,"Other. Other, not surface covered."
4412923170,Other. Other.
4412925205,Wood flooring.
4412925215,Other.
4416003010,New.
4416003020,Used. Assembled (set up).
4416003030,Used. Unassembled (knocked down).
4416006010,New. Staves.
4416006020,New. Hoops.
4416006030,New. Tight barrelheads.
4416006040,Used. Staves.
4416006050,Used. Other.
4416009020,New.
4416009040,Used.
4417008010,Tool handles.
4417008090,Other.
4418218030,Flush doors.
4418218060,Other.
4418298030,Flush doors.
4418298060,Other.
4418500010,Shingles. Of western red cedar.
4418500030,Shingles. Other.
4418500050,Other.
4418919105,Wood flooring.
4418919110,"Other. Arches, laminated."
4418919120,Other. Roof trusses.
4418919140,Other. Other fabricated structural wood members.
4418919150,Other. Prefabricated partitions and panels for buildings.
4418919195,Other. Other.
4418999105,Wood flooring.
4418999110,"Other. Arches, laminated."
4418999120,Other. Roof trusses.
4418999140,Other. Other fabricated structural wood members.
4418999150,Other. Prefabricated partitions and panels for buildings.
4418999195,Other. Other.
4420110010,Of mango wood (Mangifera spp.).
4420110030,Of teak (Tectona spp.).
4420110090,Other.
4421917020,Assembled fence sections.
4421917040,Other.
4421918024,Valued not over 80¢/gross.
4421918027,Valued over 80¢ but not over $1.35/gross.
4421918030,Valued over $1.35 but not over $1.70/gross.
4421918033,Valued over $1.70/gross.
4421919820,Pencil slats.
4421919870,Gates for confining children or pets.
4421919880,Other.
4421997020,Assembled fence sections.
4421997040,Other.
4421998024,Valued not over 80¢/gross.
4421998027,Valued over 80¢ but not over $1.35/gross.
4421998030,Valued over $1.35 but not over $1.70/gross.
4421998033,Valued over $1.70/gross.
4421999820,Pencil slats.
4421999870,Gates for confining children or pets.
4421999880,Other.
4602192920,Handbags.
4602192940,Other.
4702000020,Sulfite.
4702000040,Sulfate or soda.
4703210020,Semibleached.
4703210040,Bleached.
4703290020,Semibleached.
4703290040,Bleached.
4707200020,High-grade deinking paper and paperboard.
4707200040,Other.
4707300020,Newsprint.
4707300040,Other.
4801000120,Standard newsprint paper.
4801000140,Other.
4802204020,Containing by weight 25 percent or more cotton fiber.
4802204040,Other.
4802557020,Containing by weight 25 percent or more cotton fiber.
4802557040,Other.
4802567020,Containing by weight 25 percent or more cotton fiber.
4802567050,Other. Writing and cover paper.
4802567090,Other. Other.
4802571040,With one side equal to 965 mm and the other side equal to 635 mm in the unfolded state.
4802571085,Other.
4802574040,With one side equal to 965 mm and the other side equal to 635 mm in the unfolded state.
4802574085,Other.
4802582020,Drawing paper.
4802582040,Bristols.
4802582080,Other.
4802586020,Containing by weight 25 percent or more cotton fiber.
4802586040,Other.
4802613110,Weighing less than 40 g/m2.
4802613135,Other. Supercalendered.
4802613191,Other. Other.
4802616020,Containing by weight 25 percent or more cotton fiber.
4802616040,Other.
4802626120,Containing by weight 25 percent or more cotton fiber.
4802626140,Other.
4804314020,Bag or sack paper.
4804314040,Other.
4804394020,Bag or sack paper.
4804394041,"Other. Tissue paper having a basis weight not exceeding 29 g/m², in sheets."
4804394049,Other. Other.
4804396020,"Base stock for trays, dishes, plates, cups and the like."
4804396040,Other.
4804420010,Base stock for milk cartons and other beverage containers.
4804420020,Other. Folding carton stock.
4804420030,"Other. Base stock for trays, dishes, plates, cups and the like."
4804420040,Other. Other. Base stock for packaging.
4804420050,Other. Other. Other.
4804520010,Base stock for milk cartons and other beverage containers.
4804520020,Other. Folding carton stock.
4804520030,"Other. Base stock for trays, dishes, plates, cups and the like."
4804520040,Other. Other. Base stock for packaging.
4804520050,Other. Other. Other.
4805911010,Folding carton board.
4805911090,Other.
4805924010,Folding carton board.
4805924020,Construction paper.
4805924030,Linerboard containing by weight less than 80 percent chemical sulfate wood pulp.
4805924040,Other.
4805934010,Folding carton board.
4805934015,Wet machine board.
4805934020,Construction paper.
4805934030,Linerboard containing by weight less than 80 percent chemical sulfate wood pulp.
4805934050,Tube and core board.
4805934060,Other.
4810131120,Baryta coated.
4810131140,Other.
4810132010,Coated on one side only.
4810132090,Other.
4810137020,Containing by weight 25 percent or more cotton fiber.
4810137040,Other.
4810141120,Baryta coated.
4810141140,Other.
4810142010,Coated on one side only.
4810142090,Other.
4810147020,Containing by weight 25 percent or more cotton fiber.
4810147040,Other.
4810192010,Coated on one side only.
4810192090,Other.
4810225044,Hole-punched looseleaf paper.
4810225080,Other.
4810227020,Containing by weight 25 percent or more cotton fiber.
4810227040,Other.
4810291025,In rolls.
4810291035,In sheets.
4810297020,Containing by weight 25 percent or more cotton fiber.
4810297025,Other. In rolls.
4810297035,Other. In sheets.
4810311020,Folding carton stock.
4810311040,"Base stock for trays, dishes, plates, cups and the like."
4810311050,Other. Gift wrap.
4810311080,Other. Other.
4810321020,Folding carton stock.
4810321040,"Base stock for trays, dishes, plates, cups and the like."
4810321060,Other.
4810921225,In rolls.
4810921235,In sheets.
4810921425,In rolls.
4810921435,In sheets.
4810926525,In rolls.
4810926535,In sheets.
4810991010,Gift wrap paper.
4810991050,Folding Carton.
4810991060,Other.
4811512010,Base stock for milk cartons and other beverage containers.
4811512020,Other. Folding carton stock.
4811512030,"Other. Base stock for trays, dishes, plates, cups and the like."
4811512040,Other. Other. Base stock for packaging.
4811512050,Other. Other. Other.
4811594020,Folding carton stock.
4811594040,Other.
4811904010,"Tissue papers, in sheets."
4811904090,Other.
4811906010,"Tissue papers having a basis weight not exceeding 29 g/m², in sheets."
4811906090,Other.
4811908020,Gift Wrap (other than tissue).
4811908030,Direct thermal coated paper.
4811908050,Other.
4811909010,"Tissue papers having a basis weight not exceeding 29 g/m², in sheets."
4811909030,Direct thermal coated paper.
4811909035,"Paper in sheets, lined or ruled, having a width of 152.4 to 360 mm inclusive and a length of 225.25 to 360 mm inclusive."
4811909080,Other.
4818200020,Towels.
4818200040,Other.
4818500020,Hospital/medical gowns or scrubs.
4818500080,Other.
4818900020,Face masks.
4818900080,Other.
4819100020,Sanitary food and beverage containers.
4819100040,Other.
4819200020,Sanitary food and beverage containers.
4819200040,Other.
4819300020,"Shipping sacks and multiwall bags, other than grocers' bags."
4819300040,Other.
4819400020,"Shipping sacks and multiwall bags, other than grocers' bags."
4819400040,Other.
4819504020,"Fiber drums, cans, tubes and similar containers."
4819504040,Other. Rigid boxes and cartons.
4819504060,Other. Other.
4820102010,Diaries and address books.
4820102020,"Memorandum pads, letter pads and similar articles."
4820102030,"Sewn composition books with dimensions of 152.4-381 mm (6"" - 15""), inclusive (small side) X 222.5-381 mm (8.75"" -15""), inclusive (large side)."
4820102040,"Other note books with dimensions of 152.4-381 mm (6"" - 15""), inclusive (small side) X 222.5-381 mm (8.75"" -15""), inclusive (large side)."
4820102060,Other.
4820300020,Looseleaf binders.
4820300040,Other.
4823610020,Cups and round nested food containers.
4823610040,Other.
4823690020,Cups and round nested food containers.
4823690040,Other.
4823700020,"Plates, bowls or cups."
4823700040,Other.
4823908620,Shoe covers (booties) of a kind described in statistical note 2 to this chapter.
4823908680,Other.
4901100020,Reproduction proofs.
4901100040,Other.
4901910020,Dictionaries (including thesauruses).
4901910040,Encyclopedias.
4901990010,Textbooks.
4901990020,"Bound newspapers, journals and periodicals provided for in Legal Note 3 to this chapter."
4901990030,Directories.
4901990040,"Other. Bibles, testaments, prayer books and other religious books."
4901990050,"Other. Technical, scientific and professional books."
4901990060,Other. Art and pictorial books. Valued under $5 each.
4901990065,Other. Art and pictorial books. Valued $5 or more each.
4901990070,Other. Other. Hardbound books.
4901990075,Other. Other. Rack size paperbound books.
4901990091,Other. Other. Other. Containing not more than 4 pages each (excluding covers).
4901990092,"Other. Other. Other. Containing 5 or more pages each, but not more than 48 pages each (excluding covers)."
4901990093,Other. Other. Other. Containing 49 or more pages each (excluding covers).
4902902020,Newspapers appearing less than four times per week.
4902902040,Other business and professional journals and periodicals (including single issues tied together for shipping purposes).
4902902060,Other (including single issues tied together for shipping purposes).
4904000020,"Sheet music, whether or not stapled or folded, but not otherwise bound."
4904000040,Other.
4911100020,Printed catalogs relating principally to current offers for the sale of United States products.
4911100040,"Printed catalogs, price lists or trade notices, relating to offers, by a person whose principal place of business or bonafide residence is in a foreign country, to sell or rent products of a foreign country or to furnish foreign or international transportation or commercial insurance services."
4911100060,"Tourist and other literature (including posters), containing geographic, historical, hotel, institutional, timetable, travel or similar information, principally with respect to places, travel facilities or educational opportunities outside the customs territory of the United States."
4911100080,Other.
4911912020,Posters.
4911912040,Other.
4911914020,Posters.
4911914040,Other.
5005000010,Containing 85 percent or more by weight of silk or silk waste.
5005000090,Other (800).
5007103020,Not jacquard woven. More than 127 cm in width.
5007103040,Not jacquard woven. Other.
5007103090,Other.
5007106010,Subject to cotton restraints or to man-made fiber restraints. Of yarns of different colors (218).
5007106020,Subject to cotton restraints or to man-made fiber restraints. Other (220).
5007106030,Subject to wool restraints (410).
5007106090,Other (810).
5007200015,"Printed. Measuring less than 77 cm in width or less than 77 cm between selvages, with more than 47 warp yarns per cm, of a kind for use in the manufacture of neckties."
5007200025,Printed. Other. More than 127 cm in width.
5007200035,Printed. Other. Other.
5007200055,"Other. Measuring less than 77 cm in width or less than 77 cm between selvages, with more than 47 warp yarns per cm, of a kind for use in the manufacture of neckties."
5007200065,Other. Other. Not jacquard woven. More than 127 cm in width.
5007200085,Other. Other. Not jacquard woven. Other.
5007200095,Other. Other. Other.
5007903020,Not jacquard woven. More than 127 cm in width.
5007903040,Not jacquard woven. Other.
5007903090,Other.
5007906010,Subject to cotton restraints or to man-made fiber restraints. Of yarns of different colors (218).
5007906020,Subject to cotton restraints or to man-made fiber restraints. Other (220).
5007906030,Subject to wool restraints (410).
5007906090,Other (810).
5101116030,Not finer than 58s.
5101116060,Finer than 58s.
5101196030,Not finer than 58s.
5101196060,Finer than 58s.
5101214030,Not finer than 58s.
5101214060,Finer than 58s.
5101294030,Not finer than 58s.
5101294060,Finer than 58s.
5102196030,Hair of the Angora goat.
5102196060,Other.
5106100010,Of which the average fiber diameter is not less than 34.40 microns (400).
5106100090,Other (400).
5111117030,Wholly or in part of fine animal hair (410).
5111117060,Other (410).
5111196020,Wholly or in part of fine animal hair. Weighing not more than 400 g/m2 (410).
5111196040,Wholly or in part of fine animal hair. Weighing more than 400 g/m2 (410).
5111196060,Other. Weighing not more than 400 g/m2 (410).
5111196080,Other. Weighing more than 400 g/m2 (410).
5112113030,Containing fine animal hair (410).
5112113060,Other (410).
5112116030,Wholly or in part of fine animal hair (410).
5112116060,Other (410).
5112196010,Containing fine animal hair. Weighing not more than 270 g/m2 (410).
5112196020,Containing fine animal hair. Weighing more than 270 g/m2 but not more than 340 g/m2 (410).
5112196030,Containing fine animal hair. Weighing more than 340 g/m2 (410).
5112196040,Other. Weighing not more than 270 g/m2 (410).
5112196050,Other. Weighing more than 270 g/m2 but not more than 340 g/m2 (410).
5112196060,Other. Weighing more than 340 g/m2 (410).
5112199510,Wholly or in part of fine animal hair. Weighing not more than 270 g/m2 (410).
5112199520,Wholly or in part of fine animal hair. Weighing more than 270 g/m2 but not more than 340 g/m2 (410).
5112199530,Wholly or in part of fine animal hair. Weighing more than 340 g/m2 (410).
5112199540,Other. Weighing not more than 270 g/m2 (410).
5112199550,Other. Weighing more than 270 g/m2 but not more than 340 g/m2 (410).
5112199560,Other. Weighing more than 340 g/m2 (410).
5112909010,Mixed mainly or solely with cotton (410).
5112909090,Other (410).
5205210020,Ring spun (301).
5205210090,Other (301).
5205220020,Ring spun (301).
5205220090,Other (301).
5205230020,Ring spun (301).
5205230090,Other (301).
5205240020,Ring spun (301).
5205240090,Other (301).
5205260020,Ring spun (301).
5205260090,Other (301).
5205270020,Ring spun (301).
5205270090,Other (301).
5205280020,Ring spun (301).
5205280090,Other (301).
5205410020,Ring spun (301).
5205410090,Other (301).
5205420021,"Ring spun. Compact, exceeding 41 nm (301)."
5205420029,Ring spun. Other (301).
5205420090,Other (301).
5205430021,Ring spun. Compact (301).
5205430029,Ring spun. Other (301).
5205430090,Other (301).
5205440021,Ring spun. Compact (301).
5205440029,Ring spun. Other (301).
5205440090,Other (301).
5205460021,Ring spun. Compact (301).
5205460029,Ring spun. Other (301).
5205460090,Other (301).
5205470021,"Ring spun. Compact, not exceeding 102 nm (301)."
5205470029,Ring spun. Other (301).
5205470090,Other (301).
5205480020,Ring spun (301).
5205480090,Other (301).
5208112020,Poplin or broadcloth (314).
5208112040,Sheeting (313).
5208112090,Cheesecloth (226).
5208114020,Poplin or broadcloth (314).
5208114040,Sheeting (313).
5208114060,Printcloth (315).
5208114090,Cheesecloth (226).
5208118020,Poplin or broadcloth (314).
5208118090,"Cheesecloth; lawns, voiles or batistes (226)."
5208124020,Poplin or broadcloth (314).
5208124040,Sheeting (313).
5208124090,Cheesecloth (226).
5208126020,Poplin or broadcloth (314).
5208126040,Sheeting (313).
5208126060,Printcloth (315).
5208126090,Cheesecloth (226).
5208128020,Poplin or broadcloth (314).
5208128090,"Cheesecloth; lawns, voiles or batistes (226)."
5208192020,Sateens (326).
5208192090,Other (317).
5208194020,Oxford cloth (227).
5208194090,Other (220).
5208196020,Oxford cloth (227).
5208196090,Other (220).
5208198020,Oxford cloth (227).
5208198090,Other (220).
5208212020,Poplin or broadcloth (314).
5208212040,Sheeting (313).
5208212090,Cheesecloth (226).
5208214020,Poplin or broadcloth (314).
5208214040,Sheeting (313).
5208214060,Printcloth (315).
5208214090,Cheesecloth (226).
5208216020,Poplin or broadcloth (314).
5208216090,"Cheesecloth; lawns, voiles or batistes (226)."
5208224020,Poplin or broadcloth (314).
5208224040,Sheeting (313).
5208224090,Cheesecloth (226).
5208226020,Poplin or broadcloth (314).
5208226040,Sheeting (313).
5208226060,Printcloth (315).
5208226090,Cheesecloth (226).
5208228020,Poplin or broadcloth (314).
5208228090,"Cheesecloth; lawns, voiles or batistes (226)."
5208292020,Sateens (326).
5208292090,Other (317).
5208294020,Oxford cloth (227).
5208294090,Other (220).
5208296020,Oxford cloth (227).
5208296090,Other (220).
5208298020,Oxford cloth (227).
5208298090,Other (220).
5208314020,Poplin or broadcloth (314).
5208314040,Sheeting (313).
5208314090,Cheesecloth (226).
5208316020,Poplin or broadcloth (314).
5208316040,Sheeting (313).
5208316060,Printcloth (315).
5208316090,Cheesecloth (226).
5208318020,Poplin or broadcloth (314).
5208318090,"Cheesecloth; lawns, voiles or batistes (226)."
5208323020,Poplin or broadcloth (314).
5208323040,Sheeting (313).
5208323090,Cheesecloth (226).
5208324020,Poplin or broadcloth (314).
5208324040,Sheeting (313).
5208324060,Printcloth (315).
5208324090,Cheesecloth (226).
5208325020,Poplin or broadcloth (314).
5208325090,"Cheesecloth; lawns, voiles or batistes (226)."
5208392020,Sateens (326).
5208392090,Other (317).
5208394020,Oxford cloth (227).
5208394090,Other (220).
5208396020,Oxford cloth (227).
5208396090,Other (220).
5208398020,Oxford cloth (227).
5208398090,Other (220).
5208494010,Oxford cloth (218).
5208494020,Jacquard woven (220).
5208494090,Other (218).
5208496010,Oxford cloth (218).
5208496020,Jacquard woven. Of a width exceeding 127 cm (220).
5208496030,Jacquard woven. Other (220).
5208496090,Other (218).
5208498020,Jacquard woven (220).
5208498090,Other (218).
5208514020,Poplin or broadcloth (314).
5208514040,Sheeting (313).
5208514090,Cheesecloth (226).
5208516020,Poplin or broadcloth (314).
5208516040,Sheeting (313).
5208516060,Printcloth (315).
5208516090,Cheesecloth (226).
5208518020,Poplin or broadcloth (314).
5208518090,"Cheesecloth; lawns, voiles or batistes (226)."
5208523020,Poplin or broadcloth (314).
5208523035,Sheeting. Discharge printed (313).
5208523045,Sheeting. Other (313).
5208523090,Cheesecloth (226).
5208524020,Poplin or broadcloth (314).
5208524035,Sheeting. Discharge printed (313).
5208524045,Sheeting. Other (313).
5208524055,Printcloth. Discharge printed (315).
5208524065,Printcloth. Other (315).
5208524090,Cheesecloth (226).
5208525020,Poplin or broadcloth (314).
5208525090,"Cheesecloth; lawns,voiles or batistes (226)."
5208592015,Sateens. Discharge printed (326).
5208592025,Sateens. Other (326).
5208592085,Other. Discharge printed (317).
5208592095,Other. Other (317).
5208594020,Oxford cloth (227).
5208594090,Other (220).
5208596020,Oxford cloth (227).
5208596090,Other (220).
5208598020,Oxford cloth (227).
5208598090,Other (220).
5209110020,Poplin or broadcloth (314).
5209110025,Sheeting. Not napped. Osnaburg (313).
5209110035,Sheeting. Not napped. Other (313).
5209110050,Sheeting. Napped (313).
5209110090,Plain weave duck (219).
5209120020,Not napped (317).
5209120040,Napped (317).
5209190020,Satin weave or twill weave. Sateens (326).
5209190040,Satin weave or twill weave. Other (317).
5209190060,"Duck, except plain weave (219)."
5209190090,Other (220).
5209210020,Poplin or broadcloth (314).
5209210025,Sheeting. Not napped. Osnaburg (313).
5209210035,Sheeting. Not napped. Other (313).
5209210050,Sheeting. Napped (313).
5209210090,Plain weave duck (219).
5209220020,Not napped (317).
5209220040,Napped (317).
5209290020,Satin weave or twill weave. Sateens (326).
5209290040,Satin weave or twill weave. Other (317).
5209290060,"Duck, except plain weave (219)."
5209290090,Other (220).
5209316020,Poplin or broadcloth (314).
5209316025,Sheeting. Not napped. Osnaburg (313).
5209316035,Sheeting. Not napped. Other (313).
5209316050,Sheeting. Napped (313).
5209316090,Plain weave duck (219).
5209320020,Not napped (317).
5209320040,Napped (317).
5209390020,Satin weave or twill weave. Sateens (326).
5209390040,Satin weave or twill weave. Other (317).
5209390060,"Duck, except plain weave (219)."
5209390080,Other. Of a width exceeding 127 cm (220).
5209390090,Other. Other (220).
5209416020,Not napped (218).
5209416040,Napped (218).
5209420020,Blue denim. Weighing not more than 360 g/m² (225).
5209420040,Blue denim. Weighing more than 360 g/m²(225).
5209420060,Other denim. Weighing not more than 360 g/m² (218).
5209420080,Other denim. Weighing more than 360 g/m² (218).
5209430030,Not napped (218).
5209430050,Napped (218).
5209490020,Jacquard woven. Of a width exceeding 127 cm (220).
5209490040,Jacquard woven. Other (220).
5209490090,Other (218).
5209516015,Poplin or broadcloth. Discharge printed (314).
5209516025,Poplin or broadcloth. Other (314).
5209516032,Sheeting. Not napped. Discharge printed (313).
5209516035,Sheeting. Not napped. Other (313).
5209516050,Sheeting. Napped (313).
5209516090,Plain weave duck (219).
5209520020,Not napped (317).
5209520040,Napped (317).
5209590015,Satin weave or twill weave. Sateens. Discharge printed (326).
5209590025,Satin weave or twill weave. Sateens. Other (326).
5209590040,Satin weave or twill weave. Other (317).
5209590060,"Duck, except plain weave (219)."
5209590090,Other (220).
5210114020,Poplin or broadcloth (314).
5210114040,Sheeting (313).
5210114090,Cheesecloth (226).
5210116020,Poplin or broadcloth (314).
5210116040,Sheeting (313).
5210116060,Printcloth (315).
5210116090,Cheesecloth (226).
5210118020,Poplin or broadcloth (314).
5210118090,"Cheesecloth; lawns, voiles or batistes (226)."
5210192020,Sateens (326).
5210192090,Other (317).
5210194020,Oxford cloth (227).
5210194090,Other (220).
5210196020,Oxford cloth (227).
5210196090,Other (220).
5210198020,Oxford cloth (227).
5210198090,Other (220).
5210214020,Poplin or broadcloth (314).
5210214040,Sheeting (313).
5210214090,Cheesecloth (226).
5210216020,Poplin or broadcloth (314).
5210216040,Sheeting (313).
5210216060,Printcloth (315).
5210216090,Cheesecloth (226).
5210218020,Poplin or broadcloth (314).
5210218090,"Cheesecloth; lawns, voiles or batistes (226)."
5210292020,Sateens (326).
5210292090,Other (317).
5210294020,Oxford cloth (227).
5210294090,Other (220).
5210296020,Oxford cloth (227).
5210296090,Other (220).
5210298020,Oxford cloth (227).
5210298090,Other (220).
5210314020,Poplin or broadcloth (314).
5210314040,Sheeting (313).
5210314090,Cheesecloth (226).
5210316020,Poplin or broadcloth (314).
5210316040,Sheeting (313).
5210316060,Printcloth (315).
5210316090,Cheesecloth (226).
5210318020,Poplin or broadcloth (314).
5210318090,"Cheesecloth; lawns, voiles or batistes (226)."
5210392020,Sateens (326).
5210392090,Other (317).
5210394020,Oxford cloth (227).
5210394090,Other (220).
5210396020,Oxford cloth (227).
5210396090,Other (220).
5210398020,Oxford cloth (227).
5210398090,Other (220).
5210494010,Oxford cloth (218).
5210494020,Jacquard woven (220).
5210494090,Other (218).
5210496010,Oxford cloth (218).
5210496020,Jacquard woven (220).
5210496090,Other (218).
5210498020,Jacquard woven (220).
5210498090,Other (218).
5210514020,Poplin or broadcloth (314).
5210514040,Sheeting (313).
5210514090,Cheesecloth (226).
5210516020,Poplin or broadcloth (314).
5210516040,Sheeting (313).
5210516060,Printcloth (315).
5210516090,Cheesecloth (226).
5210518020,Poplin or broadcloth (314).
5210518090,"Cheesecloth; lawns, voiles or batistes (226)."
5210592020,Sateens (326).
5210592090,Other (317).
5210594020,Oxford cloth (227).
5210594090,Other (220).
5210596020,Oxford cloth (227).
5210596090,Other (220).
5210598020,Oxford cloth (227).
5210598090,Other (220).
5211110020,Poplin or broadcloth (314).
5211110025,Sheeting. Not napped. Osnaburg (313).
5211110035,Sheeting. Not napped. Other (313).
5211110050,Sheeting. Napped (313).
5211110090,Plain weave duck (219).
5211120020,Not napped (317).
5211120040,Napped (317).
5211190020,Satin weave or twill weave. Sateens (326).
5211190040,Satin weave or twill weave. Other (317).
5211190060,"Duck, except plain weave (219)."
5211190090,Other (220).
5211202120,Poplin or broadcloth (314).
5211202125,Sheeting. Not napped. Osnaburg (313).
5211202135,Sheeting. Not napped. Other (313).
5211202150,Sheeting. Napped (313).
5211202190,Plain weave duck (219).
5211202220,Not napped (317).
5211202240,Napped (317).
5211202920,Satin weave or twill weave. Sateens (326).
5211202940,Satin weave or twill weave. Other (317).
5211202960,"Duck, except plain weave (219)."
5211202990,Other (220).
5211310020,Poplin or broadcloth (314).
5211310025,Sheeting. Not napped. Osnaburg (313).
5211310035,Sheeting. Not napped. Other (313).
5211310050,Sheeting. Napped (313).
5211310090,Plain weave duck (219).
5211320020,Not napped (317).
5211320040,Napped (317).
5211390020,Satin weave or twill weave. Sateens (326).
5211390040,Satin weave or twill weave. Other (317).
5211390060,"Duck, except plain weave (219)."
5211390090,Other (220).
5211410020,Not napped (218).
5211410040,Napped (218).
5211420020,Blue denim. Weighing not more than 360 g/m² (225).
5211420040,Blue denim. Weighing more than 360 g/m² (225).
5211420060,Other denim. Weighing not more than 360 g/m² (218).
5211420080,Other denim. Weighing more than 360 g/m² (218).
5211430030,Not napped (218).
5211430050,Napped (218).
5211490020,Jacquard woven (220).
5211490090,Other (218).
5211510020,Poplin or broadcloth (314).
5211510030,Sheeting. Not napped (313).
5211510050,Sheeting. Napped (313).
5211510090,Plain weave duck (219).
5211520020,Not napped (317).
5211520040,Napped (317).
5211590015,Satin weave or twill weave. Sateens. Discharge printed (326).
5211590025,Satin weave or twill weave. Sateens. Other (326).
5211590040,Satin weave or twill weave. Other (317).
5211590060,"Duck, except plain weave (219)."
5211590090,Other (220).
5212111010,Not combed (410).
5212111020,Combed (410).
5212116010,Mixed mainly or solely with wool or fine animal hair (220).
5212116020,Other. Poplin or broadcloth (314).
5212116030,Other. Sheeting (313).
5212116040,Other. Printcloth (315).
5212116050,"Other. Cheesecloth; lawns,voiles or batistes (226)."
5212116060,Other. Satin weave or twill weave. Sateens (326).
5212116070,Other. Satin weave or twill weave. Other (317).
5212116080,Other. Oxford cloth (227).
5212116090,Other. Other (220).
5212121010,Not combed (410).
5212121020,Combed (410).
5212126010,Mixed mainly or solely with wool or fine animal hair (220).
5212126020,Other. Poplin or broadcloth (314).
5212126030,Other. Sheeting (313).
5212126040,Other. Printcloth (315).
5212126050,"Other. Cheesecloth; lawns, voiles or batistes (226)."
5212126060,Other. Satin weave or twill weave. Sateens (326).
5212126070,Other. Satin weave or twill weave. Other (317).
5212126080,Other. Oxford cloth (227).
5212126090,Other. Other (220).
5212131010,Not combed (410).
5212131020,Combed (410).
5212136010,Mixed mainly or solely with wool or fine animal hair (220).
5212136020,Other. Poplin or broadcloth (314).
5212136030,Other. Sheeting (313).
5212136040,Other. Printcloth (315).
5212136050,"Other. Cheesecloth; lawns, voiles or batistes (226)."
5212136060,Other. Satin weave or twill weave. Sateens (326).
5212136070,Other. Satin weave or twill weave. Other (317).
5212136080,Other. Oxford cloth (227).
5212136090,Other. Other (220).
5212141010,Not combed (410).
5212141020,Combed (410).
5212146010,Mixed mainly or solely with wool or fine animal hair (220).
5212146020,Other. Jacquard woven. Of a width exceeding 127 cm (220).
5212146030,Other. Jacquard woven. Other (220).
5212146090,Other. Other (218).
5212151010,Not combed (410).
5212151020,Combed (410).
5212156010,Mixed mainly or solely with wool or fine animal hair (220).
5212156020,Other. Poplin or broadcloth (314).
5212156030,Other. Sheeting (313).
5212156040,Other. Printcloth (315).
5212156050,"Other. Cheesecloth; lawns,voiles or batistes (226)."
5212156060,Other. Satin weave or twill weave. Sateens (326).
5212156070,Other. Satin weave or twill weave. Other (317).
5212156080,Other. Oxford cloth (227).
5212156090,Other. Other (220).
5212211010,Not combed (410).
5212211020,Combed (410).
5212216010,Mixed mainly or solely with wool or fine animal hair (220).
5212216020,Other. Poplin or broadcloth (314).
5212216030,Other. Sheeting (313).
5212216040,Other. Duck (219).
5212216050,Other. Satin weave or twill weave. Sateens (326).
5212216060,Other. Satin weave or twill weave. Other (317).
5212216090,Other. Other (220).
5212221010,Not combed (410).
5212221020,Combed (410).
5212226010,Mixed mainly or solely with wool or fine animal hair (220).
5212226020,Other. Poplin or broadcloth (314).
5212226030,Other. Sheeting (313).
5212226040,Other. Duck (219).
5212226050,Other. Satin weave or twill weave. Sateens (326).
5212226060,Other. Satin weave or twill weave. Other (317).
5212226090,Other. Other (220).
5212231010,Not combed (410).
5212231020,Combed (410).
5212236010,Mixed mainly or solely with wool or fine animal hair (220).
5212236020,Other. Poplin or broadcloth (314).
5212236030,Other. Sheeting (313).
5212236040,Other. Duck (219).
5212236050,Other. Satin weave or twill weave. Sateens (326).
5212236060,Other. Satin weave or twill weave. Other (317).
5212236090,Other. Other (220).
5212241010,Not combed (410).
5212241020,Combed (410).
5212246010,Mixed mainly or solely with wool or fine animal hair (220).
5212246020,Other. Blue denim (225).
5212246030,Other. Jacquard woven. Of a width exceeding 127 cm (220).
5212246040,Other. Jacquard woven. Other (220).
5212246090,Other. Other (218).
5212251010,Not combed (410).
5212251020,Combed (410).
5212256010,Mixed mainly or solely with wool or fine animal hair (220).
5212256020,Other. Poplin or broadcloth (314).
5212256030,Other. Sheeting (313).
5212256040,Other. Duck (219).
5212256050,Other. Satin weave or twill weave. Sateens (326).
5212256060,Other. Satin weave or twill weave. Other (317).
5212256090,Other. Other (220).
5309110010,Of a width exceeding 127 cm (810).
5309110090,Other (810).
5309190010,Of a width exceeding 127 cm (810).
5309190090,Other (810).
5309213005,Subject to cotton restraints. Poplin or broadcloth (314).
5309213010,Subject to cotton restraints. Sheeting (313).
5309213015,Subject to cotton restraints. Printcloth (315).
5309213020,Subject to cotton restraints. Other (220).
5309213055,Subject to man-made fiber restraints. Poplin or broadcloth (614).
5309213060,Subject to man-made fiber restraints. Sheeting (613).
5309213065,Subject to man-made fiber restraints. Printcloth (615).
5309213070,Subject to man-made fiber restraints. Other (220).
5309213090,Other (810).
5309214010,Of a width exceeding 127 cm (810).
5309214090,Other (810).
5309293005,Subject to cotton restraints. Poplin or broadcloth (314).
5309293010,Subject to cotton restraints. Sheeting (313).
5309293015,Subject to cotton restraints. Printcloth (315).
5309293020,Subject to cotton restraints. Other (220).
5309293055,Subject to man-made fiber restraints. Poplin or broadcloth (614).
5309293060,Subject to man-made fiber restraints. Sheeting (613).
5309293065,Subject to man-made fiber restraints. Printcloth (615).
5309293070,Subject to man-made fiber restraints. Other (220).
5309293090,Other (810).
5309294010,Of a width exceeding 127 cm (810).
5309294090,Other (810).
5310100020,Not over 130 cm in width.
5310100040,Over 130 cm but not over 250 cm in width.
5310100060,Over 250 cm in width.
5311003005,Subject to cotton restraints. Poplin or broadcloth (314).
5311003010,Subject to cotton restraints. Sheeting (313).
5311003015,Subject to cotton restraints. Printcloth (315).
5311003020,Subject to cotton restraints. Other (220).
5311003055,Subject to man-made fiber restraints. Poplin or broadcloth (614).
5311003060,Subject to man-made fiber restraints. Sheeting (613).
5311003065,Subject to man-made fiber restraints. Printcloth (615).
5311003070,Subject to man-made fiber restraints. Other (220).
5311003090,Other (810).
5311004010,Of true hemp fibers (810).
5311004020,Other (810).
5402113010,"Not more than 920 decitex. Monofilament; multifilament, untwisted or with twist of less than 5 turns per meter."
5402113030,"Not more than 920 decitex. Multifilament, with twist of 5 turns or more per meter (606)."
5402113050,"More than 920 decitex. Monofilament; multifilament, untwisted or with twist of less than 5 turns per meter."
5402113070,"More than 920 decitex. Multifilament, with twist of 5 turns or more per meter (606)."
5402193010,"Not more than 920 decitex. Monofilament; multifilament, untwisted or with twist of less than 5 turns per meter."
5402193030,"Not more than 920 decitex. Multifilament, with twist of 5 turns or more per meter (606)."
5402193050,"More than 920 decitex. Monofilament; multifilament, untwisted or with twist of less than 5 turns per meter."
5402193070,"More than 920 decitex. Multifilament, with twist of 5 turns or more per meter (606)."
5402203010,"Not more than 920 decitex. Monofilament; multifilament, untwisted or with twist of less than 5 turns per meter."
5402203030,"Not more than 920 decitex. Multifilament, with twist of 5 turns or more per meter (606)."
5402203050,"More than 920 decitex. Monofilament; multifilament, untwisted or with twist of less than 5 turns per meter."
5402203070,"More than 920 decitex. Multifilament, with twist of 5 turns or more per meter (606)."
5402393110,Of polyethylene (600).
5402393190,Other (600).
5402396110,Of polyethylene (600).
5402396190,Other (600).
5402440005,"Monofilament; multifilament, untwisted or with twist of less than 5 turns per meter."
5402440040,Other.
5402459010,"Monofilament; multifilament, untwisted or with twist of less than 5 turns per meter. Multifilament, partially oriented."
5402459030,"Monofilament; multifilament, untwisted or with twist of less than 5 turns per meter. Other."
5402459040,"Multifilament, with twist of 5 turns or more per meter (606)."
5402471020,Untwisted or with twist of less than 5 turns per meter.
5402471040,With twist of 5 turns or more per meter (606).
5402479020,"Monofilament; multifilament, untwisted or with twist of less than 5 turns per meter."
5402479040,"Multifilament, with twist of 5 turns or more per meter (606)."
5402480010,"Monofilament; multifilament, untwisted or with twist of less than 5 turns per meter."
5402480070,Other.
5402499115,"Monofilament; multifilament, untwisted or with twist of less than 5 turns per meter. Of polyethylene."
5402499140,"Monofilament; multifilament, untwisted or with twist of less than 5 turns per meter. Other."
5402499175,"Multifilament, with twist of 5 turns or more per meter. Of polyethylene (606)."
5402499180,"Multifilament, with twist of 5 turns or more per meter. Other (606)."
5403103020,"Monofilament; multifilament, untwisted or with twist of less than 5 turns per meter."
5403103040,"Multifilament, with twist of 5 turns or more per meter (606)."
5403310020,"Monofilament; multifilament, untwisted or with twist of less than 5 turns per meter."
5403310040,"Multifilament, with twist of 5 turns or more per meter (606)."
5403330020,"Monofilament; multifilament, untwisted or with twist of less than 5 turns per meter."
5403330040,"Multifilament, with twist of 5 turns or more per ` meter (606)."
5403399020,"Monofilament; multifilament, untwisted or with twist of less than 5 turns per meter."
5403399040,"Multifilament, with twist of 5 turns or more per meter (606)."
5404198020,Of nylon or other polyamides.
5404198040,Of polyesters.
5404198080,Other.
5406001020,Of acrylic (200).
5406001040,Of polyesters (200).
5406001090,Other (200).
5407100010,"Of polyester, weighing not more than 170 g/m² (619)."
5407100090,Other (620).
5407410010,"Suitable for making typewriter and machine ribbon, containing yarns the average decitex of which exceeds 28 but not 83, the total thread count (treating multiple (folded) or cabled yarns as single threads), of which per centimeter is not less than 59 warp and 39 filling and not more than 83 warp and 55 filling and in which the thread count of the warp does not exceed 60 percent of the total thread count of the warp and filling. With both selvages woven (621)."
5407410020,"Suitable for making typewriter and machine ribbon, containing yarns the average decitex of which exceeds 28 but not 83, the total thread count (treating multiple (folded) or cabled yarns as single threads), of which per centimeter is not less than 59 warp and 39 filling and not more than 83 warp and 55 filling and in which the thread count of the warp does not exceed 60 percent of the total thread count of the warp and filling. Other (621)."
5407410030,Other. Weighing not more than 170 g/m² (620).
5407410060,Other. Weighing more than 170 g/m² (620).
5407420030,Weighing not more than 170 g/m² (620).
5407420060,Weighing more than 170 g/m² (620).
5407432030,Weighing not more than 170 g/m² (620).
5407432060,Weighing more than 170 g/m² (620).
5407440030,Weighing not more than 170 g/m² (620).
5407440060,Weighing more than 170 g/m² (620).
5407510020,Weighing not more than 170 g/m². Flat fabrics (619).
5407510040,Weighing not more than 170 g/m². Other (619).
5407510060,Weighing more than 170 g/m² (620).
5407522020,Weighing not more than 170 g/m². Flat fabrics (619).
5407522040,Weighing not more than 170 g/m². Other (619).
5407522060,Weighing more than 170 g/m² (620).
5407532020,Weighing not more than 170 g/m². Flat fabrics (619).
5407532040,Weighing not more than 170 g/m². Other (619).
5407532060,Weighing more than 170 g/m² (620).
5407540020,Weighing not more than 170 g/m². Flat fabrics (619).
5407540040,Weighing not more than 170 g/m². Other (619).
5407540060,Weighing more than 170 g/m² (620).
5407619905,Unbleached or bleached. Weighing not more than 170 g/m². Flat fabrics (619).
5407619910,Unbleached or bleached. Weighing not more than 170 g/m². Other (619).
5407619915,Unbleached or bleached. Weighing more than 170 g/m² (620).
5407619925,Dyed. Weighing not more than 170 g/m². Flat fabrics (619).
5407619930,Dyed. Weighing not more than 170 g/m². Other (619).
5407619935,Dyed. Weighing more than 170 g/m² (620).
5407619945,Of yarns of different colors. Weighing not more than 170 g/m². Flat fabrics (619).
5407619950,Of yarns of different colors. Weighing not more than 170 g/m². Other (619).
5407619955,Of yarns of different colors. Weighing more than 170 g/m² (620).
5407619965,Printed. Weighing not more than 170 g/m². Flat fabrics (619).
5407619970,Printed. Weighing not more than 170 g/m². Other (619).
5407619975,Printed. Weighing more than 170 g/m² (620).
5407691010,Weighing not more than 170 g/m² (619).
5407691060,Weighing more than 170 g/m² (620).
5407692010,Weighing not more than 170 g/m² (619).
5407692060,Weighing more than 170 g/m² (620).
5407694010,Weighing not more than 170 g/m² (619).
5407694060,Weighing more than 170 g/m² (620).
5407699010,Weighing not more than 170 g/m² (619).
5407699060,Weighing more than 170 g/m² (620).
5407710015,Weighing not more than 170 g/m² (620).
5407710060,Weighing more than 170 g/m² (620).
5407720015,Weighing not more than 170 g/m² (620).
5407720060,Weighing more than 170 g/m² (620).
5407732015,Weighing not more than 170 g/m² (620).
5407732060,Weighing more than 170 g/m² (620).
5407740015,Weighing not more than 170 g/m² (620).
5407740060,Weighing more than 170 g/m² (620).
5407810010,Poplin or broadcloth (625).
5407810020,Sheeting (627).
5407810030,Printcloth (626).
5407810040,Satin weave or twill weave (628).
5407810090,Other (629).
5407820010,Poplin or broadcloth (625).
5407820020,Sheeting (627).
5407820030,Printcloth (626).
5407820040,Satin weave or twill weave (628).
5407820090,Other (629).
5407830010,Poplin or broadcloth (625).
5407830020,Sheeting (627).
5407830030,Printcloth (626).
5407830040,Satin weave or twill weave (628).
5407830090,Other (629).
5407840010,Poplin or broadcloth (625).
5407840020,Sheeting (627).
5407840030,Printcloth (626).
5407840040,Satin weave or twill weave (628).
5407840090,Other (629).
5407910510,Not combed (410).
5407910520,Combed (410).
5407912010,Mixed mainly or solely with artificial filaments (620).
5407912020,Other. Poplin or broadcloth (625).
5407912030,Other. Sheeting (627).
5407912040,Other. Printcloth (626).
5407912050,Other. Satin weave or twill weave (628).
5407912090,Other. Other (629).
5407920510,Not combed (410).
5407920520,Combed (410).
5407921010,Not combed (624).
5407921020,Combed (624).
5407922010,Mixed mainly or solely with artificial filaments or metalized yarn (620).
5407922020,Other. Poplin or broadcloth (625).
5407922030,Other. Sheeting (627).
5407922040,Other. Printcloth (626).
5407922050,Other. Satin weave or twill weave (628).
5407922090,Other. Other (629).
5407930510,Not combed (410).
5407930520,Combed (410).
5407932010,Mixed mainly or solely with artificial filaments or metalized yarn (620).
5407932020,Other. Poplin or broadcloth (625).
5407932030,Other. Sheeting (627).
5407932040,Other. Printcloth (626).
5407932050,Other. Satin weave or twill weave (628).
5407932090,Other. Other (629).
5407940510,Not combed (410).
5407940520,Combed (410).
5407942010,Mixed mainly or solely with artificial filaments or metalized yarns (620).
5407942020,Other. Poplin or broadcloth (625).
5407942030,Other. Sheeting (627).
5407942040,Other. Printcloth (626).
5407942050,Other. Satin weave or twill weave (628).
5407942090,Other. Other (629).
5408210030,Weighing not more than 170 g/m² (618).
5408210060,Weighing more than 170 g/m² (618).
5408229030,Weighing not more than 170 g/m² (618).
5408229060,Weighing more than 170 g/m² (618).
5408232930,Weighing not more than 170 g/m² (618).
5408232960,Weighing more than 170 g/m² (618).
5408249010,Weighing not more than 170 g/m². Discharge printed (618).
5408249020,Weighing not more than 170 g/m². Other (618).
5408249040,Weighing more than 170 g/m². Discharge printed (618).
5408249050,Weighing more than 170 g/m². Other (618).
5408310510,Not combed (410).
5408310520,Combed (410).
5408312010,Mixed mainly or solely with synthetic filaments (618).
5408312020,Other. Poplin or broadcloth (625).
5408312030,Other. Sheeting (627).
5408312040,Other. Printcloth (626).
5408312050,Other. Satin weave or twill weave (628).
5408312090,Other. Other (629).
5408320510,Not combed (410).
5408320520,Combed (410).
5408329010,Mixed mainly or solely with synthetic filaments (618).
5408329020,Other. Poplin or broadcloth (625).
5408329030,Other. Sheeting (627).
5408329040,Other. Printcloth (626).
5408329050,Other. Satin weave or twill weave (628).
5408329090,Other. Other (629).
5408330510,Not combed (410).
5408330520,Combed (410).
5408339010,Mixed mainly or solely with synthetic filaments or metalized yarn (618).
5408339020,Other. Poplin or broadcloth (625).
5408339030,Other. Sheeting(627).
5408339040,Other. Printcloth (626).
5408339050,Other. Satin weave or twill weave (628).
5408339090,Other. Other (629).
5408340510,Not combed (410).
5408340520,Combed (410).
5408349010,Mixed mainly or solely with synthetic filaments (618).
5408349020,Other. Poplin or broadcloth (625).
5408349030,Other. Sheeting(627).
5408349040,Other. Printcloth (626).
5408349050,Other. Satin weave or twill weave (628).
5408349085,Other. Other. Discharge printed (629).
5408349095,Other. Other. Other (629).
5501300010,"Containing 92 percent or more by weight of acrylonitrile units with filaments numbering fewer than 70,000 (+/-2000) with filament diameter 1.59 decitex (plus or minus 0.027) or less, or in a separable tow construction capable of being separated into tows of 70,000 (+/-2000) or fewer with filament diameter 1.59 decitex (plus or minus 0.027) or less.."
5501300090,Other.
5503200015,"Bi-component fibers having an outer copolymer sheath that melts at a lower temperature than the core, of a kind used for bonding fibers together."
5503200025,Other. Measuring less than 3.3 decitex.
5503200045,Other. Measuring 3.3 decitex or more but less than 13.2 decitex.
5503200065,Other. Measuring 13.2 decitex or more.
5505100020,Of nylon or other polyamides.
5505100040,Of polyesters.
5505100060,Other.
5509220010,"Multiple (folded), with a final ""Z"" twist (200)."
5509220090,Other (604).
5509410010,Of polyvinyl alcohol (PVA) fibers (604).
5509410090,Other (604).
5509420010,Of polyvinyl alcohol (PVA) fibers (604).
5509420090,Other (604).
5509530030,Not exceeding 52 nm (607).
5509530060,Exceeding 52 nm (607).
5511100030,Acrylic or modacrylic (200).
5511100060,Other (200).
5512110010,Poplin or broadcloth (614).
5512110022,Sheeting. Of a width exceeding 254 cm (613).
5512110027,Sheeting. Other (613).
5512110030,Printcloth (615).
5512110040,"Cheesecloth; lawns, voiles or batistes (226)."
5512110050,Duck (219).
5512110060,Satin weave or twill weave (617).
5512110070,Oxford cloth (227).
5512110090,Other (220).
5512190005,"Of yarns of different colors, except blue denim or jacquard weave (218)."
5512190010,Blue denim (225).
5512190015,Other. Poplin or broadcloth (614).
5512190022,Other. Sheeting. Of a width exceeding 254 cm (613).
5512190027,Other. Sheeting. Other (613).
5512190030,Other. Printcloth (615).
5512190035,"Other. Cheesecloth; lawns, voiles or batistes (226)."
5512190040,Other. Duck (219).
5512190045,Other. Satin weave or twill weave (617).
5512190050,Other. Oxford cloth (227).
5512190090,Other. Other (220).
5512210010,Poplin or broadcloth (614).
5512210020,Sheeting (613).
5512210030,Printcloth (615).
5512210040,"Cheesecloth; lawns, voiles or batistes (226)."
5512210050,Duck (219).
5512210060,Satin weave or twill weave (617).
5512210070,Oxford cloth (227).
5512210090,Other (220).
5512290005,"Of yarns of different colors, except blue denim or jacquard weave (218)."
5512290010,Blue denim (225).
5512290015,Other. Poplin or broadcloth (614).
5512290020,Other. Sheeting (613).
5512290025,Other. Printcloth (615).
5512290030,"Other. Cheesecloth; lawns, voiles or batistes (226)."
5512290035,Other. Duck (219).
5512290040,Other. Satin weave or twill weave (617).
5512290045,Other. Oxford cloth (227).
5512290090,Other. Other (220).
5512910010,Poplin or broadcloth (614).
5512910020,Sheeting (613).
5512910030,Printcloth (615).
5512910040,"Cheesecloth; lawns, voiles or batistes (226)."
5512910050,Duck (219).
5512910060,Satin weave or twill weave (617).
5512910070,Oxford cloth (227).
5512910090,Other (220).
5512990005,"Of yarns of different colors, except blue denim or jacquard weave (218)."
5512990010,Blue denim (225).
5512990015,Other. Poplin or broadcloth (614).
5512990020,Other. Sheeting (613).
5512990025,Other. Printcloth (615).
5512990030,"Other. Cheesecloth; lawns, voiles or batistes (226)."
5512990035,Other. Duck (219).
5512990040,Other. Satin weave or twill weave (617).
5512990045,Other. Oxford cloth (227).
5512990090,Other. Other (220).
5513110020,Poplin or broadcloth (614).
5513110040,Sheeting (613).
5513110060,Printcloth (615).
5513110090,"Cheesecloth; lawns, voiles or batistes (226)."
5513130020,Satin weave or twill weave (617).
5513130040,Oxford cloth (227).
5513130090,Other (220).
5513190010,Poplin or broadcloth (614).
5513190020,Sheeting (613).
5513190030,Printcloth (615).
5513190040,"Cheesecloth; lawns, voiles or batistes (226)."
5513190050,Satin weave or twill weave (617).
5513190060,Oxford cloth (227).
5513190090,Other (220).
5513210020,Poplin or broadcloth (614).
5513210040,Sheeting (613).
5513210060,Printcloth (615).
5513210090,"Cheesecloth; lawns, voiles or batistes (226)."
5513230121,Satin weave or twill weave (617).
5513230141,Oxford cloth (227).
5513230191,Other (220).
5513290010,Poplin or broadcloth (614).
5513290020,Sheeting (613).
5513290030,Printcloth (615).
5513290040,"Cheesecloth; lawns, voiles or batistes (226)."
5513290050,Satin weave or twill weave (617).
5513290060,Oxford cloth (227).
5513290090,Other (220).
5513390111,Jacquard weave (220).
5513390115,Oxford cloth (218).
5513390191,Other (218).
5513410020,Poplin or broadcloth (614).
5513410040,Sheeting (613).
5513410060,Printcloth (615).
5513410090,"Cheesecloth; lawns, voiles or batistes (226)."
5513492020,Satin weave or twill weave (617).
5513492040,Oxford cloth (227).
5513492090,Other (220).
5513499010,Poplin or broadcloth (614).
5513499020,Sheeting (613).
5513499030,Printcloth (615).
5513499040,"Cheesecloth; lawns, voiles or batistes (226)."
5513499050,Satin weave or twill weave (617).
5513499060,Oxford cloth (227).
5513499090,Other (220).
5514110020,Poplin or broadcloth (614).
5514110030,Sheeting. Not napped (613).
5514110050,Sheeting. Napped (613).
5514110090,Plain weave duck (219).
5514120020,Not napped (617).
5514120040,Napped (617).
5514191020,Satin weave or twill weave (617).
5514191040,"Duck, except plain weave (219)."
5514191090,Other (220).
5514199010,Poplin or broadcloth (614).
5514199020,Sheeting (613).
5514199030,Duck (219).
5514199040,Satin weave or twill weave (617).
5514199090,Other (220).
5514210020,Poplin or broadcloth (614).
5514210030,Sheeting. Not napped (613).
5514210050,Sheeting. Napped (613).
5514210090,Plain weave duck (219).
5514220020,Not napped (617).
5514220040,Napped (617).
5514230020,Satin weave or twill weave (617).
5514230040,"Duck, except plain weave (219)."
5514230090,Other (220).
5514290010,Poplin or broadcloth (614).
5514290020,Sheeting (613).
5514290030,Duck (219).
5514290040,Satin weave or twill weave (617).
5514290090,Other (220).
5514303210,Denim. Blue denim (225).
5514303215,Denim. Other denim (218).
5514303280,Other (218).
5514303310,Jacquard weave (220).
5514303390,Other (218).
5514303910,Blue denim (225).
5514303920,Jacquard weave (220).
5514303990,Other (218).
5514410020,Poplin or broadcloth (614).
5514410030,Sheeting. Not napped (613).
5514410050,Sheeting. Napped (613).
5514410090,Plain weave duck (219).
5514420020,Not napped (617).
5514420040,Napped (617).
5514430020,Satin weave or twill weave (617).
5514430040,"Duck, except plain weave (219)."
5514430090,Other (220).
5514490010,Poplin or broadcloth (614).
5514490020,Sheeting (613).
5514490030,Duck (219).
5514490040,Satin weave or twill weave (617).
5514490090,Other (220).
5515110005,"Of yarns of different colors, except blue denim or jacquard weave (218)."
5515110010,Blue denim (225).
5515110015,Other. Poplin or broadcloth (614).
5515110020,Other. Sheeting (613).
5515110025,Other. Printcloth (615).
5515110030,"Other. Cheesecloth; lawns, voiles or batistes (226)."
5515110035,Other. Duck (219).
5515110040,Other. Satin weave or twill weave (617).
5515110045,Other. Oxford cloth (227).
5515110090,Other. Other (220).
5515120010,Poplin or broadcloth (625).
5515120022,Sheeting. Of a width exceeding 254 cm (627).
5515120027,Sheeting. Other (627).
5515120030,Printcloth (626).
5515120040,Satin weave or twill weave (628).
5515120090,Other (629).
5515130510,Not combed (410).
5515130520,Combed (410).
5515131010,Not combed (624).
5515131020,Combed (624).
5515190005,"Of yarns of different colors, except blue denim or jacquard weave (218)."
5515190010,Blue denim (225).
5515190015,Other. Poplin or broadcloth (614).
5515190020,Other. Sheeting (613).
5515190025,Other. Printcloth (615).
5515190030,"Other. Cheesecloth; lawns, voiles or batistes (226)."
5515190035,Other. Duck (219).
5515190040,Other. Satin weave or twill weave (617).
5515190045,Other. Oxford cloth (227).
5515190090,Other. Other (220).
5515210010,Poplin or broadcloth (625).
5515210020,Sheeting (627).
5515210030,Printcloth (626).
5515210040,Satin weave or twill weave (628).
5515210090,Other (629).
5515220510,Not combed (410).
5515220520,Combed (410).
5515290005,"Of yarns of different colors, except blue denim or jacquard weave (218)."
5515290010,Blue denim (225).
5515290015,Other. Poplin or broadcloth (614).
5515290020,Other. Sheeting (613).
5515290025,Other. Printcloth (615).
5515290030,"Other. Cheesecloth; lawns, voiles or batistes (226)."
5515290035,Other. Duck (219).
5515290040,Other. Satin weave or twill weave (617).
5515290045,Other. Oxford cloth (227).
5515290090,Other. Other (220).
5515910010,Poplin or broadcloth (625).
5515910020,Sheeting (627).
5515910030,Printcloth (626).
5515910040,Satin weave or twill weave (628).
5515910090,Other (629).
5515990510,Not combed (410).
5515990520,Combed (410).
5515991010,Not combed (624).
5515991020,Combed (624).
5515999005,"Of yarns of different colors, except blue denim or jacquard weave (218)."
5515999010,Blue denim (225).
5515999015,Other. Poplin or broadcloth (614).
5515999020,Other. Sheeting (613).
5515999025,Other. Printcloth (615).
5515999030,"Other. Cheesecloth; lawns, voiles or batistes (226)."
5515999035,Other. Duck (219).
5515999040,Other. Satin weave or twill weave (617).
5515999045,Other. Oxford cloth (227).
5515999090,Other. Other (220).
5516110010,Plain weave (611).
5516110020,Satin weave or twill weave (611).
5516110090,Other (611).
5516120010,Plain weave (611).
5516120020,Satin weave or twill weave (611).
5516120090,Other (611).
5516140005,Plain weave. Discharge printed (611).
5516140015,Plain weave. Other (611).
5516140025,Satin weave or twill weave. Discharge printed (611).
5516140030,Satin weave or twill weave. Other (611).
5516140085,Other. Discharge printed (611).
5516140095,Other. Other (611).
5516210010,Poplin or broadcloth (625).
5516210020,Sheeting (627).
5516210030,Printcloth (626).
5516210040,Satin weave or twill weave (628).
5516210090,Other (629).
5516220010,Poplin or broadcloth (625).
5516220020,Sheeting (627).
5516220030,Printcloth (626).
5516220040,Satin weave or twill weave (628).
5516220090,Other (629).
5516230010,Poplin or broadcloth (625).
5516230020,Sheeting (627).
5516230030,Printcloth (626).
5516230040,Satin weave or twill weave (628).
5516230090,Other (629).
5516240010,Poplin or broadcloth (625).
5516240020,Sheeting (627).
5516240030,Printcloth (626).
5516240040,Satin weave or twill weave (628).
5516240085,Other. Discharge printed (629).
5516240095,Other. Other (629).
5516310510,Not combed (410).
5516310520,Combed (410).
5516320510,Not combed (410).
5516320520,Combed (410).
5516330510,Not combed (410).
5516330520,Combed (410).
5516340510,Not combed (410).
5516340520,Combed (410).
5516410010,Poplin or broadcloth (614).
5516410022,Sheeting. Of a width exceeding 127 cm (613).
5516410027,Sheeting. Other (613).
5516410030,Printcloth (615).
5516410040,"Cheesecloth; lawns, voiles or batistes (226)."
5516410050,Duck (219).
5516410060,Satin weave or twill weave (617).
5516410070,Oxford cloth (227).
5516410090,Other (220).
5516420010,Poplin or broadcloth (614).
5516420022,Sheeting. Of a width exceeding 127 cm (613).
5516420027,Sheeting. Other (613).
5516420030,Printcloth (615).
5516420040,"Cheesecloth; lawns, voiles or batistes (226)."
5516420050,Duck (219).
5516420060,Satin weave or twill weave (617).
5516420070,Oxford cloth (227).
5516420090,Other (220).
5516430010,Denim. Blue denim (225).
5516430015,Denim. Other denim (218).
5516430020,Jacquard weave (220).
5516430035,Other. Of a width exceeding 127 cm (218).
5516430080,Other. Other (218).
5516440010,Poplin or broadcloth (614).
5516440022,Sheeting. Of a width exceeding 127 cm (613).
5516440027,Sheeting. Other (613).
5516440030,Printcloth (615).
5516440040,"Cheesecloth; lawns, voiles or batistes (226)."
5516440050,Duck (219).
5516440060,Satin weave or twill weave (617).
5516440070,Oxford cloth (227).
5516440090,Other (220).
5516910010,Poplin or broadcloth (614).
5516910020,Sheeting (613).
5516910030,Printcloth (615).
5516910040,"Cheesecloth; lawns, voiles or batistes (226)."
5516910050,Duck (219).
5516910060,Satin weave or twill weave (617).
5516910070,Oxford cloth (227).
5516910090,Other (220).
5516920010,Poplin or broadcloth (614).
5516920020,Sheeting (613).
5516920030,Printcloth (615).
5516920040,"Cheesecloth; lawns, voiles or batistes (226)."
5516920050,Duck (219).
5516920060,Satin weave or twill weave (617).
5516920070,Oxford cloth (227).
5516920090,Other (220).
5516930010,Blue denim (225).
5516930020,Jacquard weave (220).
5516930090,Other (218).
5516940010,Poplin or broadcloth (614).
5516940020,Sheeting (613).
5516940030,Printcloth (615).
5516940040,"Cheesecloth; lawns, voiles or batistes (226)."
5516940050,Duck (219).
5516940060,Satin weave or twill weave (617).
5516940070,Oxford cloth (227).
5516940090,Other (220).
5601210010,"Wadding, in the piece (223)."
5601210090,Other (369).
5601220010,"Wadding, in the piece (223)."
5601220050,"Flocked swabs, other than articles of heading 3926 (669)."
5601220091,Other (669).
5601290010,Containing 85 percent or more by weight of silk or silk waste.
5601290020,Of wool or fine animal hair (469).
5601290090,Other (899).
5602109010,Of wool or fine animal hair (414).
5602109090,Other (223).
5603110010,"Impregnated, coated or covered with material other than or in addition to rubber, plastics, wood pulp or glass fibers; ""imitation suede"" (223)."
5603110070,"Nonwoven articles, ready for use and packaged for industrial, institutional or retail sale, whether or not separated, perforated or impregnated, not elsewhere specified or included (223)."
5603110095,Other (223).
5603120010,"Impregnated, coated or covered with material other than or in addition to rubber, plastics, wood pulp or glass fibers; ""imitation suede"" (223)."
5603120070,"Nonwoven articles, ready for use and packaged for industrial, institutional or retail sale, whether or not separated, perforated or impregnated, not elsewhere specified or included (223)."
5603120095,Other (223).
5603130010,"Impregnated, coated or covered with material other than or in addition to rubber, plastics, wood pulp or glass fibers; ""imitation suede"" (223)."
5603130070,"Nonwoven articles, ready for use and packaged for industrial, institutional or retail sale, whether or not separated, perforated or impregnated, not elsewhere specified or included (223)."
5603130095,Other (223).
5603149010,"Impregnated, coated or covered with material other than or in addition to rubber, plastics, wood pulp or glass fibers; ""imitation suede"" (223)."
5603149090,Other (223).
5603910010,"Impregnated, coated or covered with material other than or in addition to rubber, plastics, wood pulp or glass fibers; ""imitation suede"" (223)."
5603910090,Other (223).
5603920010,"Impregnated, coated or covered with material other than or in addition to rubber, plastics, wood pulp or glass fibers; ""imitation suede"" (223)."
5603920070,"Nonwoven articles, ready for use and packaged for industrial, institutional or retail sale, whether or not separated, perforated or impregnated, not elsewhere specified or included (223)."
5603920095,Other (223).
5603930010,"Impregnated, coated or covered with material other than or in addition to rubber, plastics, wood pulp or glass fibers; ""imitation suede"" (223)."
5603930090,Other (223).
5603941010,Of wool or fine animal hair (469).
5603941090,Other.
5603949010,"Impregnated, coated or covered with material other than or in addition to rubber, plastics, wood pulp or glass fibers; ""imitation suede"" (223)."
5603949030,"Other nonwovens, whether or not impregnated, coated or covered. Thermal bonded, of staple fibers (223)."
5603949050,"Other nonwovens, whether or not impregnated, coated or covered. Obtained by mechanical entanglement, of staple fibers (223)."
5603949070,"Other nonwovens, whether or not impregnated, coated or covered. Other. Of filaments (223)."
5603949090,"Other nonwovens, whether or not impregnated, coated or covered. Other. Of staple fibers (223)."
5606000010,Containing elastomeric filaments (201).
5606000090,Other (201).
5608110010,Hand-cast string-drawn.
5608110090,Other (229).
5608191010,"Salmon gill netting, of nylon or other polyamides (229)."
5608191020,Other (229).
5608192010,Bait bags with draw string closures.
5608192090,Other (229).
5701901010,Hand-knotted.
5701901020,Other. Of cotton (369).
5701901030,Other. Of man-made fibers (665).
5701901090,Other. Other.
5701902010,"Hand-hooked, that is, in which the tufts were inserted and knotted by hand or by means of a hand tool."
5701902020,Other. Of cotton (369).
5701902030,Other. Of man-made fibers (665).
5701902090,Other. Other.
5702109010,Of wool or fine animal hair (465).
5702109020,Of cotton (369).
5702109030,Of man-made fibers (665).
5702109090,Other.
5702392010,Of cotton (369).
5702392090,Other.
5702422020,Not made on a power-driven loom (665).
5702422080,Other (665).
5702491020,Not made on a power-driven loom (369).
5702491080,Other (369).
5703210010,Measuring not more than 5.25 m2 in area (665).
5703210090,Other (665).
5703292010,Measuring not more than 5.25 m2 in area (665).
5703292090,Other (665).
5703310030,Measuring not more than 5.25 m2 in area (665).
5703310060,"Other. In rolls of a width equal to or exceeding 1.0 meter, or in sheets measuring 1.0 meter or greater on any side (665)."
5703310085,Other. Other (665).
5703392030,Measuring not more than 5.25 m2 in area (665).
5703392090,Other (665).
5704100010,Of wool or fine animal hair (465).
5704100090,Other (665).
5704200010,Of wool or fine animal hair (465).
5704200090,Other (665).
5704900110,Of wool or fine animal hair (465).
5704900190,Other (665).
5705002005,Of wool or fine animal hair. Needlepoint (465).
5705002015,Of wool or fine animal hair. Other (465).
5705002020,Of cotton (369).
5705002030,Of man-made fibers (665).
5705002090,Other.
5801260010,With chenille yarns on one side only (224).
5801260020,Other (224).
5801275010,Over 271 grams per square meter (224).
5801275020,Other (224).
5801360010,With chenille yarns on one side only (224).
5801360020,Other (224).
5801375010,Over 271 grams per square meter (224).
5801375020,Other (224).
5801902010,Containing 85 percent or more by weight of silk or silk waste.
5801902090,Other (810).
5802200010,Containing 85 percent or more by weight of silk or silk waste.
5802200020,Of man-made fibers (224).
5802200090,Other (810).
5802300010,Containing 85 percent or more by weight of silk or silk waste.
5802300020,Of wool or fine animal hair (414).
5802300030,Of cotton; of man-made fibers (224).
5802300090,Other (810).
5803009010,Containing 85 percent or more by weight of silk or silk waste.
5803009090,Other (810).
5804109010,Containing 85 percent or more by weight of silk or silk waste.
5804109090,Other (899).
5804299010,Containing 85 percent or more by weight of silk or silk waste.
5804299090,Other (899).
5804300010,Containing 85 percent or more by weight of silk or silk waste.
5804300020,Of cotton; of man-made fibers (229).
5804300090,Other (899).
5805004010,Of man-made fibers (666).
5805004090,Other.
5806103010,Containing 85 percent or more by weight of silk or silk waste.
5806103020,Of wool or fine animal hair (414).
5806103090,Other (899).
5806200010,Containing elastomeric yarn (229).
5806200090,Other (229).
5806321010,Suitable for the manufacture of typewriter or similar ribbons of heading 9612 (621).
5806321020,Other. Of a width not exceeding 12 cm. Of polyester. With woven selvedge. Containing wire in selvedge (229).
5806321030,Other. Of a width not exceeding 12 cm. Of polyester. With woven selvedge. Other (229).
5806321040,Other. Of a width not exceeding 12 cm. Of polyester. Other (229).
5806321050,Other. Of a width not exceeding 12 cm. Of nylon. With woven selvedge. Containing wire in selvedge (229).
5806321060,Other. Of a width not exceeding 12 cm. Of nylon. With woven selvedge. Other (229).
5806321070,Other. Of a width not exceeding 12 cm. Of nylon. Other (229).
5806321080,Other. Of a width not exceeding 12 cm. Other (229).
5806321095,Other. Other (229).
5806393010,Containing 85 percent or more by weight of silk or silk waste.
5806393020,Other. Of metalized yarn (229).
5806393080,Other. Other (899).
5807100510,Of cotton (369).
5807100520,Other (669).
5807102010,Of cotton.
5807102020,Of man-made fibers.
5807102090,Other.
5807900510,Of cotton (369).
5807900520,Other (669).
5807902010,Of cotton.
5807902020,Of man-made fibers.
5807902090,Other.
5808900010,Of cotton; of man-made fibers (229).
5808900090,Other.
5810910010,Weighing over 200 g/m².
5810910020,Other.
5810929030,Labels (669).
5810929050,Other. On a ground fabric weighing less than 100 g/m² and of a width of more than 225 cm.
5810929080,Other. Other.
5903102010,"Fabrics, of yarns sheathed with poly(vinyl chloride), not otherwise impregnated, coated, covered or laminated."
5903102090,Other.
5903203010,Of wool or fine animal hair (414).
5903203090,Other.
5903903010,Of wool or fine animal hair (414).
5903903090,Other.
5907008010,"Of vegetable fibers, except cotton (810)."
5907008090,Other (229).
5910001010,Power transmission belts and belting. Belts. V-belts.
5910001020,Power transmission belts and belting. Belts. Synchronous belts.
5910001030,Power transmission belts and belting. Belts. Other.
5910001060,Power transmission belts and belting. Belting. Link.
5910001070,Power transmission belts and belting. Belting. Other.
5910001090,Other.
5911310010,Press felts.
5911310020,Dryer felts and dryer fabrics.
5911310030,Paper-forming fabrics.
5911310080,Other.
5911320010,Press felts.
5911320020,Dryer felts and dryer fabrics.
5911320030,Paper-forming fabrics.
5911320080,Other.
5911900040,"Cords, braids and the like of a kind used in industry as packing or lubricating material."
5911900080,Other.
6001910010,Over 271 grams per square meter (224).
6001910020,Other (224).
6001920010,Over 271 grams per square meter. Velour (224).
6001920020,Over 271 grams per square meter. Other (224).
6001920030,Other. Velour (224).
6001920040,Other. Other (224).
6002408020,"Open-work fabrics, warp knit (222)."
6002408080,Other (222).
6002908020,"Open-work fabrics, warp knit (222)."
6002908080,Other (222).
6004100010,Warp knit. Open-work figured fabrics (222).
6004100025,Warp knit. Other (222).
6004100085,Other (222).
6004902010,Warp knit. Open-work figured fabrics (222).
6004902025,Warp knit. Other (222).
6004902085,Other (222).
6005360010,Open-work fabrics (229).
6005360020,Other. Stitch-bonded goods (223).
6005360080,Other. Other (222).
6005370010,Open-work fabrics (229).
6005370020,Other. Stitch-bonded goods (223).
6005370080,Other. Other (222).
6005380010,Open-work fabrics (229).
6005380020,Other. Stitch-bonded goods (223).
6005380080,Other. Other (222).
6005390010,Open-work fabrics (229).
6005390020,Other. Stitch-bonded goods (223).
6005390080,Other. Other (222).
6005410010,Open-work fabrics (229).
6005410020,Other. Stitch-bonded goods (223).
6005410080,Other. Other (222).
6005420010,Open-work fabrics (229).
6005420020,Other. Stitch-bonded goods (223).
6005420080,Other. Other (222).
6005430010,Open-work fabrics (229).
6005430020,Other. Stitch-bonded goods (223).
6005430080,Other. Other (222).
6005440010,Open-work fabrics (229).
6005440020,Other. Stitch-bonded goods (223).
6005440080,Other. Other (222).
6006219020,Of single knit construction (222).
6006219080,Other (222).
6006229020,Of single knit construction (222).
6006229080,Other (222).
6006239020,Of single knit construction (222).
6006239080,Other (222).
6006249020,Of single knit construction (222).
6006249080,Other (222).
6006310020,Of double knit or interlock construction. Of nylon (222).
6006310040,Of double knit or interlock construction. Of polyester (222).
6006310060,Of double knit or interlock construction. Other (222).
6006310080,Other (222).
6006320020,Of double knit or interlock construction. Of nylon (222).
6006320040,Of double knit or interlock construction. Of polyester (222).
6006320060,Of double knit or interlock construction. Other (222).
6006320080,Other (222).
6006330020,Of double knit or interlock construction. Of nylon (222).
6006330040,Of double knit or interlock construction. Of polyester (222).
6006330060,Of double knit or interlock construction. Other (222).
6006330080,Other (222).
6006340020,Of double knit or interlock construction. Of nylon (222).
6006340040,Of double knit or interlock construction. Of polyester (222).
6006340060,Of double knit or interlock construction. Other (222).
6006340080,Other (222).
6006410025,Of double knit or interlock construction (222).
6006410085,Other (222).
6006420025,Of double knit or interlock construction (222).
6006420085,Other (222).
6006430025,Of double knit or interlock construction (222).
6006430085,Other (222).
6006440025,Of double knit or interlock construction (222).
6006440085,Other (222).
6101200010,Men's (334).
6101200020,Boys' (334).
6101302010,Men's (634).
6101302020,Boys' (634).
6101909010,Subject to cotton restraints (334).
6101909020,Subject to wool restraints (434).
6101909030,Subject to man-made fiber restraints (634).
6101909060,Other (834).
6102200010,Women's (335).
6102200020,Girls' (335).
6102302010,Women's (635).
6102302020,Girls' (635).
6102909005,Subject to cotton restraints (335).
6102909010,Subject to wool restraints (435).
6102909015,Subject to man-made fiber restraints (635).
6102909030,Other (835).
6103106010,Jackets imported as parts of suits (333).
6103106015,"Trousers, breeches and shorts imported as parts of suits (347)."
6103106030,Waistcoats imported as parts of suits (359).
6103109010,Subject to cotton restraints. Jackets imported as parts of suits (333).
6103109020,"Subject to cotton restraints. Trousers, breeches, and shorts imported as parts of suits (347)."
6103109030,Subject to cotton restraints. Waistcoats imported as parts of suits (359).
6103109040,Subject to wool restraints (443).
6103109050,Subject to man-made fiber restraints (643).
6103109080,Other (843).
6103220010,Garments described in heading 6101 (334).
6103220020,Jackets and blazers described in heading 6103 (333).
6103220030,Trousers and breeches (347).
6103220040,Shorts (347).
6103220050,Shirts (338).
6103220070,Sweaters (345).
6103220080,Other (359).
6103230005,Containing 23 percent or more by weight of wool or fine animal hair. Garments described in heading 6101 (434).
6103230007,Containing 23 percent or more by weight of wool or fine animal hair. Jackets and blazers described in heading 6103 (433).
6103230010,"Containing 23 percent or more by weight of wool or fine animal hair. Trousers, breeches and shorts (447)."
6103230025,Containing 23 percent or more by weight of wool or fine animal hair. Shirts (438).
6103230030,Containing 23 percent or more by weight of wool or fine animal hair. Sweaters (445).
6103230035,Containing 23 percent or more by weight of wool or fine animal hair. Other (459).
6103230036,Other. Garments described in heading 6101 (634).
6103230037,Other. Jackets and blazers described in heading 6103 (633).
6103230040,Other. Trousers and breeches (647).
6103230045,Other. Shorts (647).
6103230055,Other. Bib and brace overalls (659).
6103230070,Other. Sweaters (645).
6103230075,Other. Shirts (638).
6103230080,Other. Other (659).
6103290510,Garments described in heading 6101 (434).
6103290520,Jackets and blazers described in heading heading 6103 (433).
6103290530,"Trousers, breeches and shorts (447)."
6103290550,Shirts (438).
6103290560,Sweaters (445).
6103290570,Other (459).
6103291010,Garments described in heading 6101 (634).
6103291015,Jackets and blazers described in heading 6103 (633).
6103291020,Trousers and breeches (647).
6103291030,Shorts (647).
6103291040,Sweaters (645).
6103291050,Shirts (638).
6103291060,Other (659).
6103292028,Garments described in heading 6101. Containing 70 percent or more by weight of silk or silk waste (734).
6103292030,Garments described in heading 6101. Other (834).
6103292034,Jackets and blazers described in heading 6103. Containing 70 percent or more by weight of silk or silk waste (733).
6103292036,Jackets and blazers described in heading 6103. Other (833).
6103292040,"Trousers, breeches and shorts. Containing 70 percent or more by weight of silk or silk waste (747)."
6103292044,"Trousers, breeches and shorts. Other. Trousers and breeches (847)."
6103292048,"Trousers, breeches and shorts. Other. Shorts (847)."
6103292052,Shirts. Containing 70 percent or more by weight of silk or silk waste (738).
6103292054,Shirts. Other (838).
6103292058,Sweaters. Subject to cotton restraints (345).
6103292060,Sweaters. Subject to wool restraints (445).
6103292062,Sweaters. Subject to man-made fiber restraints (645).
6103292064,Sweaters. Other. Of silk. Containing 70 percent or more by weight of silk or silk waste (745).
6103292066,Sweaters. Other. Of silk. Other. Assembled in Hong Kong from knit-to-shape component parts knitted elsewhere (846).
6103292068,Sweaters. Other. Of silk. Other. Other (846).
6103292070,Sweaters. Other. Other. Assembled in Hong Kong from knit-to-shape component parts knitted elsewhere (845).
6103292074,Sweaters. Other. Other. Other (845).
6103292080,Other. Containing 70 percent or more by weight of silk or silk waste (759).
6103292082,Other. Other (859).
6103398010,Subject to cotton restraints (333).
6103398020,Subject to wool restraints (433).
6103398030,Subject to man-made fiber restraints (633).
6103398060,Other (833).
6103411010,Trousers and breeches (447).
6103411020,Shorts (447).
6103421020,Trousers and breeches. Men's (347).
6103421035,Trousers and breeches. Boys'. Imported as parts of play suits (237).
6103421040,Trousers and breeches. Boys'. Other (347).
6103421050,Shorts. Men's (347).
6103421065,Shorts. Boys'. Imported as parts of play suits (237).
6103421070,Shorts. Boys'. Other (347).
6103422010,"Insulated, for cold weather protection(359)."
6103422015,Other. Boys' sizes 2-7 (237).
6103422025,Other. Other (359).
6103431010,Trousers and breeches (447).
6103431020,Shorts (447).
6103431520,Trousers and breeches. Men's (647).
6103431535,Trousers and breeches. Boys'. Imported as parts of play suits (237).
6103431540,Trousers and breeches. Boys'. Other (647).
6103431550,Shorts. Men's (647).
6103431565,Shorts. Boys'. Imported as parts of play suits (237).
6103431570,Shorts. Boys'. Other (647).
6103432010,Containing 23 percent or more by weight of wool or fine animal hair (459).
6103432015,"Other. Insulated, for cold weather protection (659)."
6103432020,Other. Other. Men's (659).
6103432025,Other. Other. Boys' (659).
6103491010,Containing 23 percent or more by weight of wool or fine animal hair (447).
6103491020,Other. Trousers and breeches (647).
6103491060,Other. Shorts (647).
6103494010,"Trousers, breeches and shorts (747)."
6103494020,Bib and brace overalls (759).
6103498010,"Trousers, breeches and shorts. Subject to cotton restraints (347)."
6103498012,"Trousers, breeches and shorts. Subject to wool restraints (447)."
6103498014,"Trousers, breeches and shorts. Subject to man-made fiber restraints (647)."
6103498024,"Trousers, breeches and shorts. Other. Trousers and breeches (847)."
6103498026,"Trousers, breeches and shorts. Other. Shorts (847)."
6103498034,Bib and brace overalls. Subject to cotton restraints (359).
6103498036,Bib and brace overalls. Subject to wool restraints (459).
6103498038,Bib and brace overalls. Subject to man-made fiber restraints (659).
6103498060,Bib and brace overalls. Other (859).
6104196010,Jackets imported as parts of suits (335).
6104196020,Skirts and divided skirts imported as parts of suits (342).
6104196030,"Trousers, breeches and shorts imported as parts of suits (348)."
6104196040,Waistcoats imported as parts of suits (359).
6104198010,Subject to cotton restraints. Jackets imported as parts of suits (335).
6104198020,Subject to cotton restraints. Skirts and divided skirts imported as parts of suits (342).
6104198030,"Subject to cotton restraints. Trousers, breeches and shorts imported as parts of suits (348)."
6104198040,Subject to cotton restraints. Waistcoats imported as parts of suits (359).
6104198050,Subject to wool restraints (444).
6104198060,Subject to man-made fiber restraints (644).
6104198090,Other (844).
6104220010,Garments described in heading 6102; jackets and blazers described in heading 6104 (335).
6104220030,Skirts and divided skirts (342).
6104220040,Trousers and breeches (348).
6104220050,Shorts (348).
6104220060,"Blouses, shirts and tops (339)."
6104220080,Sweaters (345).
6104220090,Other (359).
6104230010,Containing 23 percent or more by weight of wool or fine animal hair. Garments described in heading 6102; jackets and blazers described in heading 6104 (435).
6104230014,Containing 23 percent or more by weight of wool or fine animal hair. Skirts and divided skirts (442).
6104230016,"Containing 23 percent or more by weight of wool or fine animal hair. Trousers, breeches and shorts (448)."
6104230020,"Containing 23 percent or more by weight of wool or fine animal hair. Blouses, shirts and tops (438)."
6104230022,Containing 23 percent or more by weight of wool or fine animal hair. Sweaters (446).
6104230024,Containing 23 percent or more by weight of wool or fine animal hair. Other (459).
6104230026,Other. Garments described in heading 6102; jackets and blazers described in heading 6104 (635).
6104230030,Other. Skirts and divided skirts (642).
6104230032,Other. Trousers and breeches (648).
6104230034,Other. Shorts (648).
6104230036,"Other. Blouses, shirts and tops (639)."
6104230040,Other. Sweaters (646).
6104230042,Other. Other (659).
6104290510,Garments described in heading 6102; jackets and blazers described in heading 6104 (435).
6104290530,Skirts and divided skirts (442).
6104290540,"Trousers, breeches and shorts (448)."
6104290560,Blouses and shirts (438).
6104290570,Sweaters (446).
6104290580,Other (459).
6104291010,Garments described in heading 6102; jackets and blazers described in heading 6104 (635).
6104291020,Skirts and divided skirts (642).
6104291030,Trousers and breeches (648).
6104291040,Shorts (648).
6104291050,"Blouses, shirts and tops (639)."
6104291060,Sweaters (646).
6104291070,Other (659).
6104292010,Garments described in heading 6102; jackets and blazers described in heading 6104. Subject to cotton restraints (335).
6104292012,Garments described in heading 6102; jackets and blazers described in heading 6104. Subject to wool restraints (435).
6104292014,Garments described in heading 6102; jackets and blazers described in heading 6104. Subject to man-made fiber restraints (635).
6104292016,Garments described in heading 6102; jackets and blazers described in heading 6104. Other. Of silk. Containing 70 percent or more by weight of silk or silk waste (735).
6104292018,Garments described in heading 6102; jackets and blazers described in heading 6104. Other. Of silk. Other (835).
6104292020,Garments described in heading 6102; jackets and blazers described in heading 6104. Other. Other (835).
6104292022,Skirts and divided skirts. Subject to cotton restraints (342).
6104292024,Skirts and divided skirts. Subject to wool restraints (442).
6104292026,Skirts and divided skirts. Subject to man-made fiber restraints (642).
6104292028,Skirts and divided skirts. Other. Of silk. Containing 70 percent or more by weight of silk or silk waste (742).
6104292030,Skirts and divided skirts. Other. Of silk. Other (842).
6104292032,Skirts and divided skirts. Other. Other (842).
6104292034,"Trousers, breeches and shorts. Subject to cotton restraints (348)."
6104292036,"Trousers, breeches and shorts. Subject to wool restraints (448)."
6104292038,"Trousers, breeches and shorts. Subject to man-made fiber restraints (648)."
6104292040,"Trousers, breeches and shorts. Other. Of silk. Containing 70 percent or more by weight of silk or silk waste (748)."
6104292041,"Trousers, breeches and shorts. Other. Of silk. Other. Trousers and breeches (847)."
6104292043,"Trousers, breeches and shorts. Other. Of silk. Other. Shorts (847)."
6104292045,"Trousers, breeches and shorts. Other. Other. Trousers and breeches (847)."
6104292047,"Trousers, breeches and shorts. Other. Other. Shorts (847)."
6104292049,"Blouses, shirts and tops. Subject to cotton restraints (339)."
6104292051,"Blouses, shirts and tops. Subject to wool restraints (438)."
6104292055,"Blouses, shirts and tops. Subject to man-made fiber restraints (639)."
6104292057,"Blouses, shirts and tops. Other. Of silk. Containing 70 percent or more by weight of silk or silk waste (739)."
6104292061,"Blouses, shirts and tops. Other. Of silk. Other (838)."
6104292063,"Blouses, shirts and tops. Other. Other (838)."
6104292065,Sweaters. Subject to cotton restraints (345).
6104292067,Sweaters. Subject to wool restraints (446).
6104292069,Sweaters. Subject to man-made fiber restraints (646).
6104292071,Sweaters. Other. Of silk. Containing 70 percent or more by weight of silk or silk waste waste (746).
6104292073,Sweaters. Other. Of silk. Other. Assembled in Hong Kong from knit-to-shape component parts knitted elsewhere (846).
6104292075,Sweaters. Other. Of silk. Other. Other (846).
6104292077,Sweaters. Other. Other. Assembled in Hong Kong from knit-to-shape component parts knitted elsewhere (845).
6104292079,Sweaters. Other. Other. Other (845).
6104292081,Other. Subject to cotton restraints (359).
6104292083,Other. Subject to wool restraints (459).
6104292085,Other. Subject to man-made fiber restraints (659).
6104292086,Other. Other. Of silk. Containing 70 percent or more by weight of silk or silk waste (759).
6104292087,Other. Other. Of silk. Other (859).
6104292090,Other. Other. Other (859).
6104392010,Subject to cotton restraints (335).
6104392020,Subject to wool restraints (435).
6104392030,Subject to man-made fiber restraints (635).
6104392040,Other. Of silk. Containing 70 percent or more by weight of silk or silk waste (735).
6104392050,Other. Of silk. Other (835).
6104392090,Other. Other (835).
6104410010,Women's (436).
6104410020,Girls' (436).
6104420010,Women's (336).
6104420020,Girls' (336).
6104431010,Women's (436).
6104431020,Girls' (436).
6104432010,Women's (636).
6104432020,Girls' (636).
6104442010,Women's (636).
6104442020,Girls' (636).
6104499010,Subject to cotton restraints (336).
6104499020,Subject to wool restraints (436).
6104499030,Subject to man-made fiber restraints (636).
6104499060,Other (836).
6104520010,Women's (342).
6104520020,Girls' (342).
6104532010,Women's (642).
6104532020,Girls' (642).
6104591005,Containing 23 percent or more by weight of wool or fine animal hair (442).
6104591030,Other. Women's (642).
6104591060,Other. Girls' (642).
6104598010,Subject to cotton restraints (342).
6104598020,Subject to wool restraints (442).
6104598030,Subject to man-made fiber restraints (642).
6104598090,Other (842).
6104610010,Trousers and breeches (448).
6104610020,Shorts (448).
6104610030,Bib and brace overalls (459).
6104621010,"Insulated, for cold weather protection (359)."
6104621020,Other. Women's (359).
6104621030,Other. Girls' (237).
6104622006,Trousers and breeches. Women's. Containing 5 percent or more by weight of elastomeric yarn or rubber thread (348).
6104622011,Trousers and breeches. Women's. Other (348).
6104622016,Trousers and breeches. Girls'. Imported as parts of playsuits. Containing 5 percent or more by weight of elastomeric yarn or rubber thread (237).
6104622021,Trousers and breeches. Girls'. Imported as parts of playsuits. Other (237).
6104622026,Trousers and breeches. Girls'. Other. Containing 5 percent or more by weight of elastomeric yarn or rubber thread (348).
6104622028,Trousers and breeches. Girls'. Other. Other (348).
6104622030,Shorts. Women's (348).
6104622050,Shorts. Girls'. Imported as parts of playsuits (237).
6104622060,Shorts. Girls'. Other (348).
6104631010,"Insulated, for cold weather protection (659)."
6104631020,Other. Women's (659).
6104631030,Other. Girls' (659).
6104631510,Trousers and breeches (448).
6104631520,Shorts (448).
6104632006,Trousers and breeches. Women's. Containing 5 percent or more by weight of elastomeric yarn or rubber thread (648).
6104632011,Trousers and breeches. Women's. Other (648).
6104632016,Trousers and breeches. Girls'. Imported as parts of playsuits. Containing 5 percent or more by weight of elastomeric yarn or rubber thread (237).
6104632021,Trousers and breeches. Girls'. Imported as parts of playsuits. Other (237).
6104632026,Trousers and breeches. Girls'. Other. Containing 5 percent or more by weight of elastomeric yarn or rubber thread (648).
6104632028,Trousers and breeches. Girls'. Other. Other (648).
6104632030,Shorts. Women's (648).
6104632050,Shorts. Girls'. Imported as parts of play suits (237).
6104632060,Shorts. Girls'. Other (648).
6104692005,Containing 23 percent or more by by weight of wool or fine animal hair (448).
6104692030,Other. Trousers and breeches (648).
6104692060,Other. Shorts (648).
6104694010,Bib and brace overalls (759).
6104694020,"Trousers, breeches and shorts (748)."
6104698010,Bib and brace overalls. Subject to cotton restraints (359).
6104698012,Bib and brace overalls. Subject to wool restraints (459).
6104698014,Bib and brace overalls. Subject to man-made fiber restraints (659).
6104698020,Bib and brace overalls. Other (859).
6104698022,"Trousers, breeches and shorts. Subject to cotton restraints (348)."
6104698024,"Trousers, breeches and shorts. Subject to wool restraints (448)."
6104698026,"Trousers, breeches and shorts. Subject to man-made fiber restraints (648)."
6104698038,"Trousers, breeches and shorts. Other. Trousers and breeches (847)."
6104698040,"Trousers, breeches and shorts. Other. Shorts (847)."
6105100010,Men's (338).
6105100020,Boys'. Imported as parts of playsuits (237).
6105100030,Boys'. Other (338).
6105202010,Men's (638).
6105202020,Boys'. Imported as parts of playsuits (237).
6105202030,Boys'. Other (638).
6105908010,Subject to cotton restraints (338).
6105908020,Subject to wool restraints (438).
6105908030,Subject to man-made fiber restraints (638).
6105908060,Other (838).
6106100010,Women's (339).
6106100020,Girls'. Imported as parts of playsuits (237).
6106100030,Girls'. Other (339).
6106201010,Women's (438).
6106201020,Girls' (438).
6106202010,Women's (639).
6106202020,Girls'. Imported as parts of playsuits (237).
6106202030,Girls'. Other (639).
6106901010,Women's (438).
6106901020,Girls' (438).
6106902510,Subject to cotton restraints (339).
6106902520,Subject to wool restraints (438).
6106902530,Subject to man-made fiber restraints (639).
6106902550,Other (838).
6106903010,Subject to cotton restraints (339).
6106903020,Subject to wool restraints (438).
6106903030,Subject to man-made fiber restraints (639).
6106903040,Other (838).
6107110010,Men's (352).
6107110020,Boys' (352).
6107120010,Men's (652).
6107120020,Boys' (652).
6107210010,Men's (351).
6107210020,Boys' (351).
6107220010,Men's (651).
6107220015,Boys'. Blanket sleepers (651).
6107220025,Boys'. Other (651).
6107910030,Sleepwear (351).
6107910040,Other. Men's (350).
6107910090,Other. Boys' (350).
6107991030,Sleepwear (651).
6107991040,Other. Men's (650).
6107991090,Other. Boys' (650).
6107995013,Sleepwear (751).
6107995015,Other (750).
6108110010,Women's (652).
6108110020,Girls' (652).
6108199010,Of cotton (352).
6108199030,Other (852).
6108210010,Women's (352).
6108210020,Girls' (352).
6108229020,Women's (652).
6108229030,Girls' (652).
6108310010,Women's (351).
6108310020,Girls' (351).
6108320010,Women's (651).
6108320015,Girls'. Blanket sleepers (651).
6108320025,Girls'. Other (651).
6108910005,Underwear. Underpants (352).
6108910015,Underwear. Other. Women's (352).
6108910025,Underwear. Other. Girls' (352).
6108910030,Other. Women's (350).
6108910040,Other. Girls' (350).
6108920005,Underwear. Underpants (652).
6108920015,Underwear. Other. Women's (652).
6108920025,Underwear. Other. Girls' (652).
6108920030,Other. Women's (650).
6108920040,Other. Girls' (650).
6108995013,Underwear (752).
6108995015,Other (750).
6109100004,"Men's or boys'. T-shirts, all white, short hemmed sleeves, hemmed bottom, crew or round neckline, or V-neck with a mitered seam at the center of the V, without pockets, trim or embroidery (352)."
6109100007,"Men's or boys'. Singlets, all white, without pockets, trim or embroidery (352)."
6109100011,Men's or boys'. Thermal undershirts (352).
6109100012,Men's or boys'. Other T-shirts. Men's (338).
6109100014,Men's or boys'. Other T-shirts. Boys' (338).
6109100018,Men's or boys'. Tank tops and other singlets. Men's (338).
6109100023,Men's or boys'. Tank tops and other singlets. Boys' (338).
6109100027,Men's or boys'. Other (338).
6109100037,Women's or girls'. Underwear (352).
6109100040,Women's or girls'. Other. T-shirts. Women's (339).
6109100045,Women's or girls'. Other. T-shirts. Girls' (339).
6109100060,Women's or girls'. Other. Tank tops. Women's (339).
6109100065,Women's or girls'. Other. Tank tops. Girls' (339).
6109100070,Women's or girls'. Other. Other (339).
6109901007,Men's or boys'. T-shirts. Men's (638).
6109901009,Men's or boys'. T-shirts. Boys' (638).
6109901013,Men's or boys'. Tank tops and singlets. Men's (638).
6109901025,Men's or boys'. Tank tops and singlets. Boys' (638).
6109901047,Men's or boys'. Thermal undershirts (652).
6109901049,Men's or boys'. Other (638).
6109901050,Women's or girls'. T-shirts. Women's (639).
6109901060,Women's or girls'. T-shirts. Girls' (639).
6109901065,Women's or girls'. Tank tops and singlets. Women's (639).
6109901070,Women's or girls'. Tank tops and singlets. Girls' (639).
6109901075,Women's or girls'. Thermal undershirts (652).
6109901090,Women's or girls'. Other (639).
6109901510,Men's or boys'. Underwear (459).
6109901520,Men's or boys'. Other (438).
6109901530,Women's or girls'. Underwear (459).
6109901540,Women's or girls'. Other (438).
6109904010,Men's or boys' (738).
6109904020,Women's or girls' (739).
6109908010,Men's or boys' (838).
6109908020,Women's or girls'. Of wool (438).
6109908030,Women's or girls'. Other (838).
6110110015,Sweaters. Men's (445).
6110110025,Sweaters. Boys' (445).
6110110030,Sweaters. Women's (446).
6110110040,Sweaters. Girls' (446).
6110110050,"Vests, other than sweater vests. Men's or boys' (459)."
6110110060,"Vests, other than sweater vests. Women's or girls' (459)."
6110110070,Other. Men's or boys' (438).
6110110080,Other. Women's or girls' (438).
6110121010,Sweaters. Men's or boys' (445).
6110121020,Sweaters. Women's or girls' (446).
6110121030,"Vests, other than sweater vests. Men's or boys' (445)."
6110121040,"Vests, other than sweater vests. Women's or girls' (446)."
6110121050,Other. Men's or boys' (445).
6110121060,Other. Women's or girls' (446).
6110122010,Sweaters. Men's (445).
6110122020,Sweaters. Boys' (445).
6110122030,Sweaters. Women's (446).
6110122040,Sweaters. Girls' (446).
6110122050,"Vests, other than sweater vests. Men's or boys' (459)."
6110122060,"Vests, other than sweater vests. Women's or girls' (459)."
6110122070,Other. Men's or boys' (438).
6110122080,Other. Women's or girls' (438).
6110190015,Sweaters. Men's (445).
6110190025,Sweaters. Boys' (445).
6110190030,Sweaters. Women's (446).
6110190040,Sweaters. Girls' (446).
6110190050,"Vests, other than sweater vests. Men's or boys' (459)."
6110190060,"Vests, other than sweater vests. Women's or girls' (459)."
6110190070,Other. Men's or boys' (438).
6110190080,Other. Women's or girls' (438).
6110201010,Sweaters. Men's or boys' (345).
6110201020,Sweaters. Women's or girls' (345).
6110201022,Vests other than sweater vests. Men's or boys' (359).
6110201024,Vests other than sweater vests. Women's or girls' (359).
6110201026,Other. Men's or boys'. Knit to shape articles described in statistical note 6 to this chapter (338).
6110201029,Other. Men's or boys'. Other (338).
6110201031,Other. Women's or girls'. Knit to shape articles described in statistical note 6 to this chapter (339).
6110201033,Other. Women's or girls'. Other (339).
6110202005,Boys' or girls' garments imported as parts of playsuits (237).
6110202010,Other. Sweaters. Men's (345).
6110202015,Other. Sweaters. Boys' (345).
6110202020,Other. Sweaters. Women's (345).
6110202025,Other. Sweaters. Girls' (345).
6110202030,"Other. Vests, other than sweater vests. Men's or boys' (359)."
6110202035,"Other. Vests, other than sweater vests. Women's or girls' (359)."
6110202041,Other. Sweatshirts. Men's (338).
6110202044,Other. Sweatshirts. Boys' (338).
6110202046,Other. Sweatshirts. Women's (339).
6110202049,Other. Sweatshirts. Girls' (339).
6110202067,Other. Other. Men's or boys'. Knit to shape articles described in statistical note 6 to this chapter (338).
6110202069,Other. Other. Men's or boys'. Other (338).
6110202077,Other. Other. Women's or girls'. Knit to shape articles described in statistical note 6 to this chapter (339).
6110202079,Other. Other. Women's or girls'. Other (339).
6110301010,Sweaters. Men's or boys' (645).
6110301020,Sweaters. Women's or girls' (646).
6110301030,"Vests, other than sweater vests. Men's or boys' (659)."
6110301040,"Vests, other than sweater vests. Women's or girls' (659)."
6110301050,Other. Men's or boys' (638).
6110301060,Other. Women's or girls' (639).
6110301510,Sweaters. Men's or boys' (445).
6110301520,Sweaters. Women's or girls' (446).
6110301530,"Vests, other than sweater vests. Men's or boys' (459)."
6110301540,"Vests, other than sweater vests. Women's or girls' (459)."
6110301550,Other. Men's or boys' (438).
6110301560,Other. Women's or girls' (438).
6110302010,Sweaters. Men's or boys' (645).
6110302020,Sweaters. Women's or girls' (646).
6110302030,"Vests, other than sweater vests. Men's or boys' (659)."
6110302040,"Vests, other than sweater vests. Women's or girls' (659)."
6110302051,Other. Men's or boys'. Knit to shape articles described in statistical note 6 to this chapter (638).
6110302053,Other. Men's or boys'. Other (638).
6110302061,Other. Women's or girls'. Knit to shape articles described in statistical note 6 to this chapter (639).
6110302063,Other. Women's or girls'. Other (639).
6110303005,Boys' and girls' garments imported as parts of playsuits (237).
6110303010,Other. Sweaters. Men's (645).
6110303015,Other. Sweaters. Boys' (645).
6110303020,Other. Sweaters. Women's (646).
6110303025,Other. Sweaters. Girls' (646).
6110303030,"Other. Vests, other than sweater vests. Men's or boys' (659)."
6110303035,"Other. Vests, other than sweater vests. Women's or girls' (659)."
6110303041,Other. Sweatshirts. Men's (638).
6110303044,Other. Sweatshirts. Boys' (638).
6110303045,Other. Sweatshirts. Women's or girls' (639).
6110303051,Other. Other. Men's or boys'. Knit to shape articles described in statistical note 6 to this chapter (638).
6110303053,Other. Other. Men's or boys'. Other (638).
6110303057,Other. Other. Women's or girls'. Knit to shape articles described in statistical note 6 to this chapter (639).
6110303059,Other. Other. Women's or girls'. Other (639).
6110901010,Sweaters. Men's or boys' (745).
6110901020,Sweaters. Women's or girls' (746).
6110901030,"Vests, other than sweater vests. Men's or boys' (759)."
6110901040,"Vests, other than sweater vests. Women's or girls' (759)."
6110901050,Other. Men's or boys' (738).
6110901060,Other. Women's or girls' (739).
6110909010,Sweaters for men or boys. Subject to cotton restraints (345).
6110909012,Sweaters for men or boys. Subject to wool restraints (445).
6110909014,Sweaters for men or boys. Subject to man-made fiber restraints (645).
6110909015,Sweaters for men or boys. Other. Of silk (846).
6110909023,Sweaters for men or boys. Other. Other (845).
6110909026,Sweaters for women or girls. Subject to cotton restraints (345).
6110909028,Sweaters for women or girls. Subject to wool restraints (446).
6110909030,Sweaters for women or girls. Subject to man-made fiber restraints (646).
6110909034,Sweaters for women or girls. Other. Of silk (846).
6110909041,Sweaters for women or girls. Other. Other (845).
6110909044,"Vests, other than sweater vests. Subject to cotton restraints. Men's or boys' (359)."
6110909046,"Vests, other than sweater vests. Subject to cotton restraints. Women's or girls' (359)."
6110909048,"Vests, other than sweater vests. Subject to wool restraints. Men's or boys' (459)."
6110909050,"Vests, other than sweater vests. Subject to wool restraints. Women's or girls' (459)."
6110909052,"Vests, other than sweater vests. Subject to man-made fiber restraints. Men's or boys' (659)."
6110909054,"Vests, other than sweater vests. Subject to man-made fiber restraints. Women's or girls' (659)."
6110909064,"Vests, other than sweater vests. Other. Men's or boys' (859)."
6110909066,"Vests, other than sweater vests. Other. Women's or girls' (859)."
6110909067,Other. Subject to cotton restraints. Men's or boys'. Knit to shape articles described in statistical note 6 to this chapter (338).
6110909069,Other. Subject to cotton restraints. Men's or boys'. Other (338).
6110909071,Other. Subject to cotton restraints. Women's or girls'. Knit to shape articles described in statistical note 6 to this chapter (339).
6110909073,Other. Subject to cotton restraints. Women's or girls'. Other (339).
6110909075,Other. Subject to wool restraints. Men's or boys' (438).
6110909077,Other. Subject to wool restraints. Women's or girls' (438).
6110909079,Other. Subject to man-made fiber restraints. Men's or boys'. Knit to shape articles described in statistical note 6 to this chapter (638).
6110909080,Other. Subject to man-made fiber restraints. Men's or boys'. Other (638).
6110909081,Other. Subject to man-made fiber restraints. Women's or girls'. Knit to shape articles described in statistical note 6 to this chapter (639).
6110909082,Other. Subject to man-made fiber restraints. Women's or girls'. Other (639).
6110909088,Other. Other. Men's or boys' (838).
6110909090,Other. Other. Women's or girls' (838).
6111206010,"Sunsuits, washsuits and similar apparel (239)."
6111206020,Sets (239).
6111206030,Other. Imported as parts of sets (239).
6111206050,Other. Babiesʼ socks and booties (239).
6111206070,Other. Other (239).
6111305010,"Sunsuits, washsuits and similar apparel (239)."
6111305015,Blanket sleepers (239).
6111305020,Sets (239).
6111305030,Other. Imported as parts of sets (239).
6111305050,Other. Babiesʼ socks and booties (239).
6111305070,Other. Other (239).
6111900510,"Sweaters, pullovers, sweatshirts, waistcoats (vests) and similar articles (439)."
6111900530,Other (439).
6111905010,"Sunsuits, playsuits and washsuits (239)."
6111905020,Sets (239).
6111905030,Other. Imported as parts of sets (239).
6111905050,Other. Babiesʼ socks and booties (239).
6111905070,Other. Other (239).
6112110010,Garments described in heading 6101 or 6102. Men's or boys' (334).
6112110020,Garments described in heading 6101 or 6102. Women's or girls (335).
6112110030,Shirts. Men's or boys' (338).
6112110040,Shirts. Women's or girls' (339).
6112110050,Trousers. Men's or boys' (347).
6112110060,Trousers. Women's or girls' (348).
6112120010,Garments described in heading 6101 or 6102. Men's or boys' (634).
6112120020,Garments described in heading 6101 or 6102. Women's or girls' (635).
6112120030,Shirts. Men's or boys' (638).
6112120040,Shirts. Women's or girls' (639).
6112120050,Trousers. Men's or boys' (647).
6112120060,Trousers. Women's or girls' (648).
6112191010,Garments described in heading 6101 or 6102. Men's or boys' (634).
6112191020,Garments described in heading 6101 or 6102. Women's or girls' (635).
6112191030,Shirts. Men's or boys' (638).
6112191040,Shirts. Women's or girls' (639).
6112191050,Trousers. Men's or boys' (647).
6112191060,Trousers. Women's or girls' (648).
6112194010,Garments described in heading 6101 or 6102. Men's or boys' (734).
6112194020,Garments described in heading 6101 or 6102. Women's or girls' (735).
6112194030,Shirts. Men's or boys' (738).
6112194040,Shirts. Women's or girls' (739).
6112194050,Trousers. Men's or boys' (747).
6112194060,Trousers. Women's or girls' (748).
6112198010,Garments described in heading 6101 or 6102. Men's or boys' (834).
6112198020,Garments described in heading 6101 or 6102. Women's or girls' (835).
6112198030,Shirts. Men's or boys' (838).
6112198040,Shirts. Women's or girls' (838).
6112198050,Trousers. Men's or boys' (847).
6112198060,Trousers. Women's or girls' (847).
6112201010,"Anoraks (including ski-jackets), windbreakers, and similar articles. Men's or boys' (634)."
6112201020,"Anoraks (including ski-jackets), windbreakers, and similar articles. Women's or girls' (635)."
6112201030,Padded sleeveless jackets. With attachments for sleeves. Men's or boys' (634).
6112201040,Padded sleeveless jackets. With attachments for sleeves. Women's or girls' (635).
6112201050,Padded sleeveless jackets. Other (659).
6112201060,Trousers and breeches. Men's or boys' (647).
6112201070,Trousers and breeches. Women's or girls' (648).
6112201080,Other. Men's or boys' (659).
6112201090,Other. Women's or girls' (659).
6112202010,Of cotton (359).
6112202020,Of wool or fine animal hair (459).
6112202030,Other (859).
6112310010,Men's (659).
6112310020,Boys' (659).
6112390010,Of cotton (359).
6112390015,Other. Containing 70 percent or more by weight of silk or silk waste (759).
6112390090,Other. Other (859).
6112410010,Of fabric containing by weight 5 percent or more elastomeric yarn or rubber thread. Women's (659).
6112410020,Of fabric containing by weight 5 percent or more elastomeric yarn or rubber thread. Girls' (659).
6112410030,Other. Women's (659).
6112410040,Other. Girls' (659).
6112490010,Of cotton (359).
6112490015,Other. Containing 70 percent or more by weight of silk or silk waste (759).
6112490090,Other. Other (859).
6113001005,Coats and jackets. Men's or boys'.
6113001010,Coats and jackets. Women's or girls'.
6113001012,Other.
6113009015,Coats and jackets. Of cotton. Men's or boys' (334).
6113009020,Coats and jackets. Of cotton. Women's or girls' (335).
6113009025,Coats and jackets. Other. Men's or boys' (634).
6113009030,Coats and jackets. Other. Women's or girls' (635).
6113009038,"Trousers, breeches and shorts. Of cotton. Men's or boys' (347)."
6113009042,"Trousers, breeches and shorts. Of cotton. Women's or girls (348)."
6113009044,"Trousers, breeches and shorts. Other. Men's or boys' (647)."
6113009052,"Trousers, breeches and shorts. Other. Women's or girls' (648)."
6113009055,Overalls and coveralls. Of cotton. Men's or boys' (359).
6113009060,Overalls and coveralls. Of cotton. Women's or girls' (359).
6113009065,Overalls and coveralls. Other. Men's or boys' (659).
6113009070,Overalls and coveralls. Other. Women's or girls' (659).
6113009074,Other. Of cotton. Men's or boys' (359).
6113009082,Other. Of cotton. Women's or girls' (359).
6113009084,Other. Other. Men's or boys' (659).
6113009086,Other. Other. Women's or girls' (659).
6114200005,Tops. Men's or boys' (338).
6114200010,Tops. Women's or girls' (339).
6114200015,Jumpers (359).
6114200020,Bodysuits and bodyshirts (359).
6114200035,"Sunsuits, washsuits, one-piece playsuits and similar apparel. Boys' (237)."
6114200040,"Sunsuits, washsuits, one-piece playsuits and similar apparel. Women's or girls' (237)."
6114200042,"Coveralls, jumpsuits and similar apparel. Insulated, for cold weather protection (359)."
6114200044,"Coveralls, jumpsuits and similar apparel. Other. Boys', sizes 2-7 (237)."
6114200046,"Coveralls, jumpsuits and similar apparel. Other. Girls' (237)."
6114200048,"Coveralls, jumpsuits and similar apparel. Other. Men's and other boys' (359)."
6114200052,"Coveralls, jumpsuits and similar apparel. Other. Women's (359)."
6114200055,Other. Men's or boys' (359).
6114200060,Other. Women's or girls' (359).
6114301010,Men's or boys' (638).
6114301020,Women's or girls' (639).
6114302010,Of fabric containing by weight 5 percent or more elastomeric yarn or rubber thread (659).
6114302030,Other. Containing 23 percent or more by weight of wool or fine animal hair (459).
6114302060,Other. Other (659).
6114303012,Jumpers. Containing 23 percent or more by weight of wool orfine animal hair (459).
6114303014,Jumpers. Other (659).
6114303020,"Sunsuits, washsuits, one-piece playsuits and similar apparel. Boys' (237)."
6114303030,"Sunsuits, washsuits, one-piece playsuits and similar apparel. Women's or girls' (237)."
6114303042,"Coveralls, jumpsuits and similar apparel. Men's or boys'. Containing 23 percent or more by weight of wool or fine animal hair (459)."
6114303044,"Coveralls, jumpsuits and similar apparel. Men's or boys'. Other (659)."
6114303052,"Coveralls, jumpsuits and similar apparel. Women's or girls'. Containing 23 percent or more by weight of wool or fine animal hair (459)."
6114303054,"Coveralls, jumpsuits and similar apparel. Women's or girls'. Other (659)."
6114303060,Other. Men's or boys' (659).
6114303070,Other. Women's or girls' (659).
6114900520,Tops. Men's or boys' (438).
6114900540,Tops. Women's or girls' (438).
6114900550,Jumpers (459).
6114900560,Other. Men's or boys' (459).
6114900570,Other. Women's or girls' (459).
6114901010,Tops. Men's or boys' (738).
6114901020,Tops. Women's or girls' (739).
6114901030,Jumpers (759).
6114901040,"Sunsuits, washsuits and similar apparel (759)."
6114901050,"Coveralls, jumpsuits and similar apparel (759)."
6114901060,Other (759).
6114909010,Tops (838).
6114909020,Jumpers (859).
6114909030,"Sunsuits, washsuits and similar apparel (859)."
6114909040,"Coveralls, jumpsuits and similar apparel (859)."
6114909045,Other. Subject to cotton restraints (359).
6114909050,Other. Subject to wool restraints (459).
6114909055,Other. Subject to man-made fiber restraints (659).
6114909070,Other. Other (859).
6115101510,Of cotton (359).
6115101520,Of wool or fine animal hair (459).
6115101540,Other (859).
6115210010,Tights (659).
6115210020,Other (632).
6115298010,Of cotton (359).
6115298020,Of wool or fine animal hair (459).
6115298040,Other (859).
6115309010,Of man-made fibers (632).
6115309030,Other (832).
6115966010,Containing 23 percent or more by weight of wool or fine animal hair (432).
6115966020,Other (632).
6115969010,Containing 23 percent or more by weight of wool or fine animal hair (432).
6115969020,Other (632).
6115991410,Containing 23 percent or more by weight of wool or fine animal hair (432).
6115991420,Other (632).
6115991910,Containing 23 percent or more by weight of wool or fine animal hair (432).
6115991920,Other (632).
6116101720,Subject to cotton restraints (331).
6116101730,Subject to man-made fiber restraints (631).
6116101740,Other (831).
6116104810,Subject to cotton restraints (331).
6116104820,Subject to man-made fiber re- straints (631).
6116104830,Other (831).
6116105510,Subject to cotton restraints (331).
6116105520,Subject to man-made fiber restraints (631).
6116105530,Other (831).
6116107510,Subject to cotton restraints (331).
6116107520,Subject to man-made fiber restraints (631).
6116107530,Other (831).
6116926410,"Terry cloth type, looped pile fabric (331)."
6116926420,"Jersey type, brushed or napped fabric (331)."
6116926430,"Lisle type, no pile, not brushed or napped (331)."
6116926440,Other (331).
6116927450,"Jersey type, brushed or napped fabric (331)."
6116927460,"Lisle type, no pile, not brushed or napped (331)."
6116927470,Other (331).
6116999510,Subject to cotton restraints (331).
6116999520,Subject to wool restraints (431).
6116999530,Subject to man-made fiber restraints (631).
6116999560,Other (831).
6117102010,Containing 23 percent or more by weight of wool or fine animal hair (459).
6117102030,Other (659).
6117106010,Of cotton (359).
6117106020,Other (859).
6117803010,"Headbands, ponytail holders and similar articles."
6117803090,Other (759).
6117808710,Of cotton (359).
6117808720,Of wool or fine animal hair (459).
6117808730,Of man-made fibers (659).
6117808770,Other (858).
6117809510,Of cotton (359).
6117809520,Of wool or fine animal hair (459).
6117809530,Of man-made fibers. Containing 23 percent or more by weight of wool or fine animal hair (459).
6117809540,Of man-made fibers. Other (659).
6117809570,Other (859).
6117901010,Of sweaters (746).
6117901020,Of blouses and shirts (739).
6117901030,Of coats and jackets (735).
6117901040,"Of trousers, breeches and shorts (748)."
6117901060,Other (759).
6117909003,Of sweaters. Of cotton (345).
6117909005,Of sweaters. Of wool or fine animal hair (446).
6117909010,Of sweaters. Of man-made fibers (646).
6117909015,Of sweaters. Other (845).
6117909020,Of blouses and shirts. Of cotton (339).
6117909025,Of blouses and shirts. Of wool or fine animal hair (438).
6117909030,Of blouses and shirts. Of man-made fibers (639).
6117909035,Of blouses and shirts. Other (838).
6117909040,Of coats and jackets. Of cotton (335).
6117909045,Of coats and jackets. Of wool or fine animal hair (435).
6117909050,Of coats and jackets. Of man-made fibers (635).
6117909055,Of coats and jackets. Other (835).
6117909060,"Of trousers, breeches and shorts. Of cotton (348)."
6117909065,"Of trousers, breeches and shorts. Of wool or fine animal hair (448)."
6117909070,"Of trousers, breeches and shorts. Of man-made fibers (648)."
6117909075,"Of trousers, breeches and shorts. Other (847)."
6117909080,Other. Of cotton (359).
6117909085,Other. Of wool or fine animal hair (459).
6117909090,Other. Of man-made fibers (659).
6117909095,Other. Other (859).
6201201110,Men's (434).
6201201120,Boys' (434).
6201202911,Men's (434).
6201202921,Boys' (434).
6201204011,Men's (434).
6201204021,Boys' (434).
6201302010,Raincoats. Men's (334).
6201302020,Raincoats. Boys' (334).
6201302025,Other. Corduroy. Men's (334).
6201302035,Other. Corduroy. Boys' (334).
6201302050,Other. Other. Men's (334).
6201302060,Other. Other. Boys' (334).
6201305005,"Padded, sleeveless jackets. With attachments for sleeves (334)."
6201305010,"Padded, sleeveless jackets. Other (359)."
6201305021,Other. Corduroy (334).
6201305031,Other. Blue denim. Men's (334).
6201305041,Other. Blue denim. Boys' (334).
6201305051,Other. Other. Men's (334).
6201305061,Other. Other. Boys' (334).
6201308005,"Padded, sleeveless jackets. With attachments for sleeves (334)."
6201308010,"Padded, sleeveless jackets. Other (359)."
6201308021,Other. Corduroy (334).
6201308031,Other. Blue denim. Men's (334).
6201308041,Other. Blue denim. Boys' (334).
6201308051,Other. Other. Men's (334).
6201308061,Other. Other. Boys' (334).
6201401510,Men's (434).
6201401520,Boys' (434).
6201402015,Raincoats. Men's (634).
6201402020,Raincoats. Boys' (634).
6201402030,Other. Men's (634).
6201402040,Other. Boys' (634).
6201403510,With attachments for sleeves (634).
6201403520,Other (659).
6201404011,Men's (434).
6201404021,Boys' (434).
6201405011,Men's (634).
6201405021,Boys' (634).
6201406010,With attachments for sleeves (634).
6201406020,Other (659).
6201406511,Men's (434).
6201406521,Boys' (434).
6201407511,Men's (634).
6201407521,Boys' (634).
6201902910,Subject to cotton restraints (334).
6201902920,Subject to wool restraints (434).
6201902930,Subject to man-made fiber restraints (634).
6201902960,Other (834).
6201904910,Subject to cotton restraints (334).
6201904920,Subject to wool restraints (434).
6201904930,Subject to man-made fiber restraints (634).
6201904960,Other (834).
6201906910,Subject to cotton restraints (334).
6201906920,Subject to wool restraints (434).
6201906930,Subject to man-made fiber restraints (634).
6201906960,Other (834).
6202201110,Women's (435).
6202201120,Girls' (435).
6202202911,Women's (435).
6202202921,Girls' (435).
6202204011,Women's (438).
6202204021,Girls' (435).
6202302010,Raincoats. Women's (335).
6202302020,Raincoats. Girls' (335).
6202302025,Other. Corduroy. Women's (335).
6202302035,Other. Corduroy. Girls' (335).
6202302050,Other. Other. Women's (335).
6202302060,Other. Other. Girls' (335).
6202305010,"Padded, sleeveless jackets. With attachments for sleeves (335)."
6202305020,"Padded, sleeveless jackets. Other (359)."
6202305026,Other. Corduroy. Women's (335).
6202305031,Other. Corduroy. Girls' (335).
6202305061,Other. Other. Women's (335).
6202305071,Other. Other. Girls' (335).
6202308010,"Padded, sleeveless jackets. With attachments for sleeves (335)."
6202308020,"Padded, sleeveless jackets. Other (359)."
6202308026,Other. Corduroy. Women's (335).
6202308031,Other. Corduroy. Girls' (335).
6202308061,Other. Other. Women's (335).
6202308071,Other. Other. Girls' (335).
6202401510,Women's (435).
6202401520,Girls' (435).
6202402005,Raincoats. Women's (635).
6202402010,Raincoats. Girls' (635).
6202402020,Other. Women's (635).
6202402030,Other. Girls' (635).
6202403510,With attachments for sleeves (635).
6202403520,Other (659).
6202404011,Women's (435).
6202404021,Girls' (435).
6202405011,Women's (635).
6202405021,Girls' (635).
6202406010,With attachments for sleeves (635).
6202406020,Other (659).
6202406511,Women's (435).
6202406521,Girls' (435).
6202407511,Women's (635).
6202407521,Girls'  (635).
6202902910,Subject to cotton restraints (335).
6202902920,Subject to wool restraints (435).
6202902930,Subject to man-made fiber restraints (635).
6202902960,Other (835).
6202904911,Subject to cotton restraints (335).
6202904921,Subject to wool restraints (435).
6202904931,Subject to man-made fiber restraints (635).
6202904961,Other (835).
6202906911,Subject to cotton restraints (335).
6202906921,Subject to wool restraints (435).
6202906931,Subject to man-made fiber restraints (635).
6202906961,Other (835).
6203122010,Men's (643).
6203122020,Boys' (643).
6203191010,Jackets imported as parts of suits (333).
6203191020,"Trousers, breeches and shorts imported as parts of suits (347)."
6203191030,Waistcoats imported as parts of suits (359).
6203199010,Subject to cotton restraints. Jackets imported as parts of suits (333).
6203199020,"Subject to cotton restraints. Trousers, breeches and shorts imported as parts of suits (347)."
6203199030,Subject to cotton restraints. Waistcoats imported as parts of suits (359).
6203199040,Subject to wool restraints (443).
6203199050,Subject to man-made fiber restraints (643).
6203199080,Other (843).
6203223010,Garments described in heading 6201 (334).
6203223015,Jackets and blazers described in heading 6203 (333).
6203223020,Trousers and breeches (347).
6203223030,Shorts (347).
6203223050,Shirts (340).
6203223060,Other (359).
6203230010,Containing 36 percent or more by weight of wool or fine animal hair. Garments described in heading 6201 (434).
6203230015,Containing 36 percent or more by weight of wool or fine animal hair. Jackets and blazers described in heading 6203 (433).
6203230020,"Containing 36 percent or more by weight of wool or fine animal hair. Trousers, breeches and shorts (447)."
6203230030,Containing 36 percent or more by weight of wool or fine animal hair. Shirts (440).
6203230040,Containing 36 percent or more by weight of wool or fine animal hair. Other (459).
6203230050,Other. Garments described in heading 6201(634).
6203230055,Other. Jackets and blazers described in heading 6203 (633).
6203230060,Other. Trousers and breeches (647).
6203230070,Other. Shorts (647).
6203230080,Other. Shirts (640).
6203230090,Other. Other (659).
6203291010,Suits (443).
6203291015,Suit-type jackets (433).
6203291020,Trousers (447).
6203291510,Garments described in heading 6201 (434).
6203291515,Jackets and blazers described in heading 6203 (433).
6203291520,"Trousers, breeches and shorts (447)."
6203291530,Shirts (440).
6203291560,Other (459).
6203292010,Garments described in heading 6201 (634).
6203292020,Jackets and blazers described in heading 6203 (633).
6203292030,Trousers and breeches (647).
6203292035,Shorts (647).
6203292050,Shirts (640).
6203292060,Other (659).
6203293010,Garments described in heading 6201. Containing 70 percent or more by weight of silk or silk waste (734).
6203293020,Garments described in heading 6201. Other (834).
6203293026,Jackets and blazers described in heading 6203. Containing 70 percent or more by weight of silk or silk waste (733).
6203293028,Jackets and blazers described in heading 6203. Other (833).
6203293030,"Trousers, breeches and shorts. Containing 70 percent or more by weight of silk or silk waste (747)."
6203293046,"Trousers, breeches and shorts. Other. Trousers and breeches (847)."
6203293048,"Trousers, breeches and shorts. Other. Shorts (847)."
6203293050,Shirts. Containing 70 percent or more by weight of silk or silk waste (740).
6203293060,Shirts. Other (840).
6203293070,Other. Containing 70 percent or more by weight of silk or silk waste (759).
6203293080,Other. Other (859).
6203315010,For suits described in Note 3(a) (443).
6203315020,Other (433).
6203319010,For suits described in Note 3(a) (443).
6203319020,Other (433).
6203322010,Corduroy. Men's (333).
6203322020,Corduroy. Boys' (333).
6203322030,Blue denim (333).
6203322040,Other. Men's (333).
6203322050,Other. Boys' (333).
6203331030,Men's. For suits described in Note 3(a) (443).
6203331040,Men's. Other (433).
6203331050,Boys'. For suits described in Note 3(a) (443).
6203331060,Boys'. Other (433).
6203332010,Men's (633).
6203332020,Boys' (633).
6203391010,For suits described in Note 3(a) (443).
6203391020,Other (433).
6203392010,Men's (633).
6203392020,Boys' (633).
6203399010,Subject to cotton restraints (333).
6203399020,Subject to wool restraints (433).
6203399030,Subject to man-made fiber restraints (633).
6203399060,Other (833).
6203410110,Men's (447).
6203410120,Boys' (447).
6203410310,Men's (447).
6203410320,Boys' (447).
6203410610,Trousers and breeches. Men's (447).
6203410620,Trousers and breeches. Boys' (447).
6203410630,Shorts (447).
6203412510,Men's (447).
6203412520,Boys' (447).
6203413010,Men's (447).
6203413020,Boys' (447).
6203416010,Trousers and breeches. Men's (447).
6203416020,Trousers and breeches. Boys'  (447).
6203416030,Shorts (447).
6203420505,Insulated for cold weather protection (359).
6203420510,Other. Men's (359).
6203420525,"Other. Boys', sizes 2-7. Imported as parts of playsuits (237)."
6203420550,"Other. Boys', sizes 2-7. Other (237)."
6203420590,Other. Other (359).
6203420703,"Containing compact yarns described in statistical reporting numbers 5205.42.0021, 5205.43.0021 5205.44.0021, 5205.46.0021 or 5205.47.0021 (347)."
6203420706,Other. Men's trousers and breeches. Corduroy (347).
6203420711,Other. Men's trousers and breeches. Blue denim (347).
6203420716,Other. Men's trousers and breeches. Other (347).
6203420721,Other. Boys' trousers and breeches. Corduroy. Imported as parts of playsuits (237).
6203420726,Other. Boys' trousers and breeches. Corduroy. Other (347).
6203420731,Other. Boys' trousers and breeches. Blue denim. Imported as parts of playsuits (237).
6203420736,Other. Boys' trousers and breeches. Blue denim. Other (347).
6203420741,Other. Boys' trousers and breeches. Other. Imported as parts of playsuits (237).
6203420746,Other. Boys' trousers and breeches. Other. Other (347).
6203420751,Other. Men's shorts (347).
6203420756,Other. Boys' shorts. Imported as parts of playsuits (237).
6203420761,Other. Boys' shorts. Other (347).
6203422505,"Insulated, for cold weather protection (359)."
6203422510,Other. Men's (359).
6203422525,"Other. Boys', sizes 2-7. Imported as parts of playsuits (237)."
6203422550,"Other. Boys', sizes 2-7. Other (237)."
6203422590,Other. Other (359).
6203424503,"Containing compact yarns described in statistical reporting numbers 5205.42.0021, 5205.43.0021 5205.44.0021, 5205.46.0021 or 5205.47.0021 (347)."
6203424506,Other. Men's trousers and breeches. Corduroy (347).
6203424511,Other. Men's trousers and breeches. Blue denim (347).
6203424514,"Other. Men's trousers and breeches. Designed for use in hospitals, clinics, laboratories or contaminated areas (347)."
6203424518,Other. Men's trousers and breeches. Other (347).
6203424521,Other. Boys' trousers and breeches. Corduroy. Imported as parts of playsuits (237).
6203424526,Other. Boys' trousers and breeches. Corduroy. Other (347).
6203424531,Other. Boys' trousers and breeches. Blue denim. Imported as parts of playsuits (237).
6203424536,Other. Boys' trousers and breeches. Blue denim. Other (347).
6203424541,Other. Boys' trousers and breeches. Other. Imported as parts of playsuits (237).
6203424546,Other. Boys' trousers and breeches. Other. Other (347).
6203424551,Other. Men's shorts (347).
6203424556,Other. Boys' shorts. Imported as parts of playsuits (237).
6203424561,Other. Boys' shorts. Other (347).
6203430505,"Insulated, for cold weather protection (659)."
6203430510,Other. Men's (659).
6203430525,"Other. Boys', sizes 2-7. Imported as parts of playsuits (237)."
6203430550,"Other. Boys', sizes 2-7. Other (237)."
6203430590,Other. Other (659).
6203430910,Trousers and breeches. Men's (447).
6203430920,Trousers and breeches. Boys' (447).
6203430930,Shorts (447).
6203431110,Ski/snowboard pants (647).
6203431190,Other (647).
6203431310,Trousers and breeches. Men's (647).
6203431315,Trousers and breeches. Boys'. Imported as parts of playsuits (237).
6203431320,Trousers and breeches. Boys'. Other (647).
6203431330,Shorts. Men's (647).
6203431335,Shorts. Boys'. Imported as parts of playsuits (257).
6203431340,Shorts. Boys'. Other (647).
6203436005,"Insulated, for cold weather protection (659)."
6203436010,Other. Men's (659).
6203436025,"Other. Boys', sizes 2-7. Imported as parts of playsuits (237)."
6203436050,"Other. Boys', sizes 2-7. Other (237)."
6203436090,Other. Other (659).
6203437010,Trousers and breeches. Men's (447).
6203437020,Trousers and breeches. Boys' (447).
6203437030,Shorts (447).
6203437510,Ski/snowboard pants (647).
6203437590,Other (647).
6203439009,"Trousers and breeches. Men’s. Designed for use in hospitals, clinics, laboratories or contaminated areas (647)."
6203439011,Trousers and breeches. Men’s. Other (647).
6203439015,Trousers and breeches. Boys'. Imported as parts of playsuits (237).
6203439020,Trousers and breeches. Boys'. Other (647).
6203439030,Shorts. Men's (647).
6203439035,Shorts. Boys'. Imported as parts of playsuits (237).
6203439040,Shorts. Boys'. Other (647).
6203490105,"Insulated, for cold weather protection (659)."
6203490110,Other. Men's (659).
6203490125,"Other. Boys', sizes 2-7. Imported as parts of playsuits (237)."
6203490150,"Other. Boys', sizes 2-7. Other (237)."
6203490190,Other. Other (659).
6203490505,Containing 36 percent or more by weight of wool or fine animal hair (447).
6203490515,Other. Trousers and breeches. Men's (647).
6203490520,Other. Trousers and breeches. Boys'. Imported as parts of playsuits (237).
6203490530,Other. Trousers and breeches. Boys'. Other (647).
6203490545,Other. Shorts. Men's (647).
6203490550,Other. Shorts. Boys'. Imported as parts of playsuits (237).
6203490560,Other. Shorts. Boys'. Other (647).
6203490710,Bib and brace overalls (759).
6203490720,Trousers and breeches (747).
6203490730,Shorts (747).
6203490910,Bib and brace overalls (859).
6203490920,Trousers and breeches. Subject to cotton restraints (347).
6203490925,Trousers and breeches. Subject to wool restraints (447).
6203490930,Trousers and breeches. Subject to man-made fiber restraints (647).
6203490945,Trousers and breeches. Other (847).
6203490960,Shorts (847).
6203492505,"Insulated, for cold weather protection (659)."
6203492510,Other. Men's (659).
6203492525,"Other. Boys', sizes 2-7. Imported as parts of playsuits (237)."
6203492550,"Other. Boys', sizes 2-7. Other (237)."
6203492590,Other. Other (659).
6203495005,Containing 36 percent or more by weight of wool or fine animal hair (447).
6203495015,Other. Trousers and breeches. Men's (647).
6203495020,Other. Trousers and breeches. Boys'. Imported as parts of playsuits (237).
6203495030,Other. Trousers and breeches. Boys'. Other (647).
6203495045,Other. Shorts. Men's (647).
6203495050,Other. Shorts. Boys'. Imported as parts of playsuits (237).
6203495060,Other. Shorts. Boys'. Other (647).
6203496010,Bib and brace overalls (759).
6203496020,Trousers and breeches (747).
6203496030,Shorts (747).
6203499010,Bib and brace overalls (859).
6203499020,Trousers and breeches. Subject to cotton restraints (347).
6203499025,Trousers and breeches. Subject to wool restraints (447).
6203499030,Trousers and breeches. Subject to man-made fiber restraints (647).
6203499045,Trousers and breeches. Other (847).
6203499060,Shorts (847).
6204120010,Jackets imported as parts of suits (335).
6204120020,Skirts and divided skirts imported as parts of suits (342).
6204120030,"Trousers, breeches and shorts imported as parts of suits (348)."
6204120040,Waistcoats imported as parts of suits (359).
6204132010,Women's (644).
6204132020,Girls' (644).
6204198010,Subject to cotton restraints. Jackets imported as parts of suits (335).
6204198020,Subject to cotton restraints. Skirts and divided skirts imported as parts of suits (342).
6204198030,"Subject to cotton restraints. Trousers, breeches and shorts imported as parts of suits (348)."
6204198040,Subject to cotton restraints. Waistcoats imported as parts of suits (359).
6204198050,Subject to wool restraints (444).
6204198060,Subject to man-made fiber restraints (644).
6204198090,Other (844).
6204210010,Garments described in heading 6202; jackets and blazers described in heading 6204 (435).
6204210030,Skirts and divided skirts (442).
6204210040,"Trousers, breeches and shorts (448)."
6204210060,Blouses and shirts (440).
6204210070,Other (459).
6204223010,Garments described in heading 6202; jackets and blazers described in heading 6204 (335).
6204223030,Skirts and divided skirts (342).
6204223040,Trousers and breeches (348).
6204223050,Shorts (348).
6204223060,Blouses and shirts. With two or more colors in the warp and/or filling (341).
6204223065,Blouses and shirts. Other (341).
6204223070,Other (359).
6204230005,Containing 36 percent or more by weight of wool or fine animal hair. Garments described in heading 6202; jackets and blazers described in heading 6204 (435).
6204230010,Containing 36 percent or more by weight of wool or fine animal hair. Skirts and divided skirts (442).
6204230015,"Containing 36 percent or more by weight of wool or fine animal hair. Trousers, breeches and shorts (448)."
6204230020,Containing 36 percent or more by weight of wool or fine animal hair. Blouses and shirts (440).
6204230025,Containing 36 percent or more by weight of wool or fine animal hair. Other (459).
6204230030,Other. Garments described in heading 6202; jackets and blazers described in heading 6204 (635).
6204230035,Other. Skirts and divided skirts (642).
6204230040,Other. Trousers and breeches (648).
6204230045,Other. Shorts (648).
6204230050,Other. Blouses and shirts. With two or more colors in the warp and/or filling (641).
6204230055,Other. Blouses and shirts. Other (641).
6204230060,Other. Other (659).
6204292010,Garments described in heading 6202; jackets and blazers described in heading 6204 (635).
6204292015,Skirts and divided skirts.(642).
6204292020,Trousers and breeches (648).
6204292025,Shorts (648).
6204292030,Blouses and shirts. With two or more colors in the warp and/or filling (641).
6204292040,Blouses and shirts. Other (641).
6204292050,Other (659).
6204294010,Garments described in heading 6202; jackets and blazers described in heading 6204. Subject to cotton restraints (335).
6204294012,Garments described in heading 6202; jackets and blazers described in heading 6204. Subject to wool restraints (435).
6204294014,Garments described in heading 6202; jackets and blazers described in heading 6204. Subject to man-made fiber restraints (635).
6204294016,Garments described in heading 6202; jackets and blazers described in heading 6204. Other. Of silk. Containing 70 percent or more by weight of silk or silk waste (735).
6204294018,Garments described in heading 6202; jackets and blazers described in heading 6204. Other. Of silk. Other (835).
6204294020,Garments described in heading 6202; jackets and blazers described in heading 6204. Other. Other (835).
6204294022,Skirts and divided skirts. Subject to cotton restraints (342).
6204294024,Skirts and divided skirts. Subject to wool restraints (442).
6204294026,Skirts and divided skirts. Subject to man-made fiber restraints (642).
6204294028,Skirts and divided skirts. Other. Of silk. Containing 70 percent or more by weight of silk or silk waste (742).
6204294030,Skirts and divided skirts. Other. Of silk. Other (842).
6204294032,Skirts and divided skirts. Other. Other (842).
6204294034,"Trousers, breeches and shorts. Subject to cotton restraints (348)."
6204294036,"Trousers, breeches and shorts. Subject to wool restraints (448)."
6204294038,"Trousers, breeches and shorts. Subject to man-made fiber restraints (648)."
6204294040,"Trousers, breeches and shorts. Other. Of silk. Containing 70 percent or more by weight of silk or silk waste (748)."
6204294041,"Trousers, breeches and shorts. Other. Of silk. Other. Trousers and breeches (847)."
6204294043,"Trousers, breeches and shorts. Other. Of silk. Other. Shorts (847)."
6204294047,"Trousers, breeches and shorts. Other. Other. Trousers and breeches (847)."
6204294049,"Trousers, breeches and shorts. Other. Other. Shorts (847)."
6204294070,Blouses and shirts. Subject to cotton restraints (341).
6204294072,Blouses and shirts. Subject to wool restraints (440).
6204294074,Blouses and shirts. Subject to man-made fiber restraints (641).
6204294076,Blouses and shirts. Other. Of silk. Containing 70 percent or more by weight of silk or silk waste (741).
6204294078,Blouses and shirts. Other. Of silk. Other (840).
6204294080,Blouses and shirts. Other. Other (840).
6204294082,Other. Subject to cotton restraints (359).
6204294084,Other. Subject to wool restraints (459).
6204294086,Other. Subject to man-made fiber restraints (659).
6204294088,Other. Other. Of silk. Containing 70 percent or more by weight of silk or silk waste (759).
6204294090,Other. Other. Of silk. Other (859).
6204294092,Other. Other. Other (859).
6204311010,Women's (435).
6204311020,Girls' (435).
6204312010,Women's (435).
6204312020,Girls' (435).
6204322010,Corduroy. Women's (335).
6204322020,Corduroy. Girls' (335).
6204322030,Other. Women's (335).
6204322040,Other. Girls' (335).
6204334010,Women's (435).
6204334020,Girls' (435).
6204335010,Women's (635).
6204335020,Girls' (635).
6204392010,Women's (435).
6204392020,Girls' (435).
6204393010,Women's (635).
6204393020,Girls' (635).
6204398010,Subject to cotton restraints (335).
6204398020,Subject to wool restraints (435).
6204398030,Subject to man-made fiber restraints (635).
6204398050,Other. Of silk (835).
6204398060,Other. Other (835).
6204412010,Women's (436).
6204412020,Girls' (436).
6204423010,Corduroy. Women's (336).
6204423020,Corduroy. Girls' (336).
6204423030,Other. With two or more colors in the warp and/or the filling. Women's (336).
6204423040,Other. With two or more colors in the warp and/or the filling. Girls' (336).
6204423050,Other. Other. Women's (336).
6204423060,Other. Other. Girls' (336).
6204433010,Women's (436).
6204433020,Girls' (436).
6204434010,With two or more colors in the warp and/or the filling. Women's (636).
6204434020,With two or more colors in the warp and/or the filling. Girls' (636).
6204434030,Other. Women's (636).
6204434040,Other. Girls' (636).
6204443010,Women's (436).
6204443020,Girls' (436).
6204444010,Women's (636).
6204444020,Girls' (636).
6204495010,Subject to cotton restraints (336).
6204495020,Subject to wool restraints (436).
6204495030,Subject to man-made fiber restraints (636).
6204495050,Other. Of silk (836).
6204495060,Other. Other (836).
6204510010,Women's (442).
6204510020,Girls' (442).
6204522010,Corduroy. Women's (342).
6204522020,Corduroy. Girls' (342).
6204522030,Blue denim. Women's (342).
6204522040,Blue denim. Girls' (342).
6204522070,Other. Women's (342).
6204522080,Other. Girls' (342).
6204532010,Women's (442).
6204532020,Girls' (442).
6204533010,Women's (642).
6204533020,Girls' (642).
6204592010,Women's (442).
6204592020,Girls' (442).
6204593010,Women's (642).
6204593020,Girls' (642).
6204594010,Subject to cotton restraints (342).
6204594020,Subject to wool restraints (442).
6204594030,Subject to man-made fiber restraints (642).
6204594040,Other. Of silk. Containing 70 percent or more by weight of silk or silk waste (742).
6204594050,Other. Of silk. Other (842).
6204594060,Other. Other (842).
6204610510,Women's (448).
6204610520,Girls' (448).
6204611510,Trousers and breeches. Women's (448).
6204611520,Trousers and breeches. Girls' (448).
6204611530,Shorts (448).
6204611540,Bib and brace overall (459).
6204616010,Women's (448).
6204616020,Girls' (448).
6204618010,Trousers and breeches. Women's (448).
6204618020,Trousers and breeches. Girls' (448).
6204618030,Shorts (448).
6204618040,Bib and brace overalls (459).
6204620505,"Insulated, for cold weather protection (359)."
6204620510,Other. Women's (359).
6204620525,Other. Girls'. Imported as parts of playsuits (237).
6204620550,Other. Girls'. Other (237).
6204621503,"Containing compact yarns described in statistical reporting numbers 5205.42.0021, 5205.43.0021, 5205.44.0021, 5205.46.0021 or 5205.47.0021 (348)."
6204621506,Other. Women's trousers and breeches. Corduroy (348).
6204621511,Other. Women's trousers and breeches. Blue denim (348).
6204621521,Other. Women's trousers and breeches. Other (348).
6204621526,Other. Girls' trousers and breeches. Corduroy. Imported as parts of playsuits (237).
6204621531,Other. Girls' trousers and breeches. Corduroy. Other (348).
6204621536,Other. Girls' trousers and breeches. Blue denim. Imported as parts of playsuits (237).
6204621541,Other. Girls' trousers and breeches. Blue denim. Other (348).
6204621546,Other. Girls' trousers and breeches. Other. Imported as parts of playsuits (237).
6204621551,Other. Girls' trousers and breeches. Other. Other (348).
6204621556,Other. Women's shorts (348).
6204621561,Other. Girls' shorts. Imported as parts of playsuits (237).
6204621566,Other. Girls' shorts. Other (348).
6204626005,"Insulated, for cold weather protection (359)."
6204626010,Other. Women's (359).
6204626025,Other. Girls'. Imported as parts of playsuits (237).
6204626050,Other. Girls'. Other (237).
6204628003,"Containing compact yarns described in statistical reporting numbers 5205.42.0021, 5205.43.0021, 5205.44.0021, 5205.46.0021 or 5205.47.0021 (348)."
6204628006,Other. Women's trousers and breeches. Corduroy (348).
6204628011,Other. Women's trousers and breeches. Blue denim (348).
6204628014,"Other. Women's trousers and breeches. Designed for use in hospitals, clinics, laboratories or contaminated areas (348)."
6204628018,Other. Women's trousers and breeches. Other (348).
6204628026,Other. Girls' trousers and breeches. Corduroy. Imported as parts of playsuits (237).
6204628031,Other. Girls' trousers and breeches. Corduroy. Other (348).
6204628036,Other. Girls' trousers and breeches. Blue denim. Imported as parts of playsuits (237).
6204628041,Other. Girls' trousers and breeches. Blue denim. Other (348).
6204628046,Other. Girls' trousers and breeches. Other. Imported as parts of playsuits (237).
6204628051,Other. Girls' trousers and breeches. Other. Other (348).
6204628056,Other. Women's shorts (348).
6204628061,Other. Girls' shorts. Imported as parts of playsuits (237).
6204628066,Other. Girls' shorts. Other (348).
6204630305,"Insulated, for cold weather protection (659)."
6204630310,Other. Women's (659).
6204630325,Other. Girls'. Imported as parts of playsuits (237).
6204630350,Other. Girls'. Other (237).
6204630810,Women's (448).
6204630820,Girls' (448).
6204630910,Ski/snowboard pants (648).
6204630990,Other (648).
6204631110,Trousers and breeches. Women's (648).
6204631125,Trousers and breeches. Girls'. Imported as parts of playsuits (237).
6204631130,Trousers and breeches. Girls'. Other (648).
6204631132,Shorts. Women's (648).
6204631135,Shorts. Girls'. Imported as parts of playsuits (237).
6204631140,Shorts. Girls'. Other (648).
6204636005,"Insulated, for cold weather protection (659)."
6204636010,Other. Women's (659).
6204636025,Other. Girls'. Imported as parts of playsuits (237).
6204636050,Other. Girls'. Other (237).
6204637010,Women's (448).
6204637020,Girls' (448).
6204637510,Ski/snowboard pants (648).
6204637590,Other (648).
6204639009,"Trousers and breeches. Women's. Designed for use in hospitals, clinics, laboratories or contaminated areas (648)."
6204639011,Trousers and breeches. Women's. Other (648).
6204639025,Trousers and breeches. Girls'. Imported as parts of playsuits (237).
6204639030,Trousers and breeches. Girls'. Other (648).
6204639032,Shorts. Women's (648).
6204639035,Shorts. Girls'. Imported as parts of playsuits (237).
6204639040,Shorts. Girls'. Other (648).
6204690105,"Insulated, for cold weather protection (659)."
6204690110,Other. Women's (659).
6204690125,Other. Girls'. Imported as parts of playsuits (237).
6204690150,Other. Girls'. Other.
6204690210,Trousers and breeches. Women's (448).
6204690220,Trousers and breeches. Girls' (448).
6204690230,Shorts (448).
6204690310,Trousers and breeches. Women's (648).
6204690320,Trousers and breeches. Girls'. Imported as parts of playsuits (237).
6204690330,Trousers and breeches. Girls'. Other (648).
6204690340,Shorts. Women's (648).
6204690350,Shorts. Girls'. Imported as parts of playsuits (237).
6204690360,Shorts. Girls'. Other (648).
6204690410,"Trousers, breeches and shorts (748)."
6204690420,Bib and brace overalls (759).
6204690510,"Trousers, breeches and shorts. Subject to cotton restraints (348)."
6204690520,"Trousers, breeches and shorts. Subject to wool restraints (448)."
6204690530,"Trousers, breeches and shorts. Subject to man-made fiber restraints (648)."
6204690540,"Trousers, breeches and shorts. Other. Trousers and breeches (847)."
6204690550,"Trousers, breeches and shorts. Other. Shorts (847)."
6204690570,Bib and brace overalls (859).
6204690610,"Trousers, breeches and shorts. Subject to cotton restraints (348)."
6204690620,"Trousers, breeches and shorts. Subject to wool restraints (448)."
6204690630,"Trousers, breeches and shorts. Subject to man-made fiber restraints (648)."
6204690644,"Trousers, breeches and shorts. Other. Trousers and breeches (847)."
6204690646,"Trousers, breeches and shorts. Other. Shorts (847)."
6204690650,Bib and brace overalls (859).
6204691505,"Insulated, for cold weather protection (659)."
6204691510,Other. Women's (659).
6204691525,Other. Girls'. Imported as parts of playsuits (237).
6204691550,Other. Girls'. Other (237).
6204692210,Trousers and breeches. Women's (448).
6204692220,Trousers and breeches. Girls' (448).
6204692230,Shorts (448).
6204692810,Trousers and breeches. Women's (648).
6204692820,Trousers and breeches. Girls'. Imported as parts of playsuits (237).
6204692830,Trousers and breeches. Girls'. Other (648).
6204692840,Shorts. Women's (648).
6204692850,Shorts. Girls'. Imported as parts of playsuits (237).
6204692860,Shorts. Girls'. Other (648).
6204694510,"Trousers, breeches and shorts (748)."
6204694520,Bib and brace overalls (759).
6204696510,"Trousers, breeches and shorts. Subject to cotton restraints (348)."
6204696520,"Trousers, breeches and shorts. Subject to wool restraints (448)."
6204696530,"Trousers, breeches and shorts. Subject to man-made fiber restraints (648)."
6204696540,"Trousers, breeches and shorts. Other. Trousers and breeches (847)."
6204696550,"Trousers, breeches and shorts. Other. Shorts (847)."
6204696570,Bib and brace overalls (859).
6204698010,"Trousers, breeches and shorts. Subject to cotton restraints (348)."
6204698020,"Trousers, breeches and shorts. Subject to wool restraints (448)."
6204698030,"Trousers, breeches and shorts. Subject to man-made fiber restraints (648)."
6204698044,"Trousers, breeches and shorts. Other. Trousers and breeches (847)."
6204698046,"Trousers, breeches and shorts. Other. Shorts (847)."
6204698050,Bib and brace overalls (859).
6205202003,"Containing compact yarns described in statistical reporting number 5205.42.0021, 5205.43.0021,   5205.44.0021, 5205.46.0021 or 5205.47.0021 (340)."
6205202016,Dress shirts. With two or more colors in the warp and/or the filling. Men's (340).
6205202021,Dress shirts. With two or more colors in the warp and/or the filling. Boys' (340).
6205202026,Dress shirts. Other. Men's (340).
6205202031,Dress shirts. Other. Boys' (340).
6205202036,Other. Corduroy. Men's (340).
6205202041,Other. Corduroy. Boys'. Imported as parts of playsuits (237).
6205202044,Other. Corduroy. Boys'. Other (340).
6205202047,Other. Other. With two or more colors in the warp and/or the filling. Napped (340).
6205202051,Other. Other. With two or more colors in the warp and/or the filling. Other. Men's (340).
6205202056,Other. Other. With two or more colors in the warp and/or the filling. Other. Boys'. Imported as parts of playsuits (237).
6205202061,Other. Other. With two or more colors in the warp and/or the filling. Other. Boys'. Other (340).
6205202063,"Other. Other. Other. Men's. Designed for use in hospitals, clinics, laboratories or contaminated areas (340)."
6205202067,Other. Other. Other. Men's. Other (340).
6205202071,Other. Other. Other. Boys'. Imported as parts of playsuits (237).
6205202076,Other. Other. Other. Boys'. Other (340).
6205301510,Men's (440).
6205301520,Boys' (440).
6205302010,Dress. With two or more colors in the warp and/or the filling. Men's (640).
6205302020,Dress. With two or more colors in the warp and/or the filling. Boys' (640).
6205302030,Dress. Other. Men's (640).
6205302040,Dress. Other. Boys' (640).
6205302050,Other. With two or more colors in the warp and/or the filling. Men's (640).
6205302055,Other. With two or more colors in the warp and/or the filling. Boys'. Imported as parts of playsuits (237).
6205302060,Other. With two or more colors in the warp and/or the filling. Boys'. Other (640).
6205302071,"Other. Other. Men's. Designed for use in hospitals, clinics, laboratories or contaminated areas (640)."
6205302073,Other. Other. Men's. Other (640).
6205302075,Other. Other. Boys'. Imported as parts of playsuits (237).
6205302080,Other. Other. Boys'. Other (640).
6205900710,Men's (440).
6205900720,Boys' (440).
6205903010,Subject to cotton restraints (340).
6205903020,Subject to wool restraints (440).
6205903030,Subject to man-made fiber restraints (640).
6205903050,Other (840).
6205904010,Subject to cotton restraints (340).
6205904020,Subject to wool restraints (440).
6205904030,Subject to man-made fiber restraints (640).
6205904040,Other (840).
6206100010,Subject to cotton restraints (341).
6206100020,Subject to wool restraints (440).
6206100030,Subject to man-made fiber restraints (641).
6206100040,Other. Containing 70 percent or more by weight of silk or silk waste (741).
6206100050,Other. Other (840).
6206202010,Women's (440).
6206202020,Girls' (440).
6206203010,Women's (440).
6206203020,Girls' (440).
6206303003,"Containing compact yarns described in statistical reporting numbers 5205.42.0021, 5205.43.0021,   5205.44.0021,5205.46.0021or 5205.47.0021 (341)."
6206303011,Other. With two or more colors in the warp and/or the filling. Women's (341).
6206303021,Other. With two or more colors in the warp and/or the filling. Girls'. Imported as parts of playsuits (237).
6206303031,Other. With two or more colors in the warp and/or the filling. Girls'. Other (341).
6206303043,"Other. Other. Women's. Designed for use in hospitals, clinics, laboratories or contaminated areas (341)."
6206303045,Other. Other. Women's. Other (341).
6206303051,Other. Other. Girls'. Imported as parts of playsuits (237).
6206303061,Other. Other. Girls'. Other (341).
6206402510,Women's (440).
6206402520,Girls' (440).
6206403010,With two or more colors in the warp and/or the filling. Women's (641).
6206403020,With two or more colors in the warp and/or the filling. Girls'. Imported as parts of playsuits (237).
6206403025,With two or more colors in the warp and/or the filling. Girls'. Other (641).
6206403033,"Other. Women's. Designed for use in hospitals, clinics, laboratories or contaminated areas (641)."
6206403035,Other. Women's. Other (641).
6206403040,Other. Girls'. Imported as parts of playsuits (237).
6206403050,Other. Girls'. Other (641).
6206900010,Subject to cotton restraints (341).
6206900020,Subject to wool restraints (440).
6206900030,Subject to man-made fiber restraints (641).
6206900040,Other (840).
6207199010,Of man-made fibers (652).
6207199030,Other (852).
6207210010,With two or more colors in the warp and/or the filling. Men's (351).
6207210020,With two or more colors in the warp and/or the filling. Boys' (351).
6207210030,Other. Men's (351).
6207210040,Other. Boys' (351).
6207299010,Of wool or fine animal hair (459).
6207299030,Other (851).
6207913010,Sleepwear (351).
6207913020,Other (352).
6207997010,"Bathrobes, dressing gowns and similar articles (750)."
6207997020,Sleepwear (751).
6207997030,Other (752).
6207997510,Containing 36 percent or more by weight of wool or fine animal hair (459).
6207997520,Other (650).
6207998510,Sleepwear (651).
6207998520,Other (652).
6207999010,"Bathrobes, dressing gowns and similar articles (850)."
6207999040,Other (852).
6208210010,With two or more colors in the warp and/or the filling (351).
6208210020,Other. Women's (351).
6208210030,Other. Girls' (351).
6208299010,Of wool or fine animal hair (459).
6208299030,Other (851).
6208911010,Women's (350).
6208911020,Girls' (350).
6208913010,Women's (352).
6208913020,Girls' (352).
6208920010,"Bathrobes, dressing gowns and similar articles. Women's (650)."
6208920020,"Bathrobes, dressing gowns and similar articles. Girls' (650)."
6208920030,Other. Women's (652).
6208920040,Other. Girls' (652).
6208992010,"Bathrobes, dressing gowns and similar articles (459)."
6208992020,Other (459).
6208993010,"Bathrobes, dressing gowns and similar articles (750)."
6208993020,Other (752).
6208995010,"Bathrobes, dressing gowns and similar articles (850)."
6208995020,Other (852).
6208998010,"Bathrobes, dressing gowns and similar articles (850)."
6208998020,Other (852).
6209205030,"Sunsuits, washsuits and similar apparel (239)."
6209205035,Sets (239).
6209205045,Other. Imported as parts of sets (239).
6209205050,Other. Other (239).
6209303010,"Sunsuits, washsuits and similar apparel (239)."
6209303020,Sets (239).
6209303030,Other. Imported as parts of sets (239).
6209303040,Other. Other (239).
6209903010,"Sunsuits, washsuits and similar apparel (239)."
6209903015,Blanket sleepers (239).
6209903020,Sets (239).
6209903030,Other. Imported as parts of sets (239).
6209903040,Other. Other (239).
6210105010,Surgical or isolation gowns.
6210105090,Other.
6210109010,Overalls and coveralls (659).
6210109040,Other (659).
6210205010,"Overcoats, carcoats, capes, cloaks and similar garments (634)."
6210205020,"Anoraks (including ski-jackets), wind breakers and similar articles. Recreational performance outerwear (634)."
6210205029,"Anoraks (including ski-jackets), wind breakers and similar articles. Other (634)."
6210209010,"Overcoats, carcoats, capes, cloaks and similar garments. Of linen (834)."
6210209020,"Overcoats, carcoats, capes, cloaks and similar garments. Other (334)."
6210209030,"Anoraks (including ski-jackets), wind breakers and similar articles. Recreational performance outerwear. Having a fiber content of 70 percent or more by weight of silk or silk waste (734)."
6210209039,"Anoraks (including ski-jackets), wind breakers and similar articles. Recreational performance outerwear. Other (334)."
6210209040,"Anoraks (including ski-jackets), wind breakers and similar articles. Other. Having a fiber content of 70 percent or more by weight of silk or silk waste (734)."
6210209049,"Anoraks (including ski-jackets), wind breakers and similar articles. Other. Other (334)."
6210305010,"Overcoats, carcoats, capes, cloaks and similar garments (635)."
6210305020,"Anoraks (including ski-jackets), wind breakers and similar articles. Recreational performance outerwear (635)."
6210305029,"Anoraks (including ski-jackets), wind breakers and similar articles. Other (635)."
6210309010,"Overcoats, carcoats, capes, cloaks and similar garments. Of linen (835)."
6210309020,"Overcoats, carcoats, capes, cloaks and similar garments. Other (335)."
6210309030,"Anoraks (including ski-jackets), wind breakers and similar articles. Recreational performance outerwear. Having a fiber content of 70 percent or more by weight of silk or silk waste (735)."
6210309039,"Anoraks (including ski-jackets), wind breakers and similar articles. Recreational performance outerwear. Other (335)."
6210309040,"Anoraks (including ski-jackets), wind breakers and similar articles. Other. Having a fiber content of 70 percent or more by weight of silk or silk waste (735)."
6210309049,"Anoraks (including ski-jackets), wind breakers and similar articles. Other. Other (335)."
6210402531,"Trousers, breeches and shorts. Ski/snowboard pants (647)."
6210402539,"Trousers, breeches and shorts. Other (647)."
6210402540,Overalls and coveralls (659).
6210402550,Other (659).
6210402917,"Having a fiber content of 70 percent or more by weight of silk or silk waste. Trousers, breeches and shorts (747)."
6210402918,Having a fiber content of 70 percent or more by weight of silk or silk waste. Overalls and coveralls (759).
6210402919,Having a fiber content of 70 percent or more by weight of silk or silk waste. Other (759).
6210402933,"Other. Trousers, breeches and shorts (347)."
6210402945,Other. Overalls and coveralls (359).
6210402960,Other. Other (359).
6210405531,"Trousers, breeches and shorts. Ski/snowboard pants (647)."
6210405539,"Trousers, breeches and shorts. Other (647)."
6210405540,Overalls and coveralls (659).
6210405550,Other (659).
6210408017,"Having a fiber content of 70 percent or more by weight of silk or silk waste. Trousers, breeches and shorts (747)."
6210408018,Having a fiber content of 70 percent or more by weight of silk or silk waste. Overalls and coveralls (759).
6210408019,Having a fiber content of 70 percent or more by weight of silk or silk waste. Other (759).
6210408033,"Other. Trousers, breeches and shorts (347)."
6210408045,Other. Overalls and coveralls (359).
6210408060,Other. Other (359).
6210500531,"Trousers, breeches and shorts. Ski/snowboard pants (648)."
6210500539,"Trousers, breeches and shorts. Other (648)."
6210500540,Overalls and coveralls (659).
6210500555,Other (659).
6210502220,"Having a fiber content of 70 percent or more by weight of silk or silk waste. Trousers, breeches and shorts (748)."
6210502230,Having a fiber content of 70 percent or more by weight of silk or silk waste. Overalls and coveralls (759).
6210502240,Having a fiber content of 70 percent or more by weight of silk or silk waste. Other (759).
6210502260,"Other. Trousers, breeches and shorts (348)."
6210502270,Other. Overalls and coveralls (359).
6210502290,Other. Other (359).
6210505531,"Trousers, breeches and shorts. Ski/snowboard pants (648)."
6210505539,"Trousers, breeches and shorts. Other (648)."
6210505540,Overalls and coveralls (659).
6210505555,Other (659).
6210508020,"Having a fiber content of 70 percent or more by weight of silk or silk waste. Trousers, breeches and shorts (748)."
6210508030,Having a fiber content of 70 percent or more by weight of silk or silk waste. Overalls and coveralls (759).
6210508040,Having a fiber content of 70 percent or more by weight of silk or silk waste. Other (759).
6210508060,"Other. Trousers, breeches and shorts (348)."
6210508070,Other. Overalls and coveralls (359).
6210508090,Other. Other (359).
6211111010,Men's (659).
6211111020,Boys' (659).
6211118010,Of cotton. Men's (359).
6211118020,Of cotton. Boys' (359).
6211118040,Other (859).
6211121010,Women's (659).
6211121020,Girls' (659).
6211128010,Of cotton. Women's (359).
6211128020,Of cotton. Girls' (359).
6211128030,Other (859).
6211200410,Men's or boys'. Of cotton (353).
6211200420,Men's or boys'. Other (653).
6211200430,Women's or girls'. Of cotton (354).
6211200440,Women's or girls'. Other (654).
6211200810,Men's or boys'.
6211200820,Women's or girls'.
6211201510,"Men's or boys'. Anoraks (including ski-jackets), wind- breakers and similar articles (including padded, sleeveless jackets) imported as parts of ski-suits. Of cotton (334)."
6211201515,"Men's or boys'. Anoraks (including ski-jackets), wind- breakers and similar articles (including padded, sleeveless jackets) imported as parts of ski-suits. Other (634)."
6211201520,Men's or boys'. Trousers and breeches imported as parts of ski-suits. Of cotton (347).
6211201525,Men's or boys'. Trousers and breeches imported as parts of ski-suits. Other (647).
6211201530,Men's or boys'. Other. Of cotton (359).
6211201535,Men's or boys'. Other. Other (659).
6211201540,"Women's or girls'. Anoraks (including ski-jackets), wind- breakers and similar articles (including padded, sleeveless jackets) imported as parts of ski-suits. Of cotton (335)."
6211201545,"Women's or girls'. Anoraks (including ski-jackets), wind- breakers and similar articles (including padded, sleeveless jackets) imported as parts of ski-suits. Other (635)."
6211201550,Women's or girls'. Trousers and breeches imported as parts of ski-suits. Of cotton (348).
6211201555,Women's or girls'. Trousers and breeches imported as parts of ski-suits. Other (648).
6211201560,Women's or girls'. Other. Of cotton (359).
6211201565,Women's or girls'. Other. Other (659).
6211202810,Of cotton (334).
6211202820,Of man-made fibers (634).
6211202830,Other (834).
6211203810,Of cotton (347).
6211203820,Of man-made fibers (647).
6211203830,Other (847).
6211204815,Of cotton (359).
6211204835,Of man-made fibers (659).
6211204860,Other (859).
6211205810,Of cotton (335).
6211205820,Of man-made fibers (635).
6211205830,Other (835).
6211206810,Of cotton (348).
6211206820,Of man-made fibers (648).
6211206830,Other (847).
6211207810,Of cotton (359).
6211207820,Of man-made fibers (659).
6211207830,Other (859).
6211325003,"Coveralls, jumpsuits and similar apparel. Containing 15 percent or more by weight of down and waterfowl plumage and of which down comprises 35 percent or more by weight; containing 10 percent or more by weight of down."
6211325007,"Coveralls, jumpsuits and similar apparel. Other, insulated for cold weather protection (359)."
6211325010,"Coveralls, jumpsuits and similar apparel. Other. Men's (359)."
6211325015,"Coveralls, jumpsuits and similar apparel. Other. Boys'. Sizes 2-7 (237)."
6211325025,"Coveralls, jumpsuits and similar apparel. Other. Boys'. Other (359)."
6211325030,"Washsuits, sunsuits, one-piece piece playsuits and similar apparel for boys (237)."
6211325040,Track suits. Trousers (347).
6211325050,Track suits. Other (334).
6211325060,Shirts excluded from heading 6205 (340).
6211325070,Vests (359).
6211325075,Jackets and jacket-type garments excluded from heading 6201 (334).
6211325081,Other (359).
6211329003,"Coveralls, jumpsuits and similar apparel. Containing 15 percent or more by weight of down and waterfowl plumage and of which down comprises 35 percent or more by weight; containing 10 percent or more by weight of down."
6211329007,"Coveralls, jumpsuits and similar apparel. Other, insulated for cold weather protection (359)."
6211329010,"Coveralls, jumpsuits and similar apparel. Other. Men's (359)."
6211329015,"Coveralls, jumpsuits and similar apparel. Other. Boys'. Sizes 2-7 (237)."
6211329025,"Coveralls, jumpsuits and similar apparel. Other. Boys'. Other (359)."
6211329030,"Washsuits, sunsuits, one-piece piece playsuits and similar apparel for boys (237)."
6211329040,Track suits. Trousers (347).
6211329050,Track suits. Other (334).
6211329060,Shirts excluded from heading 6205 (340).
6211329070,Vests (359).
6211329075,Jackets and jacket-type garments excluded from heading 6201 (334).
6211329081,Other (359).
6211335003,"Coveralls, jumpsuits and similar apparel. Containing 15 percent or more by weight of down and waterfowl plumage and of which down comprises 35 percent or more by weight; containing 10 percent or more by weight of down."
6211335007,"Coveralls, jumpsuits and similar apparel. Other, insulated for cold weather protection (659)."
6211335010,"Coveralls, jumpsuits and similar apparel. Other. Men's (659)."
6211335015,"Coveralls, jumpsuits and similar apparel. Other. Boys'. Sizes 2-7 (237)."
6211335017,"Coveralls, jumpsuits and similar apparel. Other. Boys'. Other (659)."
6211335025,"Washsuits, sunsuits, one-piece playsuits and similar apparel for boys (237)."
6211335030,Track suits. Trousers (647).
6211335035,Track suits. Other (634).
6211335040,Shirts excluded from heading 6205 (640).
6211335052,Vests. Containing 36 percent or more by weight of wool or fine animal hair (459).
6211335054,Vests. Other (659).
6211335058,Jackets and jacket-type garments excluded from heading 6201 (634).
6211335061,Other (659).
6211339003,"Coveralls, jumpsuits and similar apparel. Containing 15 percent or more by weight of down and waterfowl plumage and of which down comprises 35 percent or more by weight; containing 10 percent or more by weight of down."
6211339007,"Coveralls, jumpsuits and similar apparel. Other, insulated for cold weather protection (659)."
6211339010,"Coveralls, jumpsuits and similar apparel. Other. Men's (659)."
6211339015,"Coveralls, jumpsuits and similar apparel. Other. Boys'. Sizes 2-7 (237)."
6211339017,"Coveralls, jumpsuits and similar apparel. Other. Boys'. Other (659)."
6211339025,"Washsuits, sunsuits, one-piece playsuits and similar apparel for boys (237)."
6211339030,Track suits. Trousers (647).
6211339035,Track suits. Other (634).
6211339042,"Shirts excluded from heading 6205. Designed for use in hospitals, clinics, laboratories or contaminated areas (640)."
6211339044,Shirts excluded from heading 6205. Other (640).
6211339052,Vests. Containing 36 percent or more by weight of wool or fine animal hair (459).
6211339054,Vests. Other (659).
6211339058,Jackets and jacket-type garments excluded from heading 6201 (634).
6211339061,Other (659).
6211390310,Tracksuits. Trousers (447).
6211390320,Tracksuits. Other (434).
6211390330,Shirts excluded from heading 6205 (440).
6211390340,Vests (459).
6211390345,Jackets and jacket-type garments excluded from heading 6201 (434).
6211390351,Other (459).
6211390710,"Coveralls, jumpsuits and similar apparel (759)."
6211390720,"Washsuits, sunsuits, one-piece playsuits and similar apparel (759)."
6211390730,Track suits. Trousers (747).
6211390740,Track suits. Other (734).
6211390750,Shirts excluded from heading 6205 (740).
6211390760,Vests (759).
6211390770,Jackets and jacket-type garments excluded from heading 6201 (734).
6211390790,Other (759).
6211391510,"Coveralls, jumpsuits and similar apparel (859)."
6211391520,"Washsuits, sunsuits, one-piece playsuits and similar apparel (859)."
6211391530,Track suits. Trousers (847).
6211391540,Track suits. Other (834).
6211391550,Shirts excluded from heading 6205 (840).
6211391560,Vests (859).
6211391570,Jackets and jacket-type garments excluded from heading 6201 (834).
6211391590,Other (859).
6211393010,Track suits. Trousers (447).
6211393020,Track suits. Other (434).
6211393030,Shirts excluded from heading 6205 (440).
6211393040,Vests (459).
6211393045,Jackets and jacket-type garments excluded from heading 6201 (434).
6211393051,Other (459).
6211396010,"Coveralls, jumpsuits and similar apparel (759)."
6211396020,"Washsuits, sunsuits, one-piece playsuits and similar apparel (759)."
6211396030,Track suits. Trousers (747).
6211396040,Track suits. Other (734).
6211396050,Shirts excluded from heading 6205 (740).
6211396060,Vests (759).
6211396070,Jackets and jacket-type garments excluded from heading 6201 (734).
6211396090,Other (759).
6211398010,"Coveralls, jumpsuits and similar apparel (859)."
6211398020,"Washsuits, sunsuits, one-piece playsuits and similar apparel (859)."
6211398030,Track suits. Trousers (847).
6211398040,Track suits. Other (834).
6211398050,Shirts excluded from heading 6205 (840).
6211398060,Vests (859).
6211398070,Jackets and jacket-type garments excluded from heading 6201 (834).
6211398090,Other (859).
6211420503,"Coveralls, jumpsuits and similar apparel. Containing 15 percent or more by weight of down and waterfowl plumage and of which down comprises 35 percent or more weight; containing 10 percent or more by weight of down."
6211420507,"Coveralls, jumpsuits and similar apparel. Other, insulated for cold weather protection (359)."
6211420510,"Coveralls, jumpsuits and similar apparel. Other. Women's (359)."
6211420520,"Coveralls, jumpsuits and similar apparel. Other. Girls' (237)."
6211420525,"Washsuits, sunsuits, one-piece playsuits and similar apparel (237)."
6211420530,Track suits. Trousers (348).
6211420540,Track suits. Other (335).
6211420554,"Blouses, shirts and shirt-blouses, sleeveless tank styles and similar upper body garments, excluded from heading 6206. With two or more colors in the warp and/or filling (341)."
6211420556,"Blouses, shirts and shirt-blouses, sleeveless tank styles and similar upper body garments, excluded from heading 6206. Other (341)."
6211420560,Jumpers (359).
6211420570,Vests (359).
6211420575,Jackets and jacket-type garments excluded from heading 6202 (335).
6211420581,Other (359).
6211421003,"Coveralls, jumpsuits and similar apparel. Containing 15 percent or more by weight of down and waterfowl plumage and of which down comprises 35 percent or more weight; containing 10 percent or more by weight of down."
6211421007,"Coveralls, jumpsuits and similar apparel. Other, insulated for cold weather protection (359)."
6211421010,"Coveralls, jumpsuits and similar apparel. Other. Women's (359)."
6211421020,"Coveralls, jumpsuits and similar apparel. Other. Girls' (237)."
6211421025,"Washsuits, sunsuits, one-piece playsuits and similar apparel (237)."
6211421030,Track suits. Trousers (348).
6211421040,Track suits. Other (335).
6211421054,"Blouses, shirts and shirt-blouses, sleeveless tank styles and similar upper body garments, excluded from heading 6206. With two or more colors in the warp and/or filling (341)."
6211421056,"Blouses, shirts and shirt-blouses, sleeveless tank styles and similar upper body garments, excluded from heading 6206. Other (341)."
6211421060,Jumpers (359).
6211421070,Vests (359).
6211421075,Jackets and jacket-type garments excluded from heading 6202 (335).
6211421082,"Apparel designed for use in hospitals, clinics, laboratories or contaminated areas. Surgical or isolation gowns (359)."
6211421088,"Apparel designed for use in hospitals, clinics, laboratories or contaminated areas. Other (359)."
6211421092,Other (359).
6211430503,"Coveralls, jumpsuits and similar apparel. Containing 15 percent or more by weight of down and waterfowl plumage and of which down comprises 35 percent or more weight; containing 10 percent or more by weight of down."
6211430507,"Coveralls, jumpsuits and similar apparel. Other, insulated for cold weather protection (659)."
6211430510,"Coveralls, jumpsuits and similar apparel. Other. Women's (659)."
6211430520,"Coveralls, jumpsuits and similar apparel. Other. Girls' (237)."
6211430530,"Washsuits, sunsuits, one-piece playsuits and similar apparel."
6211430540,Track suits. Trousers (648).
6211430550,Track suits. Other (659).
6211430560,"Blouses, shirts and shirt-blouses, sleeveless tank styles and similar upper body garments, excluded from heading 6206 (641)."
6211430564,Jumpers. Containing 36 percent or more by weight of wool or fine animal hair (459).
6211430566,Jumpers. Other (659).
6211430574,Vests. Containing 36 percent or more by weight of wool or fine animal hair (459).
6211430576,Vests. Other (659).
6211430578,Jackets and jacket-type garments excluded from heading 6202 (635).
6211430591,Other (659).
6211431003,"Coveralls, jumpsuits and similar apparel. Containing 15 percent or more by weight of down and waterfowl plumage and of which down comprises 35 percent or more weight; containing 10 percent or more by weight of down."
6211431007,"Coveralls, jumpsuits and similar apparel. Other, insulated for cold weather protection (659)."
6211431010,"Coveralls, jumpsuits and similar apparel. Other. Women's (659)."
6211431020,"Coveralls, jumpsuits and similar apparel. Other. Girls' (237)."
6211431030,"Washsuits, sunsuits, one-piece playsuits and similar apparel (237)."
6211431040,Track suits. Trousers (648).
6211431050,Track suits. Other (659).
6211431059,"Blouses, shirts and shirt-blouses, sleeveless tank styles and similar upper body garments, excluded from heading 6206. Designed for use in hospitals, clinics, laboratories or contaminated areas (641)."
6211431062,"Blouses, shirts and shirt-blouses, sleeveless tank styles and similar upper body garments, excluded from heading 6206. Other (641)."
6211431064,Jumpers. Containing 36 percent or more by weight of wool or fine animal hair (459).
6211431066,Jumpers. Other (659).
6211431074,Vests. Containing 36 percent or more by weight of wool or fine animal hair (459).
6211431076,Vests. Other (659).
6211431078,Jackets and jacket-type garments excluded from heading 6202 (635).
6211431082,"Apparel designed for use in hospitals, clinics, laboratories or contaminated areas. Surgical or isolation gowns (659)."
6211431088,"Apparel designed for use in hospitals, clinics, laboratories or contaminated areas. Other (659)."
6211431092,Other (659).
6211490310,"Coveralls, jumpsuits and similar apparel."
6211490320,"Washsuits, sunsuits, one-piece playsuits and similar apparel (759)."
6211490330,Track suits. Trousers (748).
6211490340,Track suits. Other (735).
6211490350,"Blouses, shirts and shirt-blouses, sleeveless tank styles and similar upper body garments, excluded from heading 6206."
6211490360,Jumpers (759).
6211490370,Vests (759).
6211490380,Jackets and jacket-type garments excluded from heading 6202 (735).
6211490390,Other (759).
6211491510,Track suits. Trousers (448).
6211491520,Track suits. Other (435).
6211491530,"Blouses, shirts and shirt-blouses, sleeveless tank styles and similar upper body garments, excluded from heading 6206 (440)."
6211491540,Jumpers (459).
6211491550,Vests (459).
6211491555,Jackets and jacket-type garments excluded from heading 6202 (435).
6211491561,Other (459).
6211492510,"Coveralls, jumpsuits and similar apparel (859)."
6211492520,"Washsuits, sunsuits, one-piece playsuits and similar apparel (859)."
6211492530,Track suits. Trousers (847).
6211492540,Track suits. Other (835).
6211492550,"Blouses, shirts and shirt-blouses, sleeveless tank styles and similar upper body garments, excluded from heading 6206 (840)."
6211492560,Jumpers (859).
6211492570,Vests (859).
6211492580,Jackets and jacket-type garments excluded from heading 6202 (835).
6211492590,Other (859).
6211495010,"Coveralls, jumpsuits and similar apparel."
6211495020,"Washsuits, sunsuits, one-piece playsuits and similar apparel (759)."
6211495030,Track suits. Trousers (748).
6211495040,Track suits. Other (735).
6211495050,"Blouses, shirts and shirt-blouses, sleeveless tank styles and similar upper body garments, excluded from heading 6206."
6211495060,Jumpers (759).
6211495070,Vests (759).
6211495080,Jackets and jacket-type garments excluded from heading 6202 (735).
6211495090,Other (759).
6211496010,Track suits. Trousers (448).
6211496020,Track suits. Other (435).
6211496030,"Blouses, shirts and shirt-blouses, sleeveless tank styles and similar upper body garments, excluded from heading 6206 (440)."
6211496040,Jumpers (459).
6211496050,Vests (459).
6211496055,Jackets and jacket-type garments excluded from heading 6202 (435).
6211496061,Other (459).
6211498010,"Coveralls, jumpsuits and similar apparel (859)."
6211498020,"Washsuits, sunsuits, one-piece playsuits and similar apparel (859)."
6211498030,Track suits. Trousers (847).
6211498040,Track suits. Other (835).
6211498050,"Blouses, shirts and shirt-blouses, sleeveless tank styles and similar upper body garments, excluded from heading 6206 (840)."
6211498060,Jumpers (859).
6211498070,Vests (859).
6211498080,Jackets and jacket-type garments excluded from heading 6202 (835).
6211498090,Other (859).
6212105010,Of cotton (349).
6212105020,Of man-made fibers (649).
6212105030,Other (859).
6212109010,Of cotton (349).
6212109020,Of man-made fibers (649).
6212109040,Other (859).
6212200010,Of cotton (349).
6212200020,Of man-made fibers (649).
6212200030,Other (859).
6212300010,Of cotton (349).
6212300020,Of man-made fibers (649).
6212300030,Other (859).
6212900010,Of cotton or cotton and rubber or plastics (359).
6212900020,Of wool or wool and rubber or plastics (459).
6212900030,Of man-made fibers or man-made fibers and rubber or plastics (659).
6212900050,Containing 70 percent or more by weight of silk or silk waste.
6212900090,Other (859).
6214900010,Of cotton (359).
6214900090,Other (859).
6215100025,Containing 50 percent or more by weight (including any linings and interlinings) of textile materials   other than silk or silk waste (659).
6215100040,Containing less than 50 percent by weight (including any linings and interlinings) of textile   materials other than silk or silk waste. With outer shell containing 70 percent or more by weight of silk or silk waste (758).
6215100090,Containing less than 50 percent by weight (including any linings and interlinings) of textile   materials other than silk or silk waste. Other (858).
6215900010,Of wool or fine animal hair (459).
6215900015,Of cotton (359).
6215900020,Other (858).
6216001720,Subject to cotton restraints (331).
6216001730,Subject to man-made fiber restraints (631).
6216001740,Other (831).
6216002110,Subject to cotton restraints (331).
6216002120,Subject to man-made fiber restraints (631).
6216002130,Other (831).
6216002410,Subject to cotton restraints (331).
6216002425,Subject to man-made fiber restraints (631).
6216002430,Other (831).
6216002910,Subject to cotton restraints (331).
6216002925,Subject to man-made fiber restraints (631).
6216002930,Other (831).
6216005410,Containing 36 percent or more by weight of wool or fine animal hair (431).
6216005420,Other (631).
6216005810,Containing 36 percent or more by weight of wool or fine animal hair (431).
6216005820,Other (631).
6217101010,"Headbands, ponytail holders and similar articles."
6217101090,Other (759).
6217109510,Of cotton (359).
6217109520,Of wool or fine animal hair (459).
6217109530,Of man-made fibers (659).
6217109550,Other (859).
6217901010,Of blouses and shirts (741).
6217901020,Of coats and jackets (735).
6217901030,Of trousers and breeches (748).
6217901060,Other (759).
6217909003,Of blouses and shirts. Of cotton (341).
6217909005,Of blouses and shirts. Of wool or fine animal hair (440).
6217909010,Of blouses and shirts. Of man-made fibers (641).
6217909020,Of blouses and shirts. Other (840).
6217909025,Of coats and jackets. Of cotton (335).
6217909030,Of coats and jackets. Of wool or fine animal hair (435).
6217909035,Of coats and jackets. Of man-made fibers (635).
6217909045,Of coats and jackets. Other (835).
6217909050,Of trousers and breeches. Of cotton (348).
6217909055,Of trousers and breeches. Of wool or fine animal hair (448).
6217909060,Of trousers and breeches. Of man-made fibers (648).
6217909070,Of trousers and breeches. Other (847).
6217909075,Other. Of cotton (359).
6217909080,Other. Of wool or fine animal hair (459).
6217909085,Other. Of man-made fibers (659).
6217909095,Other. Other (859).
6301200010,Not over 3 meters in length (464).
6301200020,Over 3 meters in length (410).
6301300010,Woven (369).
6301300020,Other (369).
6301400010,Woven (666).
6301400020,Other (666).
6301900010,Of artificial fibers (666).
6301900020,Other. Containing 85 percent or more by weight of silk or silk waste.
6301900030,Other. Other (899).
6302100005,Of cotton. Pillowcases and bolster cases (362).
6302100008,Of cotton. Sheets (362).
6302100015,Of cotton. Other (362).
6302100020,Other (666).
6302213010,"Pillowcases, other than bolster cases (360)."
6302213020,Sheets (361).
6302213030,Bolster cases (360).
6302213040,Pillowcovers (369).
6302213050,Other (362).
6302215010,"Pillowcases, other than bolster cases (360)."
6302215020,Sheets (361).
6302215030,Bolster cases (360).
6302215040,Pillowcovers (369).
6302215050,Other (362).
6302217010,"Pillowcases, other than bolster cases (360)."
6302217020,Sheets (361).
6302217030,Bolster cases (360).
6302217040,Pillow covers (369).
6302217050,Other (362).
6302219010,"Pillowcases, other than bolster cases (360)."
6302219020,Sheets (361).
6302219030,Bolster cases (360).
6302219040,Pillow covers (369).
6302219050,Other (362).
6302221010,"Pillowcases, other than bolster cases. Napped (666)."
6302221020,"Pillowcases, other than bolster cases. Not napped (666)."
6302221030,Sheets. Napped (666).
6302221040,Sheets. Not napped (666).
6302221050,Other. Bolster cases (666).
6302221060,Other. Other (666).
6302222010,Pillow cases (666).
6302222020,Sheets (666).
6302222030,Other (666).
6302290010,Containing 85 percent or more by weight of silk or silk waste.
6302290020,Other (899).
6302313010,"Pillowcases, other than bolster cases (360)."
6302313020,Sheets (361).
6302313030,Bolster cases (360).
6302313040,Pillowcovers (369).
6302313050,Other (362).
6302315010,"Pillowcases, other than bolster cases (360)."
6302315020,Sheets (361).
6302315030,Bolster cases (360).
6302315040,Pillowcovers (369).
6302315050,Other (362).
6302317010,"Pillowcases, other than bolster cases (360)."
6302317020,Sheets (361).
6302317030,Bolster cases (360).
6302317040,Pillowcovers (369).
6302317050,Other (362).
6302319010,"Pillowcases, other than bolster cases (360)."
6302319020,Sheets (361).
6302319030,Bolster cases (360).
6302319040,Pillowcovers (369).
6302319050,Other (362).
6302321010,"Pillowcases, other than bolster cases. Napped (666)."
6302321020,"Pillowcases, other than bolster cases. Not napped (666)."
6302321030,Sheets. Napped (666).
6302321040,Sheets. Not napped (666).
6302321050,Other. Bolster cases (666).
6302321060,Other. Other (666).
6302322010,"Pillowcases, other than bolster cases. Napped (666)."
6302322020,"Pillowcases, other than bolster cases. Not napped (666)."
6302322030,Sheets. Napped (666).
6302322040,Sheets. Not napped (666).
6302322050,Other. Bolster cases (666).
6302322060,Other. Other (666).
6302390010,Of wool or fine animal hair (469).
6302390020,Other. Containing 85 percent or more by weight of silk or silk waste.
6302390030,Other. Other (899).
6302402010,Of cotton (369).
6302402020,Other (666).
6302530010,Tablecloths and napkins. Damask (666).
6302530020,Tablecloths and napkins. Other (666).
6302530030,Other (666).
6302591010,Damask (899).
6302591020,Other (899).
6302593010,Containing 85 percent or more by weight of silk or silk waste.
6302593020,Other (899).
6302600010,Towels. Dish (369).
6302600020,Towels. Other (363).
6302600030,Other (369).
6302910005,Of pile or tufted construction. Towels. Dish (369).
6302910015,Of pile or tufted construction. Towels. Other (363).
6302910025,Of pile or tufted construction. Other (369).
6302910035,Other. Towels. Jacquard figured (363).
6302910045,Other. Towels. Other. Dish (369).
6302910050,Other. Towels. Other. Other (369).
6302910060,Other. Other (369).
6302991510,Towels (863).
6302991520,Other (899).
6303120010,Window shades and window blinds (666).
6303120090,Other (666).
6303192110,Of artificial fibers (666).
6303192120,Other (899).
6303910010,Window curtains (including drapes) and window valances (369).
6303910020,Other (369).
6303922010,Window curtains (including drapes) and window valances (666).
6303922030,Other. Window shades and window blinds (666).
6303922050,Other. Other (666).
6303990010,Of artificial fibers (666).
6303990030,Other. Containing 85 percent or more by weight of silk or silk waste.
6303990060,Other. Other (899).
6304193030,Containing 85 percent or more by weight of silk or silk waste.
6304193040,Other. Of wool or fine animal hair (469).
6304193060,Other. Other (899).
6304200020,Of cotton (369).
6304200040,Of man-made fibers (666).
6304200050,Other. Of wool or fine animal hair (469).
6304200060,Other. Other. Containing 85 percent or more by weight of silk or silk waste.
6304200070,Other. Other. Other (899).
6304910120,Of cotton (369).
6304910140,Of man-made fibers (666).
6304910150,Other. Of wool or fine animal hair (469).
6304910160,Other. Other. Containing 85 percent or more by weight of silk or silk waste.
6304910170,Other. Other. Other (899).
6304996010,Of wool or fine animal hair (469).
6304996020,Of artificial fibers (666).
6304996030,Other. Containing 85 percent or more by weight of silk or silk waste.
6304996040,Other. Other (899).
6305320010,Weighing one kg or more (669).
6305320020,Other (669).
6305330010,Weighing one kg or more (669).
6305330040,"Other. Weighing less than 1 kg, with an outer laminated ply of plastics sheeting. Printed with three or more colors (669)."
6305330060,"Other. Weighing less than 1 kg, with an outer laminated ply of plastics sheeting. Other (669)."
6305330080,Other. Other (669).
6306192110,Of artificial fibers (669).
6306192120,Other (899).
6306229010,Screen houses.
6306229030,Other (669).
6306300010,Of synthetic fibers.
6306300020,Of other textile materials.
6307101020,Bar mops (measuring 46 to 57 centimeters in length and 38 to43 centimeters in width) of terry fabric (369).
6307101090,Other (369).
6307102005,"Shop towels dedicated for use in garages, filling stations and machine shops. Of cotton (369)."
6307102015,"Shop towels dedicated for use in garages, filling stations and machine shops. Other (863)."
6307102027,Dish cloths. Of cotton (369).
6307102028,Dish cloths. Other (863).
6307102030,Other.
6307903010,Of cotton (369).
6307903020,Other (669).
6307904010,Of cotton (369).
6307904020,Other (669).
6307905010,Of cotton (369).
6307905020,Other (669).
6307906010,Perineal towels.
6307906090,Other.
6307908910,Surgical towels (369).
6307908940,Cotton towels of pile or tufted construction (363).
6307908945,"Pillow shells, of cotton (369)."
6307908950,"Shells for quilts, eiderdowns, comforters and similar articles of cotton. Sleeping bag shells."
6307908985,"Shells for quilts, eiderdowns, comforters and similar articles of cotton. Other. Containing 85 percent or more by weight of cotton."
6307908995,"Shells for quilts, eiderdowns, comforters and similar articles of cotton. Other. Other (362)."
6307909825,National flags. Of the United States.
6307909835,National flags. Of other nations.
6307909842,"Face masks, including respirators without replaceable filters. N95 respirators. Surgical."
6307909844,"Face masks, including respirators without replaceable filters. N95 respirators. Other."
6307909850,"Face masks, including respirators without replaceable filters. Other respirators."
6307909870,"Face masks, including respirators without replaceable filters. Other face masks. Disposable."
6307909875,"Face masks, including respirators without replaceable filters. Other face masks. Other."
6307909882,Other. Other towels of cotton (369).
6307909884,Other. Other towels of man-made fibers (666).
6307909885,Other. Furniture movers' pads of cotton.
6307909887,Other. Furniture movers' pads of man-made fibers.
6307909891,Other. Other.
6308000010,Containing wool yarn (469).
6308000020,Other (669).
6309000010,Worn clothing.
6309000020,Other.
6310102010,Of cotton.
6310102020,Of man-made fibers.
6310102030,Other.
6401929030,Work footwear.
6401929060,Other.
6402190530,For men.
6402190560,For women.
6402190590,Other.
6402191520,For men.
6402191541,For women.
6402191561,Other.
6402193031,For men.
6402193061,Other.
6402195031,For men.
6402195061,Other.
6402197031,For men.
6402197061,Other.
6402199031,For men.
6402199061,Other.
6402914005,For men. Work footwear.
6402914010,For men. Other.
6402914040,For women. Work footwear.
6402914050,For women. Other.
6402914063,"For infants, as described in statistical note 2 to this chapter."
6402914067,Other.
6402914230,For men.
6402914260,For women.
6402914290,Other.
6402915010,For men. Work footwear.
6402915020,For men. Other.
6402915045,For women. Work footwear.
6402915050,For women. Other.
6402915090,Other.
6402916030,For men.
6402916060,For women.
6402916090,Other.
6402917030,For men.
6402917060,For women.
6402917090,Other.
6402918005,"Tennis shoes, basketball shoes, gym shoes, training shoes and the like."
6402918010,Other. For men. Work footwear.
6402918021,Other. For men. Other.
6402918045,Other. For women. Work footwear.
6402918051,Other. For women. Other.
6402918091,Other. Other.
6402919005,"Tennis shoes, basketball shoes, gym shoes, training shoes and the like."
6402919010,Other. For men. Work footwear.
6402919035,Other. For men. Other.
6402919045,Other. For women. Work footwear.
6402919065,Other. For women. Other.
6402919095,Other. Other.
6402992330,For men.
6402992360,For women.
6402992390,Other.
6402992530,For men.
6402992560,For women.
6402992590,Other.
6402992730,For men.
6402992760,For women.
6402992790,Other.
6402993110,House slippers.
6402993115,"Tennis shoes, basketball shoes, gym shoes, training shoes and the like."
6402993135,Other. For men. Work footwear.
6402993145,Other. For men. Other.
6402993155,Other. For women. Work footwear.
6402993165,Other. For women. Other.
6402993173,"Other. For infants, as described in statistical note 2 to this chapter."
6402993177,Other. Other.
6402993230,For men.
6402993260,For women.
6402993290,Other.
6402993310,For men. Work footwear.
6402993320,For men. Other.
6402993345,For women. Work footwear.
6402993350,For women. Other.
6402993390,Other.
6402994920,House slippers.
6402994940,Other. For men.
6402994960,Other. For women.
6402994980,Other. Other.
6402996915,House slippers.
6402996930,Other. For men.
6402996960,Other. For women.
6402996990,Other. Other.
6402997915,House slippers.
6402997930,Other. For men.
6402997960,Other. For women.
6402997990,Other. Other.
6402998005,"Tennis shoes, basketball shoes, gym shoes, training shoes and the like."
6402998031,Other. For men.
6402998061,Other. For women.
6402998091,Other. Other.
6402999005,"Tennis shoes, basketball shoes, gym shoes, training shoes and the like."
6402999035,Other. For men.
6402999065,Other. For women.
6402999095,Other. Other.
6403193030,With pigskin uppers.
6403193090,Other.
6403194030,With pigskin uppers.
6403194090,Other.
6403195031,For women. With pigskin uppers.
6403195061,For women. Other.
6403195091,Other.
6403197031,For women. With pigskin uppers.
6403197061,For women. Other.
6403197091,Other.
6403403030,With pigskin uppers.
6403403090,Other.
6403513015,For men. With pigskin uppers.
6403513030,For men. Other.
6403513060,For women.
6403513071,Other.
6403516015,For men. With pigskin uppers.
6403516030,For men. Other.
6403516060,Other.
6403519015,For women. With pigskin uppers.
6403519030,For women. Other.
6403519041,Other.
6403591520,For men.
6403591545,For women.
6403591561,Other.
6403593020,For men. With pigskin uppers.
6403593040,For men. Other.
6403593060,For women.
6403593081,Other.
6403596040,For men. With pigskin uppers.
6403596060,For men. Other.
6403596080,Other.
6403599030,For women. With pigskin uppers.
6403599045,For women. Other.
6403599061,Other.
6403913010,Work footwear. For men.
6403913025,Work footwear. Other.
6403913035,Other. For men. With pigskin uppers.
6403913040,Other. For men. Other.
6403913080,Other. For women.
6403913091,Other. Other.
6403916010,Work footwear.
6403916030,"Other. Tennis shoes, basketball shoes, gym shoes, training shoes and the like, for men. With pigskin uppers."
6403916040,"Other. Tennis shoes, basketball shoes, gym shoes, training shoes and the like, for men. Other."
6403916050,"Other. Other tennis shoes, basketball shoes, gym shoes, training shoes and the like. With pigskin uppers."
6403916060,"Other. Other tennis shoes, basketball shoes, gym shoes, training shoes and the like. Other."
6403916065,Other. Other. For men. With pigskin uppers.
6403916075,Other. Other. For men. Other.
6403916090,Other. Other. Other.
6403919015,Work footwear.
6403919025,Other. For women. With pigskin uppers.
6403919045,Other. For women. Other.
6403919051,Other. Other.
6403992030,For men.
6403992060,For women.
6403992090,Other.
6403994010,Work footwear. For men.
6403994020,Work footwear. Other.
6403994035,Other. For men. With pigskin uppers.
6403994055,Other. For men. Other.
6403994080,Other. For women.
6403994091,Other. Other.
6403996015,House slippers.
6403996025,Work footwear.
6403996030,"Other. Tennis shoes, basketball shoes, gym shoes, training shoes and the like, for men. With pigskin uppers."
6403996040,"Other. Tennis shoes, basketball shoes, gym shoes, training shoes and the like, for men. Other."
6403996050,"Other. Other tennis shoes, basketball shoes, gym shoes, training shoes and the like. With pigskin uppers."
6403996060,"Other. Other tennis shoes, basketball shoes, gym shoes, training shoes and the like. Other."
6403996065,Other. Other. For men. With pigskin uppers.
6403996075,Other. Other. For men. Other.
6403996090,Other. Other. Other.
6403997515,House slippers.
6403997530,Other. For women. With pigskin uppers.
6403997560,Other. For women. Other.
6403997590,Other. Other.
6403999005,House slippers.
6403999015,Work footwear.
6403999021,"Other. Tennis shoes, basketball shoes, and the like, for women. With pigskin uppers."
6403999031,"Other. Tennis shoes, basketball shoes, and the like, for women. Other."
6403999041,"Other. Other tennis shoes, basketball shoes, and the like."
6403999055,Other. Other. For women. With pigskin uppers.
6403999065,Other. Other. For women. Other.
6403999071,Other. Other. Other.
6404112030,For men.
6404112060,For women.
6404112071,Other.
6404114130,For men.
6404114160,For women.
6404114190,Other.
6404115130,For men.
6404115160,For women.
6404115190,Other.
6404116130,For men.
6404116160,For women.
6404116190,Other.
6404116930,For men.
6404116960,For women.
6404116990,Other.
6404117130,For men.
6404117160,For women.
6404117190,Other.
6404117530,For men.
6404117560,For women.
6404117590,Other.
6404117930,For men.
6404117960,For women.
6404117990,Other.
6404118130,For men.
6404118160,For women.
6404118190,Other.
6404118530,For men.
6404118560,For women.
6404118590,Other.
6404118930,For men.
6404118960,For women.
6404118990,Other.
6404119010,"For men. Ski boots, cross country ski footwear and snowboard boots."
6404119020,For men. Other.
6404119040,"For women. Ski boots, cross country ski footwear and snowboard boots."
6404119050,For women. Other.
6404119070,"Other. Ski boots, cross country ski footwear and snowboard boots."
6404119080,Other. Other.
6404191520,For men.
6404191560,For women.
6404191581,Other.
6404192030,For men.
6404192060,For women.
6404192090,Other.
6404192515,House slippers. Covering the ankle.
6404192520,House slippers. Other.
6404192530,Other. For men.
6404192560,Other. For women.
6404192590,Other. Other.
6404193015,House slippers. Covering the ankle.
6404193020,House slippers. Other.
6404193040,Other. For men.
6404193060,Other. For women.
6404193080,Other. Other.
6404193630,For men.
6404193660,For women.
6404193690,Other.
6404193715,House slippers.
6404193730,Other. For men.
6404193760,Other. For women.
6404193790,Other. Other.
6404193915,House slippers.
6404193940,Other. For men.
6404193960,Other. For women.
6404193980,Other. Other.
6404194230,For men.
6404194260,For women.
6404194290,Other.
6404194715,House slippers.
6404194730,Other. For men.
6404194760,Other. For women.
6404194790,Other. Other.
6404194930,For men.
6404194960,For women.
6404194990,Other.
6404195230,For men.
6404195260,For women.
6404195290,Other.
6404195715,House slippers.
6404195730,Other. For men.
6404195760,Other. For women.
6404195790,Other. Other.
6404195915,House slippers.
6404195930,Other. For men.
6404195960,Other. For women.
6404195990,Other. Other.
6404196115,House slippers.
6404196130,Other. For men.
6404196160,Other. For women.
6404196190,Other. Other.
6404196930,For men.
6404196960,For women.
6404196990,Other.
6404197230,For men.
6404197260,For women.
6404197290,Other.
6404197715,House slippers.
6404197730,Other. For men.
6404197760,Other. For women.
6404197790,Other. Other.
6404197915,House slippers.
6404197930,Other. For men.
6404197960,Other. For women.
6404197990,Other. Other.
6404198230,For men.
6404198260,For women.
6404198290,Other.
6404198715,House slippers.
6404198730,Other. For men.
6404198760,Other. For women.
6404198790,Other. Other.
6404198930,For men.
6404198960,For women.
6404198990,Other.
6404199030,For men.
6404199060,For women.
6404199090,Other.
6404202030,For men.
6404202060,For women.
6404202090,Other.
6404204030,For men.
6404204060,For women.
6404204090,Other.
6404206040,For men.
6404206060,For women.
6404206080,Other.
6405100030,For men.
6405100060,For women.
6405100090,Other.
6405203030,For men.
6405203060,For women.
6405203070,"For infants, as described in statistical note 2 to this chapter."
6405203080,Other.
6405206030,For men (459).
6405206060,For women (459).
6405206090,Other (459).
6405209015,House slippers.
6405209030,Other. For men.
6405209060,Other. For women.
6405209070,"Other. For infants, as described in statistical note 2 to this chapter."
6405209080,Other. Other.
6405909030,"For infants, as described in statistical note 2 to this chapter."
6405909060,Other.
6406102031,For men.
6406102061,Other.
6406109020,Of textile materials other than cotton. Of wool or fine animal hair (469).
6406109040,Of textile materials other than cotton. Of man-made fibers (669).
6406109060,Of textile materials other than cotton. Other (899).
6406109090,Other.
6406901505,Of man-made fibers. Leg-warmers. Containing 23 percent or more by weight of wool or fine animal hair (459).
6406901510,Of man-made fibers. Leg-warmers. Other (659).
6406901540,Of man-made fibers. Other (659).
6406901550,Other. Leg-warmers. Of cotton (359).
6406901560,Other. Leg-warmers. Of wool or fine animal hair (459).
6406901570,Other. Leg-warmers. Other (859).
6406901580,Other. Other.
6406903030,Bottoms.
6406903060,Other.
6502006030,Of paper.
6502006060,Other.
6502009030,Of man-made fibers (659).
6502009060,Other.
6504009015,Sewed. Of man-made fibers (659).
6504009045,Sewed. Other.
6504009060,Not sewed. Of man-made fibers (659).
6504009075,Not sewed. Other.
6505000410,For men or boys.
6505000450,Other.
6505001515,Of cotton. For babies (239).
6505001525,"Of cotton. Other. Visors, and other headgear which provides no covering for the crown of the head (359)."
6505001540,Of cotton. Other. Other (359).
6505001560,Other (859).
6505002030,For babies (239).
6505002060,Other (359).
6505002545,"Visors, and other headgear of cotton which provides no covering for the crown of the head (359)."
6505002590,Other (859).
6505003030,For babies (439).
6505003045,"Other. Visors, and other headgear which provides no covering for the crown of the head (459)."
6505003090,Other. Other (459).
6505004030,For babies (439).
6505004045,"Other. Visors, and other headgear which provides no covering for the crown of the head (459)."
6505004090,Other. Other (459).
6505005030,For babies (239).
6505005045,"Other. Visors, and other headgear which provides no covering for the crown of the head (659)."
6505005090,Other. Other (659).
6505006030,For babies (239).
6505006040,Other. Containing 23 percent or more by weight of wool or fine animal hair (459).
6505006045,"Other. Other. Visors, and other headgear which provides no covering for the crown of the head (659)."
6505006090,Other. Other. Other (659).
6505007030,For babies (239).
6505007045,"Other. Visors, and other headgear which provides no covering for the crown of the head (659)."
6505007090,Other. Other (659).
6505008015,Nonwoven disposable headgear without peaks or visors.
6505008045,Other. For babies (239).
6505008050,"Other. Other. Visors, and other headgear which provides no covering for the crown of the head (659)."
6505008090,Other. Other. Other (659).
6505009030,Containing 70 percent or more by weight of silk or silk waste (759).
6505009045,Other. Of fine animal hair (459).
6505009050,Other. Of paper yarn.
6505009076,Other. Other. Of unspun vegetable fibers.
6505009089,Other. Other. Other (859).
6506103030,Motorcycle helmets.
6506103045,"Other. Athletic, recreational and sporting headgear."
6506103075,Other. Other.
6506106030,Motorcycle helmets.
6506106045,"Other. Athletic, recreational and sporting headgear."
6506106075,Other. Other.
6506910030,Bathing caps.
6506910045,"Visors, or other headgear which provides no covering for the crown of the head."
6506910060,Other.
6802930010,"Articles for monumental or building purposes of subheading 6802.23.00, not cut to size, with only one face surface-worked more than simply cut or sawn."
6802930020,"Articles for monumental or building purposes of subheading 6802.23.00, cut to size, with one or more faces or edges surface-worked more than simply cut or sawn. With a maximum thickness of 1.5 cm."
6802930025,"Articles for monumental or building purposes of subheading 6802.23.00, cut to size, with one or more faces or edges surface-worked more than simply cut or sawn. With a maximum thickness greater than 1.5 cm but not greater than 7.5 cm."
6802930035,"Articles for monumental or building purposes of subheading 6802.23.00, cut to size, with one or more faces or edges surface-worked more than simply cut or sawn. With a maximum thickness greater than 7.5 cm. Monuments, bases and markers."
6802930060,"Articles for monumental or building purposes of subheading 6802.23.00, cut to size, with one or more faces or edges surface-worked more than simply cut or sawn. With a maximum thickness greater than 7.5 cm. Other."
6802930090,Other.
6802990030,"Monuments, bases and markers."
6802990050,Other. Quartzite. Slabs.
6802990070,Other. Quartzite. Other.
6802990090,Other. Other.
6804210010,"Segments for circular sawblades, consisting of diamond agglomerated with metal."
6804210020,"Articles consisting of a continuous rim segment of diamond agglomerated with metal, attached to circular plates of steel (whether or not attached to non-steel plates)."
6804210030,"Articles consisting of multiple segments of diamond agglomerated with metal, attached to circular plates of steel, without cutting parts (whether or not attached to non-steel plates)."
6804210090,Other.
6806100010,Accoustical pads and boards.
6806100020,"Other. Batts, not exceeding 61 cm in width."
6806100040,"Other. Batts, exceeding 61 cm in width."
6806100060,Other. Pipe coverings.
6806100090,Other. Other.
6806900010,Accoustical pads and boards.
6806900020,Other. Of molded calcium silicate.
6806900090,Other. Other.
6807900010,Articles of a kind used for roofing or siding.
6807900050,Other.
6809110010,Of gypsum plaster.
6809110080,Other.
6810110010,"Containing by weight more than 70 percent magnesia, expressed as MgO, with carbon content ranging from trace amounts to less than 30 percent, and chemically bonded by resin or pitch."
6810110070,Other.
6810990020,"Agglomerated quartz slabs of the type used for countertops. In slabs of rectangular shape, with a length of 3 m or more and a width of 1.25 m or more."
6810990040,Agglomerated quartz slabs of the type used for countertops. Other.
6810990080,Other.
6813200010,Brake linings and pads. Articles for use in civil aircraft.
6813200015,Brake linings and pads. Other.
6813200020,Other. Articles for use in civil aircraft.
6813200025,Other. Other.
6813810010,"Articles for use in civil aircraft, with a basis of mineral substances."
6813810050,Other.
6813890010,"Articles for use in civil aircraft, with a basis of mineral substances."
6813890050,Other.
6815910011,"Containing by weight more than 70 percent magnesia, expressed as MgO, with carbon content ranging from trace amounts to less than 30 percent, and chemically bonded by resin or pitch."
6815910071,Other.
6815994110,"Containing by weight more than 70 percent magnesia, expressed as MgO, with carbon content ranging from trace amounts to less than 30 percent, and chemically bonded by resin or pitch."
6815994170,Other.
6902201010,Alumina.
6902201020,Other.
6902205010,Alumina.
6902205020,Other.
6902901010,Clay.
6902901020,Other.
6902905010,Clay.
6902905020,Other.
6903900010,Of clay.
6903900050,Other.
6904100010,Solid bricks. Heat insulating.
6904100020,Solid bricks. Other.
6904100030,Hollow bricks. Heat insulating.
6904100040,Hollow bricks. Other.
6905900010,Heat insulating.
6905900050,Other.
6907211005,"Tiles, whether or not rectangular, the largest surface area of which is capable of being enclosed in a square the side of which is less than 7 cm."
6907211011,"Other. Tiles, the largest surface area of which is capable of being enclosed in a square the side of which is 30 cm or less."
6907211051,Other. Other.
6907219011,"Tiles, the largest surface area of which is capable of being enclosed in a square the side of which is 30 cm or less."
6907219051,Other.
6907221005,"Tiles, whether or not rectangular, the largest surface area of which is capable of being enclosed in a square the side of which is less than 7 cm."
6907221011,"Other. Tiles, the largest surface area of which is capable of being enclosed in a square the side of which is 30 cm or less."
6907221051,Other. Other.
6907229011,"Tiles, the largest surface area of which is capable of being enclosed in a square the side of which is 30 cm or less."
6907229051,Other.
6907231005,"Tiles, whether or not rectangular, the largest surface area of which is capable of being enclosed in a square the side of which is less than 7 cm."
6907231011,"Other. Tiles, the largest surface area of which is capable of being enclosed in a square the side of which is 30 cm or less."
6907231051,Other. Other.
6907239011,"Tiles, the largest surface area of which is capable of being enclosed in a square the side of which is 30 cm or less."
6907239051,Other.
6907301005,"Cubes and the like, whether or not rectangular, the largest surface area of which is capable of being enclosed in a square the side of which is less than 7 cm."
6907301011,"Other. Cubes and the like, the largest surface area of which is capable of being enclosed in a square the side of which is 30cm or less."
6907301051,Other. Other.
6907309011,"Cubes and the like, the largest surface area of which is capable of being enclosed in a square the side of which is 30 cm or less."
6907309051,Other.
6907401005,"Finishing ceramics, whether or not rectangular, the largest surface area of which is capable of being enclosed in a square the side of which is less than 7 cm."
6907401011,"Other. Finishing ceramics, the largest surface area of which is capable of being enclosed in a square the side of which is 30 cm or less."
6907401051,Other. Other.
6907409011,"Finishing ceramics, the largest surface area of which is capable of being enclosed in a square the side of which is 30 cm or less."
6907409051,Other.
6909195010,Ceramic bearings.
6909195095,Other.
6910100005,"Water closet bowls, flushometer type."
6910100010,"Water closet bowls with tanks, in one piece."
6910100015,Flush tanks.
6910100020,Other water closet bowls.
6910100030,Sinks and lavatories.
6910100050,Other.
6911103510,"Plates not over 27.9 cm in maximum dimension; teacups and saucers; mugs; soups, fruits and cereals, the foregoing not over 22.9 cm in maximum dimension."
6911103550,Other.
6911103710,"Plates not over 27.9 cm in maximum dimension, teacups and saucers; mugs; soups, fruits and cereals, the foregoing not over 22.9 cm in maximum dimension."
6911103750,Other.
6911103810,"Plates not over 27.9 cm in maximum dimension; teacups and saucers; mugs; soups, fruits and cereals, the foregoing not over 22.9 cm in maximum dimension."
6911103850,Other.
6911108010,Suitable for food or drink contact.
6911108090,Other.
6911900010,Toilet articles.
6911900050,Other.
6912003510,"Plates not over 27.9 cm in maximum dimension; teacups and saucers; mugs; soups, fruits and cereals, the foregoing not over 22.9 cm in maximum dimension."
6912003550,Other.
6912003910,"Plates not over 27.9 cm in maximum dimension; teacups and saucers; mugs; soups, fruits and cereals, the foregoing not over 22.9 cm in maximum dimension."
6912003950,Other.
6912004810,Suitable for food or drink contact.
6912004890,Other.
7002390010,Of a length not exceeding 200 mm.
7002390090,Other.
7004202010,Measuring less than 5 mm in thickness.
7004202020,Measuring 5 mm and over in thickness.
7004902510,Measuring not over 0.26 m2 in area.
7004902520,Measuring over 0.26 but not over 0.58 m2 in area.
7004902550,Measuring over 0.58 m2 in area.
7004903010,Measuring not over 0.26 m2 in area. Measuring over 3.5 but not over 5 mm in thickness.
7004903020,Measuring not over 0.26 m2 in area. Measuring over 5 mm in thickness.
7004903050,Measuring over 0.26 but not over 0.65 m2 in area.
7005211010,Measuring less than 5 mm in thickness.
7005211030,Measuring 5 mm or more but less than 10 mm in thickness.
7005290410,Measuring not over 0.26 m2 in area.
7005290450,Measuring over 0.26 m2 but not over 0.65 m2 in area.
7005290810,Measuring not over 0.26 m2 in area.
7005290850,Measuring over 0.26 m2 but not over 0.65 m2 in area.
7005291410,Measuring less than 5 mm in thickness.
7005291450,Measuring 5 mm or more but less than 10 mm in thickness.
7005291810,Measuring less than 5 mm in thickness.
7005291850,Measuring 5 mm or more but less than 10 mm in thickness.
7006004010,Having an absorbent or reflecting layer.
7006004050,Other.
7007110010,For motor vehicles of chapter 87.
7007110090,Other.
7007211110,For motor vehicles of chapter 87.
7007211190,Other.
7009911010,Containing LED or fluorescent lighting.
7009911090,Other.
7009915010,Containing LED or fluorescent lighting.
7009915091,Other. Over-the-door mirrors of a kind described in statistical note 2 to this chapter.
7009915095,Other. Other.
7009921010,Containing LED or fluorescent lighting.
7009921090,Other.
7009925010,Containing LED or fluorescent lighting.
7009925091,Other. Over-the-door mirrors of a kind described in statistical note 2 to this chapter.
7009925095,Other. Other.
7010900510,Of a capacity exceeding 1 liter.
7010900520,Of a capacity exceeding 0.33 liter but not exceeding 1 liter.
7010900530,Of a capacity exceeding 0.15 liter but not exceeding 0.33 liter.
7010900540,Of a capacity not exceeding 0.15 liter.
7010902010,Of a capacity exceeding 1 liter.
7010902020,Of a capacity exceeding 0.33 liter but not exceeding 1 liter.
7010902030,Of a capacity exceeding 0.15 liter but not exceeding 0.33 liter.
7010902040,Of a capacity not exceeding 0.15 liter.
7010903010,Of a capacity exceeding 1 liter.
7010903020,Of a capacity exceeding 0.33 liter but not exceeding 1 liter.
7010903030,Of a capacity exceeding 0.15 liter but not exceeding 0.33 liter.
7010903040,Of a capacity not exceeding 0.15 liter.
7010905005,Of a capacity exceeding 1 liter. Having a mouth with an outer diameter of 38 mm or more.
7010905009,Of a capacity exceeding 1 liter. Other.
7010905015,Of a capacity exceeding 0.473 liter but not exceeding 1 liter. Having a mouth with an outer diameter of 38 mm or more.
7010905019,Of a capacity exceeding 0.473 liter but not exceeding 1 liter. Other.
7010905025,Of a capacity exceeding 0.33 liter but not exceeding 0.473 liter. Having a mouth with an outer diameter of 38 mm or more.
7010905029,Of a capacity exceeding 0.33 liter but not exceeding 0.473 liter. Other.
7010905035,Of a capacity exceeding 0.15 liter but not exceeding 0.33 liter. Having a mouth with an outer diameter of 38 mm or more.
7010905039,Of a capacity exceeding 0.15 liter but not exceeding 0.33 liter. Other.
7010905045,Of a capacity exceeding 0.118 liter but not exceeding 0.15 liter. Having a mouth with an outer diameter of 38 mm or more.
7010905049,Of a capacity exceeding 0.118 liter but not exceeding 0.15 liter. Other.
7010905055,Of a capacity not exceeding 0.118 liter.
7011208510,"Front panels for cathode-ray television picture tubes, including video monitor tubes, color, non-projection. With greatest diagonal measurement not exceeding 50 cm."
7011208525,"Front panels for cathode-ray television picture tubes, including video monitor tubes, color, non-projection. Other."
7011208540,Other.
7013282010,Crystalline or non-lead crystal.
7013282090,Other.
7013285010,Crystalline or non-lead crystal.
7013285090,Other.
7013286010,Crystalline or non-lead crystal.
7013286090,Other.
7013372010,Crystalline or non-lead crystal.
7013372090,Other.
7013375010,Crystalline or non-lead crystal.
7013375090,Other.
7013376010,Crystalline or non-lead crystal.
7013376090,Other.
7013492010,Crystalline or non-lead crystal.
7013492090,Other.
7013495010,Crystalline or non-lead crystal.
7013495090,Other.
7013496010,Crystalline or non-lead crystal.
7013496090,Other.
7013995010,Crystalline or non-lead crystal.
7013995090,Other.
7013998010,Crystalline or non-lead crystal.
7013998090,Other.
7013999010,Crystalline or non-lead crystal.
7013999090,Other.
7016901010,Bricks and blocks.
7016901050,Other.
7019120040,Of a kind used in industry as packing or lubricating materials.
7019120080,Other.
7019131540,Of a kind used in industry as packing or lubricating materials (201).
7019131580,Other (201).
7019614030,Silica filament fabric of filaments with silica content greater than 93 percent (622).
7019614060,Other (622).
7019619030,Silica filament fabric of filaments with silica content greater than 93 percent (622).
7019619060,Other (622).
7019624030,Silica filament fabric of filaments with silica content greater than 93 percent (622).
7019624060,Other (622).
7019629030,Silica filament fabric of filaments with silica content greater than 93 percent (622).
7019629060,Other (622).
7019631510,Weighing 185 grams or less per square meter (622).
7019631590,Other (622).
7019634030,Silica filament fabric of filaments with silica content greater than 93 percent (622).
7019634060,Other (622).
7019639030,Silica filament fabric of filaments with silica content greater than 93 percent (622).
7019639060,Other.
7019641510,Weighing 185 grams or less per square meter (622).
7019641590,Other (622).
7019644030,Silica filament fabric of filaments with silica content greater than 93 percent (622).
7019644060,Other (622).
7019649030,Silica filament fabric of filaments with silica content greater than 93 percent (622).
7019649060,Other (622).
7019659010,Weighing 185 grams or less per square meter (622).
7019659090,Other (622).
7019664010,Weighing 185 grams or less per square meter (622).
7019664021,"Weighing more than 215 grams per square meter, with a filament diameter of 7 to 13 microns (622)."
7019664096,Other (622).
7019669010,Weighing 185 grams or less per square meter (622).
7019669021,"Weighing more than 215 grams per square meter, with a filament diameter of 7 to 13 microns (622)."
7019669060,Other (622).
7019694010,Weighing 185 grams or less per square meter (622).
7019694021,"Weighing more than 215 grams per square meter, with a filament diameter of 7 to 13 microns (622)."
7019694096,Other (622).
7019699010,Weighing 185 grams or less per square meter (622).
7019699021,"Weighing more than 215 grams per square meter, with a filament diameter of 7 to 13 microns (622)."
7019699060,Other (622).
7019724030,Silica filament fabric of filaments with silica content greater than 93 percent (622).
7019724060,Other (622).
7019729030,Silica filament fabric of filaments with silica content greater than 93 percent (622).
7019729060,Other (622).
7019739010,Weighing 185 grams or less per square meter (622).
7019739090,Other (622).
7019801010,Batts.
7019801020,Pipe coverings.
7019801090,Other.
7019905120,Glass fibers in bulk.
7019905140,Glass fiber filters.
7019905150,Other.
7102211010,Carbonados.
7102211020,Other.
7102290010,Miners' diamonds. Carbonados.
7102290020,Miners' diamonds. Other.
7102290050,Other.
7102390010,Weighing not over 0.5 carat each.
7102390050,Weighing over 0.5 carat each.
7103910010,Rubies.
7103910020,Sapphires.
7103910030,Emeralds.
7105100011,Natural. 80 mesh or finer.
7105100015,Natural. Other.
7105100020,Synthetic. Coated with metal.
7105100030,Synthetic. Other. 80 mesh or finer.
7105100050,Synthetic. Other. Other.
7106911010,Bullion.
7106911020,Dore.
7108121013,Bullion. Containing by weight not less than 99.95 percent of gold.
7108121017,Bullion. Other.
7108121020,Dore.
7108125010,Containing by weight not less than 99.95 percent of gold.
7108125050,Other.
7110110010,Grain and nuggets of the metal platinum.
7110110020,Sponge of the metal platinum.
7110110050,Other.
7110410010,Separately. Iridium.
7110410020,Separately. Osmium.
7110410030,Separately. Ruthenium.
7110410050,Other.
7110490010,Iridium separately.
7110490050,Other.
7113195021,Of ISO standard platinum. Necklaces and neck chains.
7113195025,Of ISO standard platinum. Rings.
7113195030,Of ISO standard platinum. Earrings.
7113195045,Of ISO standard platinum. Other.
7113195091,"Other. Articles of jewelry, of gold, other than rope, curb, cable, chain, necklaces, neck chains or clasps."
7113195095,Other. Other.
7114200040,"Articles not elsewhere specified or included, of a type used for household, table or kitchen use; toilet or sanitary ware."
7114200060,Other.
7115900530,Of gold.
7115900560,Of silver.
7115900590,Other.
7118900011,Gold. Canadian maple leaf.
7118900019,Gold. Other.
7118900020,Platinum.
7118900055,Other.
7202290010,Containing by weight over 2 percent of magnesium.
7202290050,Other.
7202495010,Containing by weight more than 0.5 percent of carbon.
7202495090,Other.
7202998020,Ferrophosphorus.
7202998040,Other.
7204410020,No. 1 bundles.
7204410040,No. 2 bundles.
7204410060,"Borings, shovelings and turnings."
7204410080,Other.
7204490020,No. 1 heavy melting.
7204490040,No. 2 heavy melting.
7204490060,Other. Cut plate and structural.
7204490070,Other. Shredded.
7204490080,Other. Other.
7207120010,Having a width measuring less than four times the thickness.
7207120050,Having a width measuring at least four times the thickness.
7207190030,Of circular cross section.
7207190090,Other.
7207200025,Of rectangular (including square) cross section. Having a width measuring less than four times the thickness.
7207200045,Of rectangular (including square) cross section. Having a width measuring at least four times the thickness.
7207200075,Of circular cross section.
7207200090,Other.
7208260030,High-strength steel.
7208260060,Other.
7208270040,High-strength steel. “Advanced” or “ultra” of a kind described in statistical note 4 to this chapter.
7208270045,High-strength steel. Other.
7208270060,Other.
7208360030,High-strength steel.
7208360060,Other.
7208370030,High-strength steel.
7208370060,Other.
7208380015,High-strength steel.
7208380030,Other. With untrimmed edges.
7208380090,Other. Other.
7208390020,High-strength steel. “Advanced” or “ultra” of a kind described in statistical note 4 to this chapter.
7208390025,High-strength steel. Other.
7208390030,Other. With untrimmed edges.
7208390090,Other. Other.
7208403030,Of a thickness exceeding 10 mm.
7208403060,Other.
7208406030,Of a thickness less than 3 mm.
7208406060,Other.
7208510030,Universal mill plate.
7208510045,Other. Of high-strength steel.
7208510060,Other. Other.
7209160040,Of high-strength steel. Annealed. “Advanced” or “ultra” of a kind described in statistical note 4 to this chapter.
7209160045,Of high-strength steel. Annealed. Other.
7209160060,Of high-strength steel. Other.
7209160070,Other. Annealed.
7209160091,Other. Other.
7209170040,Of high-strength steel. Annealed. “Advanced” or “ultra” of a kind described in statistical note 4 to this chapter.
7209170045,Of high-strength steel. Annealed. Other.
7209170060,Of high-strength steel. Other.
7209170070,Other. Annealed.
7209170091,Other. Other.
7209181530,Annealed.
7209181560,Other.
7209182520,Annealed.
7209182585,Other.
7209186020,Annealed.
7209186090,Other.
7210300030,Of high-strength steel.
7210300060,Other.
7210490040,Of high-strength steel. “Advanced” or “ultra” of a kind described in statistical note 4 to this chapter.
7210490045,Of high-strength steel. Other.
7210490091,Other. Of a thickness of 0.4 mm or more.
7210490095,Other. Other.
7210500020,Of a width less than 1050 mm.
7210500090,Other.
7210706030,Zinc coated or plated. Electrolytically coated or plated.
7210706060,Zinc coated or plated. Other.
7210706090,Other.
7211140030,Of high-strength steel.
7211140045,Other. Not in coils.
7211140090,Other. Other.
7211197530,In coils. With untrimmed edges.
7211197560,In coils. Other.
7211197590,Other.
7211236030,Of a thickness exceeding 1.25 mm.
7211236060,Of a thickness exceeding 0.25 mm but not exceeding 1.25 mm.
7211236090,Of a thickness not exceeding 0.25 mm.
7211292030,"Of a width less than 51 mm, in coils."
7211292090,Other.
7211296030,Of a thickness exceeding 1.25 mm.
7211296080,Other.
7212301030,"Of a width less than 51 mm, in coils."
7212301090,Other.
7213200010,Containing by weight 0.1 percent or more of lead.
7213200080,Other.
7213913011,Tire cord-quality steel wire rod of a kind described in statistical note 5 to this chapter.
7213913015,Of Cold Heading Quality (CHQ) steel of a kind described in statistical note 6 to this chapter.
7213913020,Of welding quality wire rods of a kind described in statistical note 7 to this chapter.
7213913093,Other.
7213990030,Of circular cross section. With a diameter of 14 mm or more but less than 19 mm.
7213990060,Of circular cross section. With a diameter of 19 mm or more.
7213990090,Other.
7214300010,Containing by weight 0.1 percent or more of lead.
7214300080,Other.
7214910016,Containing by weight less than 0.25 percent of carbon. With a maximum cross section less than 152 mm.
7214910020,Containing by weight less than 0.25 percent of carbon. With a maximum cross section of 152 mm or more.
7214910060,Containing by weight 0.25 percent or more but less than 0.6 percent of carbon.
7214910090,Containing by weight 0.6 percent or more of carbon.
7214990016,Rounds. Containing by weight less than 0.25 percent of carbon. With a diameter less than 76 mm.
7214990021,Rounds. Containing by weight less than 0.25 percent of carbon. With a diameter of 76 mm or more but not exceeding 152 mm.
7214990026,Rounds. Containing by weight less than 0.25 percent of carbon. With a diameter exceeding 152 mm.
7214990031,Rounds. Containing by weight 0.25 percent or more but less than 0.6 percent of carbon. With a diameter less than 76 mm.
7214990036,Rounds. Containing by weight 0.25 percent or more but less than 0.6 percent of carbon. With a diameter of 76 mm or more but not exceeding 152 mm.
7214990040,Rounds. Containing by weight 0.25 percent or more but less than 0.6 percent of carbon. With a diameter exceeding 152 mm.
7214990045,Rounds. Containing by weight 0.6 percent or more of carbon.
7214990060,Other. Containing by weight less than 0.25 percent of carbon.
7214990075,Other. Containing by weight 0.25 percent or more but less than 0.6 percent of carbon.
7214990090,Other. Containing by weight 0.6 percent or more of carbon.
7215100010,Containing by weight 0.1 percent or more of lead.
7215100080,Other.
7215500016,Containing by weight less than 0.25 percent of carbon. With a diameter or cross section measuring less than 76 mm.
7215500018,Containing by weight less than 0.25 percent of carbon. With a diameter or cross section measuring 76 mm or more but not exceeding 228 mm.
7215500020,Containing by weight less than 0.25 percent of carbon. With a diameter or cross section exceeding 228 mm.
7215500061,Containing by weight 0.25 percent or more but less than 0.6 percent of carbon. With a diameter or cross section measuring less than 76 mm.
7215500063,Containing by weight 0.25 percent or more but less than 0.6 percent of carbon. With a diameter or cross section measuring 76 mm or more but not exceeding 228 mm.
7215500065,Containing by weight 0.25 percent or more but less than 0.6 percent of carbon. With a diameter or cross section exceeding 228 mm.
7215500090,Containing by weight 0.6 percent or more of carbon.
7216100010,U sections.
7216100050,Other.
7216330030,"Weighing not more than 11.3 kg per 30.5 cm, with a web depth measuring 102 mm to 356 mm."
7216330060,"Weighing more than 11.3 kg but not more than 27.2 kg per 30.5 cm, with a web depth measuring 203 mm to 457 mm."
7216330090,Other.
7216400010,L sections.
7216400050,Other.
7216910010,"Drilled, notched, punched or cambered."
7216910090,Other.
7216990010,"Drilled, notched, punched or cambered."
7216990090,Other.
7217104040,Heat treated. In coils weighing not more than 2 kilograms.
7217104045,Heat treated. Other.
7217104090,Other.
7217105030,Heat treated.
7217105090,Other.
7217108010,Containing by weight 0.25 percent or more but less than 0.6 percent of carbon. Heat treated.
7217108020,Containing by weight 0.25 percent or more but less than 0.6 percent of carbon. Other.
7217108025,Containing by weight 0.6 percent or more of carbon. Heat treated. With a diameter of less than 1.0 mm.
7217108030,Containing by weight 0.6 percent or more of carbon. Heat treated. With a diameter of 1.0 mm or more but less than 1.5 mm.
7217108045,Containing by weight 0.6 percent or more of carbon. Heat treated. With a diameter of 1.5 mm or more.
7217108060,Containing by weight 0.6 percent or more of carbon. Other. With a diameter of less than 1.0 mm.
7217108075,Containing by weight 0.6 percent or more of carbon. Other. With a diameter of 1.0 mm or more but less than 1.5 mm.
7217108090,Containing by weight 0.6 percent or more of carbon. Other. With a diameter of 1.5 mm or more.
7217204510,With a diameter of less than 1.0 mm. Containing by weight less than 0.25 percent of carbon.
7217204520,With a diameter of less than 1.0 mm. Containing by weight 0.25 percent or more but less than 0.6 percent of carbon.
7217204530,With a diameter of less than 1.0 mm. Containing by weight 0.6 percent or more of carbon.
7217204540,With a diameter of 1.0 mm or more but less than 1.5 mm. Containing by weight less than 0.25 percent of carbon.
7217204550,With a diameter of 1.0 mm or more but less than 1.5 mm. Containing by weight 0.25 percent or more but less than 0.6 percent of carbon.
7217204560,With a diameter of 1.0 mm or more but less than 1.5 mm. Containing by weight 0.6 percent or more of carbon.
7217204570,With a diameter of 1.5 mm or more. Containing by weight 0.25 percent or more but less than 0.6 percent of carbon.
7217204580,With a diameter of 1.5 mm or more. Containing by weight 0.6 percent or more of carbon.
7217301530,Containing by weight 0.6 percent or more of carbon.
7217301560,Other.
7217304504,"Containing by weight less than 0.20 percent of carbon, and suitable for electric arc welding."
7217304511,Other. With a diameter of less than 1.0 mm. Containing by weight less than 0.25 percent of carbon.
7217304520,Other. With a diameter of less than 1.0 mm. Containing by weight 0.25 percent or more but less than 0.6 percent or carbon.
7217304530,Other. With a diameter of less than 1.0 mm. Containing by weight 0.6 percent or more of carbon.
7217304541,Other. With a diameter of 1.0 mm or more but less than 1.5 mm. Containing by weight less than 0.25 percent of carbon.
7217304550,Other. With a diameter of 1.0 mm or more but less than 1.5 mm. Containing by weight 0.25 percent or more but less than 0.6 percent of carbon.
7217304560,Other. With a diameter of 1.0 mm or more but less than 1.5 mm. Containing by weight 0.6 percent or more of carbon.
7217304590,Other. With a diameter of 1.5 mm or more.
7217905030,Containing by weight less than 0.25 percent of carbon.
7217905060,Containing by weight 0.25 percent or more but less than 0.6 percent of carbon.
7217905090,Containing by weight 0.6 percent or more of carbon.
7218910015,Having a width less than four times the thickness. Having a cross-sectional area of less than 232 cm2.
7218910030,Having a width less than four times the thickness. Having a cross-sectional area of 232 cm2 or more.
7218910060,Having a width at least four times the thickness.
7218990015,Of square cross section. Having a cross-sectional area of less than 232 cm2.
7218990030,Of square cross section. Having a cross-sectional area of 232 cm2 or more.
7218990045,Of circular cross section. Having a cross-sectional area of less than 232 cm2.
7218990060,Of circular cross section. Having a cross-sectional area of 232 cm2 or more.
7218990090,Other.
7219110030,Of a width not exceeding 1575 mm.
7219110060,Of a width exceeding 1575 mm.
7219120002,Not annealed or not pickled.
7219120006,Other. Of high-nickel alloy steel.
7219120021,Other. Other. Of a width of 1370 mm or more. Of a thickness exceeding 6.8 mm. Of a width not exceeding 1575 mm.
7219120026,Other. Other. Of a width of 1370 mm or more. Of a thickness exceeding 6.8 mm. Of a width exceeding 1575 mm.
7219120051,Other. Other. Of a width of 1370 mm or more. Other. Of a width not exceeding 1575 mm.
7219120056,Other. Other. Of a width of 1370 mm or more. Other. Of a width exceeding 1575 mm.
7219120066,Other. Other. Other. Containing more than 0.5 percent by weight of nickel. Containing more than 1.5 percent but less than 5 percent by weight of molybdenum.
7219120071,Other. Other. Other. Containing more than 0.5 percent by weight of nickel. Other.
7219120081,Other. Other. Other. Other.
7219130002,Not annealed or not pickled.
7219130031,Other. Of a width of 1370 mm or more.
7219130051,Other. Other. Containing more than 0.5 percent but less than 24 percent by weight of nickel. Containing more than 1.5 percent but less than 5 percent by weight of molybdenum.
7219130071,Other. Other. Containing more than 0.5 percent but less than 24 percent by weight of nickel. Other.
7219130081,Other. Other. Other.
7219140030,Of a width of 1370 mm or more.
7219140065,Other. Of high-nickel alloy steel.
7219140090,Other. Other.
7219210005,Of high-nickel alloy steel.
7219210020,Other. Of a width not exceeding 1575 mm.
7219210040,Other. Of a width exceeding 1575 mm but not exceeding 1880 mm.
7219210060,Other. Of a width exceeding 1880 mm.
7219220005,Of high-nickel alloy steel.
7219220015,Other. Containing more than 0.5 percent by weight of nickel. Containing more than 1.5 percent but less than 5 percent by weight of molybdenum. Of a width not exceeding 1575 mm.
7219220020,Other. Containing more than 0.5 percent by weight of nickel. Containing more than 1.5 percent but less than 5 percent by weight of molybdenum. Of a width exceeding 1575 mm but not exceeding 1880 mm.
7219220025,Other. Containing more than 0.5 percent by weight of nickel. Containing more than 1.5 percent but less than 5 percent by weight of molybdenum. Of a width exceeding 1880 mm.
7219220035,Other. Containing more than 0.5 percent by weight of nickel. Other. Of a width not exceeding 1575 mm.
7219220040,Other. Containing more than 0.5 percent by weight of nickel. Other. Of a width exceeding 1575 mm but not exceeding 1880 mm.
7219220045,Other. Containing more than 0.5 percent by weight of nickel. Other. Of a width exceeding 1880 mm.
7219220070,Other. Other. Of a width not exceeding 1575 mm.
7219220075,Other. Other. Of a width exceeding 1575 mm but not exceeding 1880 mm.
7219220080,Other. Other. Of a width exceeding 1880 mm.
7219230030,Of a width of 1370 mm or more.
7219230060,Other.
7219240030,Of a width of 1370 mm or more.
7219240060,Other.
7219310010,In coils.
7219310050,Not in coils.
7219320005,In coils. Of a width of 1370 mm or more. Of high-nickel alloy steel.
7219320020,In coils. Of a width of 1370 mm or more. Other. Containing more than 0.5 percent by weight of nickel.
7219320025,In coils. Of a width of 1370 mm or more. Other. Other.
7219320035,In coils. Other. Of high-nickel alloy steel.
7219320036,In coils. Other. Other. Containing more than 0.5 percent by weight of nickel. Containing more than 1.5 percent but less than 5 percent by weight of molybdenum.
7219320038,In coils. Other. Other. Containing more than 0.5 percent by weight of nickel. Other.
7219320042,In coils. Other. Other. Other. Containing less than 15 percent by weight of chromium.
7219320044,In coils. Other. Other. Other. Other.
7219320045,Not in coils. Of a width of 1370 mm or more.
7219320060,Not in coils. Other.
7219330005,In coils. Of a width of 1370 mm or more. Of high-nickel alloy steel.
7219330020,In coils. Of a width of 1370 mm or more. Other. Containing more than 0.5 percent by weight of nickel.
7219330025,In coils. Of a width of 1370 mm or more. Other. Other.
7219330035,In coils. Other. Of high-nickel alloy steel.
7219330036,In coils. Other. Other. Containing more than 0.5 percent by weight of nickel. Containing more than 1.5 percent but less than 5 percent by weight of molybdenum.
7219330038,In coils. Other. Other. Containing more than 0.5 percent by weight of nickel. Other.
7219330042,In coils. Other. Other. Other. Containing less than 15 percent by weight of chromium.
7219330044,In coils. Other. Other. Other. Other.
7219330045,Not in coils. Of a width of 1370 mm or more.
7219330070,Not in coils. Other. Containing more than 0.5 percent but less than 24 percent by weight of nickel.
7219330080,Not in coils. Other. Other.
7219340005,In coils. Of high-nickel alloy steel.
7219340020,In coils. Other. Containing more than 0.5 percent by weight of nickel. Containing more than 1.5 percent but less than 5 percent by weight of molybdenum.
7219340025,In coils. Other. Containing more than 0.5 percent by weight of nickel. Other.
7219340030,In coils. Other. Other. Containing less than 15 percent by weight of chromium.
7219340035,In coils. Other. Other. Other.
7219340050,Not in coils.
7219350005,In coils. Containing more than 0.5 percent but less than 24 percent by weight of nickel. Containing more than 1.5 percent but less than 5 percent by weight of molybdenum.
7219350015,In coils. Containing more than 0.5 percent but less than 24 percent by weight of nickel. Other.
7219350030,In coils. Other. Containing less than 15 percent by weight of chromium.
7219350035,In coils. Other. Other.
7219350050,Not in coils.
7219900010,Of high-nickel alloy steel.
7219900020,Other. Containing more than 0.5 percent by weight of nickel. Containing more than 1.5 percent but less than 5 percent by weight of molybdenum.
7219900025,Other. Containing more than 0.5 percent by weight of nickel. Other.
7219900060,Other. Other. Containing less than 15 percent by weight of chromium.
7219900080,Other. Other. Other.
7220201010,Containing more than 0.5 percent but less than 24 percent by weight of nickel. Containing more than 1.5 percent but less than 5 percent by weight of molybdenum.
7220201015,Containing more than 0.5 percent but less than 24 percent by weight of nickel. Other.
7220201060,Other. Containing less than 15 percent by weight of chromium.
7220201080,Other. Other.
7220206005,Of high-nickel alloy steel.
7220206010,Other. Containing more than 0.5 percent by weight of nickel. Containing more than 1.5 percent but less than 5 percent by weight of molybdenum.
7220206015,Other. Containing more than 0.5 percent by weight of nickel. Other.
7220206060,Other. Other. Containing less than 15 percent by weight of chromium.
7220206080,Other. Other. Other.
7220207005,Of high-nickel alloy steel.
7220207010,Other. Containing more than 0.5 percent by weight of nickel. Containing more than 1.5 percent but less than 5 percent by weight of molybdenum.
7220207015,Other. Containing more than 0.5 percent by weight of nickel. Other.
7220207060,Other. Other. Containing less than 15 percent by weight of chromium.
7220207080,Other. Other. Other.
7220209030,Containing more than 0.5 percent but less than 24 percent by weight of nickel.
7220209060,Other.
7220900010,Containing more than 0.5 percent but less than 24 percent by weight of nickel. Containing more than 1.5 percent but less than 5 percent by weight of molybdenum.
7220900015,Containing more than 0.5 percent but less than 24 percent by weight of nickel. Other.
7220900060,Other. Containing less than 15 percent by weight of chromium.
7220900080,Other. Other.
7221000005,Of high-nickel alloy steel.
7221000017,Other. Of circular cross section. With a diameter of less than 14 mm. Containing less than 8 percent by weight of nickel.
7221000018,Other. Of circular cross section. With a diameter of less than 14 mm. Containing 8 percent or more but less than 24 percent by weight of nickel.
7221000030,Other. Of circular cross section. With a diameter of 14 mm or more but less than 19 mm.
7221000045,Other. Of circular cross section. With a diameter of 19 mm or more.
7221000075,Other. Other.
7222110001,Electroslag or vacuum arc remelted.
7222110006,Of high-nickel alloy steel.
7222110057,Other. With a maximum cross-sectional dimension of less than 152.4 mm. Containing less than 8 percent by weight of nickel.
7222110059,Other. With a maximum cross-sectional dimension of less than 152.4 mm. Containing 8 percent or more but less than 24 percent by weight of nickel.
7222110082,Other. With a maximum cross-sectional dimension of 152.4 mm or more. Containing less than 8 percent by weight of nickel.
7222110084,Other. With a maximum cross-sectional dimension of 152.4 mm or more. Containing 8 percent or more but less than 24 percent by weight of nickel.
7222190001,Electroslag or vacuum arc remelted.
7222190006,Other. Of high-nickel alloy steel.
7222190052,Other. Other. Containing less than 8 percent by weight of nickel.
7222190054,Other. Other. Containing 8 percent or more but less than 24 percent by weight of nickel.
7222200001,Electroslag or vacuum arc remelted.
7222200006,Of high-nickel alloy steel.
7222200041,Other. Of a circular cross-section. With a maximum circular cross-sectional dimension of less than 18 mm. Containing less than 8 percent by weight of nickel.
7222200043,Other. Of a circular cross-section. With a maximum circular cross-sectional dimension of less than 18 mm. Containing 8 percent or more but less than 24 percent by weight of nickel.
7222200062,Other. Of a circular cross-section. With a maximum circular cross-sectional dimension of 18 mm or more and less than 152.4 mm. Containing less than 8 percent by weight of nickel.
7222200064,Other. Of a circular cross-section. With a maximum circular cross-sectional dimension of 18 mm or more and less than 152.4 mm. Containing 8 percent or more but less than 24 percent by weight of nickel.
7222200067,Other. Of a circular cross-section. With a maximum circular cross-sectional dimension of 152.4 mm or more. Containing less than 8 percent by weight of nickel.
7222200069,Other. Of a circular cross-section. With a maximum circular cross-sectional dimension of 152.4 mm or more. Containing 8 percent or more but less than 24 percent by weight of nickel.
7222200071,Other. Other. Containing less than 8 percent by weight of nickel.
7222200073,Other. Other. Containing 8 percent or more but less than 24 percent by weight of nickel.
7222300001,Electroslag or vacuum arc remelted.
7222300012,Of high-nickel alloy steel.
7222300022,Other. With a maximum cross-sectional dimension of less than 152.4 mm. Containing less than 8 percent by weight of nickel.
7222300024,Other. With a maximum cross-sectional dimension of less than 152.4 mm. Containing 8 percent or more but less than 24 percent by weight of nickel.
7222300082,Other. With a maximum cross-sectional dimension of 152.4 mm or more. Containing less than 8 percent by weight of nickel.
7222300084,Other. With a maximum cross-sectional dimension of 152.4 mm or more. Containing 8 percent or more but less than 24 percent by weight of nickel.
7222403025,With a maximum cross-sectional dimension of 80 mm or more. Angles.
7222403045,With a maximum cross-sectional dimension of 80 mm or more. Other.
7222403065,With a maximum cross-sectional dimension of less than 80 mm. Angles.
7222403085,With a maximum cross-sectional dimension of less than 80 mm. Other.
7223001005,Spring round wire of a kind described in statistical note 8 to this chapter.
7223001016,Other. With a diameter of less than 0.25 mm.
7223001031,Other. With a diameter of 0.25 mm or more but less than 0.76 mm.
7223001046,Other. With a diameter of 0.76 mm or more but less than 1.52 mm.
7223001061,Other. With a diameter of 1.52 mm or more but less than 5.1 mm.
7223001076,Other. With a diameter of 5.1 mm or more.
7224100005,Of high-nickel alloy steel.
7224100045,Other. Of tool steel.
7224100075,Other. Other.
7224900005,Of high-nickel alloy steel.
7224900015,Other. Of tool steel. Of rectangular (including square) cross section. Having a width less than four times the thickness.
7224900025,Other. Of tool steel. Of rectangular (including square) cross section. Having a width at least four times the thickness.
7224900035,Other. Of tool steel. Other.
7224900045,Other. Other. Of rectangular (including square) cross section. Having a width less than four times the thickness.
7224900055,Other. Other. Of rectangular (including square) cross section. Having a width at least four times the thickness.
7224900065,Other. Other. Of circular cross section.
7224900075,Other. Other. Other.
7225301110,Of high-speed steel.
7225301180,Other.
7225303005,Of high-nickel alloy steel.
7225303050,Other.
7225305110,Of high-speed steel.
7225305180,Other.
7225401110,Of high-speed steel.
7225401180,Other.
7225403005,Of high-nickel alloy steel.
7225403050,Other.
7225405110,Of high-speed steel.
7225405130,Of ball-bearing steel.
7225405160,Other.
7225501110,Of high-speed steel.
7225501130,Of ball-bearing steel.
7225501160,Other.
7225508010,Of high-nickel alloy steel.
7225508080,Other.
7225990010,Of high-nickel alloy steel.
7225990090,Other.
7226119030,Of thickness not exceeding 0.25 mm.
7226119060,Other.
7226911530,Of ball-bearing steel.
7226911560,Other.
7226912530,Of ball-bearing steel.
7226912560,Other.
7226921030,Of ball-bearing steel.
7226921060,Other.
7226923030,Of ball-bearing steel.
7226923060,Other.
7226927005,Of high-nickel alloy steel.
7226927050,Other.
7226928005,Of high-nickel alloy steel.
7226928050,Other.
7226990110,Electrolytically plated or coated with zinc.
7226990130,Otherwise plated or coated with zinc.
7226990180,Other.
7227200030,Of welding quality wire rods of a kind described in statistical note 7 to this chapter.
7227200080,Other.
7227901030,Of ball-bearing steel.
7227901060,Other.
7227902030,Of ball-bearing steel.
7227902060,Other.
7227906005,Of high-nickel alloy steel.
7227906010,Of Cold Heading Quality (CHQ) steel of a kind described in statistical note 6 to this chapter.
7227906020,Of welding quality wire rods of a kind described in statistical note 7 to this chapter.
7227906030,Of a circular cross section. With a diameter of less than 14 mm.
7227906035,Of a circular cross section. With a diameter of 14 mm or more but less than 19 mm.
7227906040,Of a circular cross section. With a diameter of 19 mm or more.
7227906090,Other.
7228100010,Not cold-formed.
7228100030,Cold-formed. With a maximum cross-sectional dimension of less than 18 mm.
7228100060,Cold-formed. With a maximum cross-sectional dimension of 18 mm or more.
7228308005,Of high-nickel alloy steel.
7228308010,Concrete reinforcing bars and rods.
7228308015,Other. With a diameter or cross section measuring less than 76 mm.
7228308041,Other. With a diameter or cross section measuring 76 mm or more but not exceeding 152 mm.
7228308045,Other. With a diameter or cross section measuring 152 mm or more but not exceeding 228 mm.
7228308070,Other. With a diameter or cross section exceeding 228 mm.
7228501010,Of ball-bearing steel.
7228501020,"Other. With a maximum cross-sectional dimension of less than 18 mm. Of round or rectangular cross section with surfaces ground, milled or polished."
7228501040,Other. With a maximum cross-sectional dimension of less than 18 mm. Other.
7228501060,"Other. With a maximum cross-sectional dimension of 18 mm or more. Of round or rectangular cross section with surfaces ground, milled or polished."
7228501080,Other. With a maximum cross-sectional dimension of 18 mm or more. Other.
7228505005,Of high-nickel alloy steel.
7228505015,Other. With a diameter or cross section measuring less than 76 mm.
7228505040,Other. With a diameter or cross section measuring 76 mm or more but not exceeding 228 mm.
7228505070,Other. With a diameter or cross section exceeding 228 mm.
7228601030,Of ball-bearing steel.
7228601060,Other.
7228703010,"U, I, H and T sections."
7228703020,Other. With a maximum cross-sectional dimension of 76 mm or more. Angles.
7228703041,Other. With a maximum cross-sectional dimension of 76 mm or more. Other.
7228703060,Other. With a maximum cross-sectional dimension of less than 76 mm. Angles.
7228703081,Other. With a maximum cross-sectional dimension of less than 76 mm. Other.
7229200010,"Round, with a diameter of less than or equal to 1.6 mm, containing by weight less than 0.20 percent of carbon, more than 0.9 percent of manganese, and more than 0.6 percent of silicon, and suitable for electric arc welding. Plated or coated with copper."
7229200015,"Round, with a diameter of less than or equal to 1.6 mm, containing by weight less than 0.20 percent of carbon, more than 0.9 percent of manganese, and more than 0.6 percent of silicon, and suitable for electric arc welding. Other."
7229200090,Other.
7229905006,"With a diameter of less than or equal to 1.6 mm, containing by weight less than 0.20 percent of carbon and more than 0.3 percent of nickel or more than 0.08 percent of molybdenum, and suitable for electric arc welding. Plated or coated with copper."
7229905008,"With a diameter of less than or equal to 1.6 mm, containing by weight less than 0.20 percent of carbon and more than 0.3 percent of nickel or more than 0.08 percent of molybdenum, and suitable for electric arc welding. Other."
7229905016,Other. With a diameter of less than 1.0 mm.
7229905031,Other. With a diameter of 1.0 mm or more but less than 1.5 mm.
7229905051,Other. With a diameter of 1.5 mm or more.
7302101010,New. Not heat treated. Standard tee rails over 30 kg per meter.
7302101015,New. Not heat treated. Other. Over 30 kg per meter.
7302101025,New. Not heat treated. Other. Other.
7302101035,New. Heat treated. Standard tee rails over 30 kg per meter.
7302101045,New. Heat treated. Other. Over 30 kg per meter.
7302101055,New. Heat treated. Other. Other.
7302101065,Used. Railway rails for rerolling.
7302101075,Used. Other.
7302105020,New.
7302105040,Used. Railway rails for rerolling.
7302105060,Used. Other.
7303000030,Soil pipe.
7303000060,Pressure pipe with an inside diameter of less than 356 mm.
7303000090,Other.
7304110020,Having an outside diameter not exceeding 114.3 mm.
7304110050,Having an outside diameter exceeding 114.3 mm but not exceeding 406.4 mm.
7304110080,Having an outside diameter exceeding 406.4 mm.
7304191020,Having an outside diameter not exceeding 114.3 mm.
7304191030,Having an outside diameter exceeding 114.3 mm but less than 215.9 mm.
7304191045,Having an outside diameter of 215.9 mm or more but not exceeding 406.4 mm. Having a wall thickness less than 12.7 mm.
7304191060,Having an outside diameter of 215.9 mm or more but not exceeding 406.4 mm. Having a wall thickness of 12.7 mm or more.
7304191080,Having an outside diameter exceeding 406.4 mm.
7304195020,Having an outside diameter not exceeding 114.3 mm.
7304195050,Having an outside diameter exceeding 114.3 mm but not exceeding 406.4 mm.
7304195080,Having an outside diameter exceeding 406.4 mm.
7304220030,Having an outside diameter not exceeding 168.3 mm. Having a wall thickness not exceeding 9.5 mm.
7304220045,Having an outside diameter not exceeding 168.3 mm. Having a wall thickness exceeding 9.5 mm.
7304220060,Having an outside diameter exceeding 168.3 mm.
7304236030,Having an outside diameter not exceeding 168.3 mm. Having a wall thickness not exceeding 9.5 mm.
7304236045,Having an outside diameter not exceeding 168.3 mm. Having a wall thickness exceeding 9.5 mm.
7304236060,Having an outside diameter exceeding 168.3 mm.
7304243010,Having an outside diameter less than 215.9 mm. Having a wall thickness less than 12.7 mm.
7304243020,Having an outside diameter less than 215.9 mm. Having a wall thickness of 12.7 mm or more.
7304243030,Having an outside diameter of 215.9 mm or more but not exceeding 285.8 mm. Having a wall thickness less than 12.7 mm.
7304243040,Having an outside diameter of 215.9 mm or more but not exceeding 285.8 mm. Having a wall thickness of 12.7 mm or more.
7304243045,Having an outside diameter exceeding 285.8 mm but not exceeding 406.4 mm.
7304243080,Having an outside diameter exceeding 406.4 mm.
7304244010,Having an outside diameter less than 215.9 mm. Having a wall thickness less than 12.7 mm.
7304244020,Having an outside diameter less than 215.9 mm. Having a wall thickness of 12.7 mm or more.
7304244030,Having an outside diameter of 215.9 mm or more but not exceeding 285.8 mm. Having a wall thickness less than 12.7 mm.
7304244040,Having an outside diameter of 215.9 mm or more but not exceeding 285.8 mm. Having a wall thickness of 12.7 mm or more.
7304244050,Having an outside diameter exceeding 285.8 mm but not exceeding 406.4 mm. Having a wall thickness less than 12.7 mm.
7304244060,Having an outside diameter exceeding 285.8 mm but not exceeding 406.4 mm. Having a wall thickness of 12.7 mm or more.
7304244080,Having an outside diameter exceeding 406.4 mm.
7304246015,Having an outside diameter not exceeding 114.3 mm. Having a wall thickness not exceeding 9.5 mm.
7304246030,Having an outside diameter not exceeding 114.3 mm. Having a wall thickness exceeding 9.5 mm.
7304246045,Having an outside diameter exceeding 114.3 mm but less than 215.9 mm.
7304246060,Having an outside diameter of 215.9 mm or more but not exceeding 406.4 mm.
7304246075,Having an outside diameter exceeding 406.4 mm.
7304291010,Having an outside diameter less than 215.9 mm. Having a wall thickness less than 12.7 mm.
7304291020,Having an outside diameter less than 215.9 mm. Having a wall thickness of 12.7 mm or more.
7304291030,Having an outside diameter of 215.9 mm or more but not exceeding 285.8 mm. Having a wall thickness less than 12.7 mm.
7304291040,Having an outside diameter of 215.9 mm or more but not exceeding 285.8 mm. Having a wall thickness of 12.7 mm or more.
7304291050,Having an outside diameter exceeding 285.8 mm but not exceeding 406.4 mm. Having a wall thickness less than 12.7 mm.
7304291060,Having an outside diameter exceeding 285.8 mm but not exceeding 406.4 mm. Having a wall thickness of 12.7 mm or more.
7304291080,Having an outside diameter exceeding 406.4 mm.
7304292010,Having an outside diameter less than 215.9 mm. Having a wall thickness less than 12.7 mm.
7304292020,Having an outside diameter less than 215.9 mm. Having a wall thickness of 12.7 mm or more.
7304292030,Having an outside diameter of 215.9 mm or more but not exceeding 285.8 mm. Having a wall thickness less than 12.7 mm.
7304292040,Having an outside diameter of 215.9 mm or more but not exceeding 285.8 mm. Having a wall thickness of 12.7 mm or more.
7304292050,Having an outside diameter exceeding 285.8 mm but not exceeding 406.4 mm. Having a wall thickness less than 12.7 mm.
7304292060,Having an outside diameter exceeding 285.8 mm but not exceeding 406.4 mm. Having a wall thickness of 12.7 mm or more.
7304292080,Having an outside diameter exceeding 406.4 mm.
7304293110,Having an outside diameter less than 215.9 mm. Having a wall thickness less than 12.7 mm.
7304293120,Having an outside diameter less than 215.9 mm. Having a wall thickness of 12.7 mm or more.
7304293130,Having an outside diameter of 215.9 mm or more but not exceeding 285.8 mm. Having a wall thickness less than 12.7 mm.
7304293140,Having an outside diameter of 215.9 mm or more but not exceeding 285.8 mm. Having a wall thickness of 12.7 mm or more.
7304293150,Having an outside diameter exceeding 285.8 mm but not exceeding 406.4 mm. Having a wall thickness less than 12.7 mm.
7304293160,Having an outside diameter exceeding 285.8 mm but not exceeding 406.4 mm. Having a wall thickness of 12.7 mm or more.
7304293180,Having an outside diameter exceeding 406.4 mm.
7304294110,Having an outside diameter less than 215.9 mm. Having a wall thickness less than 12.7 mm.
7304294120,Having an outside diameter less than 215.9 mm. Having a wall thickness of 12.7 mm or more.
7304294130,Having an outside diameter of 215.9 mm or more but not exceeding 285.8 mm. Having a wall thickness less than 12.7 mm.
7304294140,Having an outside diameter of 215.9 mm or more but not exceeding 285.8 mm. Having a wall thickness of 12.7 mm or more.
7304294150,Having an outside diameter exceeding 285.8 mm but not exceeding 406.4 mm. Having a wall thickness less than 12.7 mm.
7304294160,Having an outside diameter exceeding 285.8 mm but not exceeding 406.4 mm. Having a wall thickness of 12.7 mm or more.
7304294180,Having an outside diameter exceeding 406.4 mm.
7304295015,Having an outside diameter not exceeding 114.3 mm. Having a wall thickness not exceeding 9.5 mm.
7304295030,Having an outside diameter not exceeding 114.3 mm. Having a wall thickness exceeding 9.5 mm.
7304295045,Having an outside diameter exceeding 114.3 mm but less than 215.9 mm.
7304295060,Having an outside diameter of 215.9 mm or more but not exceeding 406.4 mm.
7304295075,Having an outside diameter exceeding 406.4 mm.
7304296115,Having an outside diameter not exceeding 114.3 mm. Having a wall thickness not exceeding 9.5 mm.
7304296130,Having an outside diameter not exceeding 114.3 mm. Having a wall thickness exceeding 9.5 mm.
7304296145,Having an outside diameter exceeding 114.3 mm but less than 215.9 mm.
7304296160,Having an outside diameter of 215.9 mm or more but not exceeding 406.4 mm.
7304296175,Having an outside diameter exceeding 406.4 mm.
7304316010,"Suitable for use in boilers, superheaters, heat exchangers, condensers, refining furnaces and feedwater heaters."
7304316050,Other.
7304390002,"Suitable for use in boilers, superheaters, heat exchangers, condensers, refining furnaces and feedwater heaters. Having an outside diameter less than 38.1 mm."
7304390004,"Suitable for use in boilers, superheaters, heat exchangers, condensers, refining furnaces and feedwater heaters. Having an outside diameter of 38.1 mm or more but less than 190.5 mm."
7304390006,"Suitable for use in boilers, superheaters, heat exchangers, condensers, refining furnaces and feedwater heaters. Having an outside diameter of 190.5 mm or more but not exceeding 285.8 mm."
7304390008,"Suitable for use in boilers, superheaters, heat exchangers, condensers, refining furnaces and feedwater heaters. Having an outside diameter exceeding 285.8 mm."
7304390016,"Other. Galvanized, having an outside diameter not exceeding 114.3 mm."
7304390020,Other. Other. Having an outside diameter less than 38.1 mm.
7304390024,Other. Other. Having an outside diameter of 38.1 mm or more but not exceeding 114.3 mm. Having a wall thickness less than 6.4 mm.
7304390028,Other. Other. Having an outside diameter of 38.1 mm or more but not exceeding 114.3 mm. Having a wall thickness of 6.4 mm or more but not exceeding 12.7 mm.
7304390032,Other. Other. Having an outside diameter of 38.1 mm or more but not exceeding 114.3 mm. Having a wall thickness exceeding 12.7 mm.
7304390036,Other. Other. Having an outside diameter exceeding 114.3 mm but less than 190.5 mm. Having a wall thickness less than 12.7 mm.
7304390040,Other. Other. Having an outside diameter exceeding 114.3 mm but less than 190.5 mm. Having a wall thickness of 12.7 mm or more but less than 19 mm.
7304390044,Other. Other. Having an outside diameter exceeding 114.3 mm but less than 190.5 mm. Having a wall thickness of 19 mm or more.
7304390048,Other. Other. Having an outside diameter of 190.5 mm or more but not exceeding 285.8 mm. Having a wall thickness less than 12.7 mm.
7304390052,Other. Other. Having an outside diameter of 190.5 mm or more but not exceeding 285.8 mm. Having a wall thickness of 12.7 mm or more but less than 19 mm.
7304390056,Other. Other. Having an outside diameter of 190.5 mm or more but not exceeding 285.8 mm. Having a wall thickness of 19 mm or more.
7304390062,Other. Other. Having an outside diameter exceeding 285.8 mm but not exceeding 406.4 mm. Having a wall thickness less than 12.7 mm.
7304390068,Other. Other. Having an outside diameter exceeding 285.8 mm but not exceeding 406.4 mm. Having a wall thickness of 12.7 mm or more but less than 19 mm.
7304390072,Other. Other. Having an outside diameter exceeding 285.8 mm but not exceeding 406.4 mm. Having a wall thickness of 19 mm or more.
7304390076,Other. Other. Having an outside diameter exceeding 406.4 mm. Having a wall thickness less than 19 mm.
7304390080,Other. Other. Having an outside diameter exceeding 406.4 mm. Having a wall thickness of 19 mm or more.
7304413005,Of high-nickel alloy steel.
7304413015,"Other. Suitable for use in boilers, superheaters, heat exchangers, condensers, refining furnaces and feedwater heaters."
7304413045,Other. Other.
7304416005,Of high-nickel alloy steel.
7304416015,"Other. Suitable for use in boilers, superheaters, heat exchangers, condensers, refining furnaces and feedwater heaters."
7304416045,Other. Other.
7304490005,Of high-nickel alloy steel.
7304490015,Other. Hollow bars.
7304490045,"Other. Other. Suitable for use in boilers, superheaters, heat exchangers, condensers, refining furnaces and feedwater heaters."
7304490060,Other. Other. Other.
7304515005,Of high-nickel alloy steel.
7304515015,"Other. Suitable for use in boilers, superheaters, heat exchangers, condensers, refining furnaces and feedwater heaters. Of heat-resisting steel."
7304515045,"Other. Suitable for use in boilers, superheaters, heat exchangers, condensers, refining furnaces and feedwater heaters. Other."
7304515060,Other. Other.
7304592030,Of heat-resisting steel.
7304592040,Other. Having an outside diameter less than 38.1 mm.
7304592045,Other. Having an outside diameter of 38.1 mm or more but not exceeding 114.3 mm.
7304592055,Other. Having an outside diameter exceeding 114.3 mm but less than 190.5 mm.
7304592060,Other. Having an outside diameter of 190.5 mm or more but not exceeding 285.8 mm.
7304592070,Other. Having an outside diameter exceeding 285.8 mm but not exceeding 406.4 mm.
7304592080,Other. Having an outside diameter exceeding 406.4 mm.
7304598010,Having an outside diameter less than 38.1 mm.
7304598015,Having an outside diameter of 38.1 mm or more but not exceeding 114.3 mm. Having a wall thickness less than 6.4 mm.
7304598020,Having an outside diameter of 38.1 mm or more but not exceeding 114.3 mm. Having a wall thickness of 6.4 mm or more but not exceeding 12.7 mm.
7304598025,Having an outside diameter of 38.1 mm or more but not exceeding 114.3 mm. Having a wall thickness exceeding 12.7 mm.
7304598030,Having an outside diameter exceeding 114.3 mm but less than 190.5 mm. Having a wall thickness less than 12.7 mm.
7304598035,Having an outside diameter exceeding 114.3 mm but less than 190.5 mm. Having a wall thickness of 12.7 mm or more but less than 19 mm.
7304598040,Having an outside diameter exceeding 114.3 mm but less than 190.5 mm. Having a wall thickness of 19 mm or more.
7304598045,Having an outside diameter of 190.5 mm or more but not exceeding 285.8 mm. Having a wall thickness less than 12.7 mm.
7304598050,Having an outside diameter of 190.5 mm or more but not exceeding 285.8 mm. Having a wall thickness of 12.7 mm or more but less than 19 mm.
7304598055,Having an outside diameter of 190.5 mm or more but not exceeding 285.8 mm. Having a wall thickness of 19 mm or more.
7304598060,Having an outside diameter exceeding 285.8 mm but not exceeding 406.4 mm. Having a wall thickness less than 12.7 mm.
7304598065,Having an outside diameter exceeding 285.8 mm but not exceeding 406.4 mm. Having a wall thickness of 12.7 mm or more but less than 19 mm.
7304598070,Having an outside diameter exceeding 285.8 mm but not exceeding 406.4 mm. Having a wall thickness of 19 mm or more.
7304598080,Having an outside diameter exceeding 406.4 mm.
7305111030,With an external diameter exceeding 406.4 mm but not exceeding 609.6 mm.
7305111060,With an external diameter exceeding 609.6 mm.
7305121030,With an external diameter exceeding 406.4 mm but not exceeding 609.6 mm.
7305121060,With an external diameter exceeding 609.6 mm.
7305191030,With an external diameter exceeding 406.4 mm but not exceeding 609.6 mm.
7305191060,With an external diameter exceeding 609.6 mm.
7305316010,Of stainless steel.
7305316090,Other.
7306110010,With an outside diameter not exceeding 114.3 mm.
7306110050,With an outside diameter exceeding 114.3 mm.
7306191010,With an outside diameter not exceeding 114.3 mm.
7306191050,With an outside diameter exceeding 114.3 mm.
7306195110,With an outside diameter not exceeding 114.3 mm.
7306195150,With an outside diameter exceeding 114.3 mm.
7306218010,Imported with coupling.
7306218050,Other.
7306291030,Imported with coupling.
7306291090,Other.
7306296010,Imported with coupling.
7306296050,Other.
7306298110,Imported with coupling.
7306298150,Other.
7306301010,"Internally coated or lined with a non-electrically insulating material, suitable for use as electrical conduit."
7306301090,Other.
7306305010,"Suitable for use in boilers, superheaters, heat exchangers, condensers, refining furnaces and feedwater heaters, whether or not cold drawn."
7306305015,"Other, cold-drawn."
7306305020,"Other, cold-rolled (cold-reduced) with a wall thickness not exceeding 2.54 mm."
7306305026,Other. With an outside diameter not exceeding 114.3 mm. Galvanized. Imported with coupling. With an outside diameter not exceeding 50.8 mm.
7306305027,Other. With an outside diameter not exceeding 114.3 mm. Galvanized. Imported with coupling. With an outside diameter exceeding 50.8 mm but not exceeding 114.3 mm.
7306305028,"Other. With an outside diameter not exceeding 114.3 mm. Galvanized. Internally coated or lined with a non-electrically insulating material, suitable for use as electrical conduit."
7306305031,Other. With an outside diameter not exceeding 114.3 mm. Galvanized. Other. With an outside diameter not exceeding 50.8 mm.
7306305033,Other. With an outside diameter not exceeding 114.3 mm. Galvanized. Other. With an outside diameter exceeding 50.8 mm but not exceeding 114.3 mm.
7306305035,Other. With an outside diameter not exceeding 114.3 mm. Other. Tube and pipe hollows for redrawing.
7306305041,Other. With an outside diameter not exceeding 114.3 mm. Other. Imported with coupling. With an outside diameter not exceeding 50.8 mm.
7306305043,Other. With an outside diameter not exceeding 114.3 mm. Other. Imported with coupling. With an outside diameter exceeding 50.8 mm but not exceeding 114.3 mm.
7306305056,Other. With an outside diameter not exceeding 114.3 mm. Other. Other. With an outside diameter not exceeding 50.8 mm.
7306305057,Other. With an outside diameter not exceeding 114.3 mm. Other. Other. With an outside diameter exceeding 50.8 mm but not exceeding 114.3 mm.
7306305085,Other. With an outside diameter exceeding 114.3 mm but not exceeding 406.4 mm. Galvanized.
7306305090,Other. With an outside diameter exceeding 114.3 mm but not exceeding 406.4 mm. Other.
7306401010,Containing more than 0.5 percent by weight of nickel. Containing more than 1.5 percent but less than 5 percent by weight of molybdenum.
7306401015,Containing more than 0.5 percent by weight of nickel. Other.
7306401090,Other.
7306405005,Of high-nickel alloy steel.
7306405015,"Other. Suitable for use in boilers, superheaters, heat exchangers, condensers, refining furnaces and feedwater heaters, whether or not cold-drawn."
7306405040,"Other. Other, cold-drawn or cold-rolled (cold- reduced). Containing more than 0.5 percent but less than 24 percent by weight of nickel."
7306405042,"Other. Other, cold-drawn or cold-rolled (cold- reduced). Other. Containing less than 15 percent by weight of chromium."
7306405044,"Other. Other, cold-drawn or cold-rolled (cold- reduced). Other. Other."
7306405062,Other. Other. With an outside diameter not exceeding 114.3 mm. Containing more than 0.5 percent but less than 24 percent by weight of nickel. Containing more than 1.5 percent but less than 5 percent by weight of molybdenum.
7306405064,Other. Other. With an outside diameter not exceeding 114.3 mm. Containing more than 0.5 percent but less than 24 percent by weight of nickel. Other.
7306405080,Other. Other. With an outside diameter not exceeding 114.3 mm. Other.
7306405085,Other. Other. With an outside diameter exceeding 114.3 mm but not exceeding 406.4 mm. Containing more than 0.5 percent but less than 24 percent by weight of nickel.
7306405090,Other. Other. With an outside diameter exceeding 114.3 mm but not exceeding 406.4 mm. Other.
7306505010,"Suitable for use in boilers, superheaters, heat exchangers, condensers, refining furnaces and feedwater heaters, whether or not cold-drawn."
7306505030,"Other, cold-drawn or cold-rolled (cold- reduced)."
7306505050,Other. With an outside diameter not exceeding 114.3 mm.
7306505070,Other. With an outside diameter exceeding 114.3 mm but not exceeding 406.4 mm.
7306617030,Of stainless steel.
7306617060,Other.
7306697030,Of stainless steel.
7306697060,Other.
7307110030,For threaded pipe.
7307110045,Other. For cast-iron soil pipe.
7307110060,Other. Other.
7307193040,Grooved-end fittings (including grooved couplings).
7307193060,Other. Threaded.
7307193070,"Other. With mechanical, push-on (rubber compression) or flanged joints attached."
7307193085,Other. Other.
7307199030,Unions.
7307199040,Other. Grooved-end fittings (including grooved couplings).
7307199060,Other. Other. Threaded.
7307199080,Other. Other. Other.
7307230030,"Not machined, not tooled and not otherwise processed after forming."
7307230090,Other.
7307290030,Nipples.
7307290090,Other.
7307915010,With an inside diameter of less than 360 mm. Of iron or nonalloy steel.
7307915030,With an inside diameter of less than 360 mm. Of alloy steel (except stainless steel).
7307915050,With an inside diameter of 360 mm or more. Of iron or nonalloy steel.
7307915070,With an inside diameter of 360 mm or more. Of alloy steel (except stainless steel).
7307923010,Of iron or nonalloy steel.
7307923030,Of alloy steel (except stainless steel).
7307933010,"Not machined, not tooled and not otherwise processed after forging."
7307933040,Other.
7307939010,"Of iron or nonalloy steel. Not machined, not tooled and not otherwise processed after forging."
7307939040,Of iron or nonalloy steel. Other.
7307939060,Of alloy steel (except stainless steel).
7307995015,Of iron or nonalloy steel. Nipples.
7307995045,Of iron or nonalloy steel. Other.
7307995060,Of alloy steel (except stainless steel).
7308200030,"Tubular, whether or not tapered, and sectional components thereof."
7308200035,"Tubular wind turbine towers, whether or not tapered, and sectional components thereof."
7308200090,Other.
7308305015,Windows and their frames.
7308305025,Thresholds for doors.
7308305050,Other.
7308909530,"Sheet-metal roofing, siding, flooring and roof drainage equipment."
7308909560,Other. Architectural and ornamental work.
7308909590,Other. Other.
7309000030,Tanks.
7309000090,Other.
7310100005,"Refillable stainless steel kegs, whether or not pressurized, of a kind described in statistical note 1 to this chapter.."
7310100015,Empty steel drums and barrels.
7310100090,Other.
7310210025,"Containers, of circular cross section, of a volume capacity between 11.4 liters and 26.6 liters, of a kind used for the conveyance of goods."
7310210070,"Containers of a circular cross section, of a capacity not exceeding 11.4 liters, of a kind used for aerosols."
7310210075,Other.
7310290020,"Containers, of circular cross section, of a volume capacity between 11.4 liters and 26.6 liters, of a kind used for the conveyance of goods. Refillable stainless steel kegs, whether or not pressurized, of a kind described in statistical note 1 to this chapter."
7310290030,"Containers, of circular cross section, of a volume capacity between 11.4 liters and 26.6 liters, of a kind used for the conveyance of goods. Other."
7310290055,"Other. Refillable stainless steel kegs, whether or not pressurized, of a kind described in statistical note 1 to this chapter."
7310290065,Other. Other.
7311000030,"Certified prior to exportation to have been made in accordance with the safety requirements of sections 178.36 through 178.68 of title 49 CFR or under a specific exemption to those requirements. Seamless steel containers not overwrapped, marked DOT 3A, 3AX, 3AA, 3AAX, 3B, 3E, 3HT, 3T or DOT-E followed by a specific exemption number."
7311000060,Certified prior to exportation to have been made in accordance with the safety requirements of sections 178.36 through 178.68 of title 49 CFR or under a specific exemption to those requirements. Other.
7311000090,Other.
7312101030,Tire cord.
7312101050,"Other, stranded wire having a lay or twist of not more than 1 revolution for a length equal to the strand diameter multiplied by 8.5."
7312101070,Other.
7312103005,Tire cord.
7312103010,For prestressing concrete. Covered with textile or other non- metallic material.
7312103012,For prestressing concrete. Other.
7312103020,"Other, stranded wire having a lay or twist of not more than 1 revolution for a length equal to the strand diameter multiplied by 8.5."
7312103045,Other. Of brass plated wire.
7312103065,Other. Other. Galvanized. ACSR core strand.
7312103070,Other. Other. Galvanized. Other. Covered with textile or other nonmetallic material.
7312103074,Other. Other. Galvanized. Other. Other.
7312103080,Other. Other. Other.
7312106030,With a diameter not exceeding 9.5 mm.
7312106060,Other.
7312109030,Galvanized. With a diameter not exceeding 9.5 mm.
7312109060,Galvanized. With a diameter exceeding 9.5 mm.
7312109090,Other.
7314315010,"Welded wire stucco netting, furred, not reinforced with supplemental horizontal wire."
7314315080,Other.
7314410030,Chain link fencing.
7314410040,"Woven wire stucco netting, furred, not reinforced with supplemental horizontal wire. Of wire with maximum cross- sectional dimension of 1 mm."
7314410045,"Woven wire stucco netting, furred, not reinforced with supplemental horizontal wire. Other."
7314410080,Other.
7314420030,Chain link fencing.
7314420060,Other.
7315110005,For motor vehicles.
7315110010,Other. Of not over 50 mm pitch and containing more than 3 parts per pitch. Bicycle chains.
7315110045,Other. Of not over 50 mm pitch and containing more than 3 parts per pitch. Other.
7315110060,Other. Other.
7315120020,Of not over 50 mm pitch and containing more than 3 parts per pitch.
7315120040,Other. Welded steel chain.
7315120060,Other. Cast and combination chain.
7315120080,Other. Other.
7317005501,"Collated nails. Collated roofing nails with a length of 20.6 mm to 46.1 mm, a head diameter of 8.3 mm to 10.6 mm, a shank diameter of 2.5 mm to 3.2 mm, whether or not galvanized."
7317005502,Collated nails. Other. Assembled in a wire coil. Galvanized.
7317005503,Collated nails. Other. Assembled in a wire coil. Other.
7317005505,Collated nails. Other. Assembled in a plastic strip. Galvanized.
7317005507,Collated nails. Other. Assembled in a plastic strip. Other.
7317005508,Collated nails. Other. Assembled in a paper strip.
7317005511,Collated nails. Other. Assembled in a wire strip.
7317005518,Collated nails. Other. Other.
7317005519,Other. With a length of less than 25.4 mm and with a diameter of less than 1.65 mm.
7317005520,"Other. Other. Smooth shank. Not coated, plated or painted."
7317005530,"Other. Other. Smooth shank. Coated, plated or painted. Galvanized."
7317005540,"Other. Other. Smooth shank. Coated, plated or painted. Vinyl, resin or cement coated."
7317005550,"Other. Other. Smooth shank. Coated, plated or painted. Other."
7317005560,"Other. Other. Other. Not coated, plated or painted."
7317005570,"Other. Other. Other. Coated, plated or painted. Galvanized."
7317005580,"Other. Other. Other. Coated, plated or painted. Vinyl, resin or cement coated."
7317005590,"Other. Other. Other. Coated, plated or painted. Other."
7317006530,Cut.
7317006560,Other.
7318130030,Having shanks or threads with a diameter of less than 6 mm.
7318130060,Having shanks or threads with a diameter of 6 mm or more.
7318141030,Of stainless steel.
7318141060,Other.
7318145020,Of stainless steel.
7318145080,Other.
7318152010,Having shanks or threads with a diameter of less than 6 mm.
7318152020,Having shanks or threads with a diameter of 6 mm or more. Track bolts.
7318152030,Having shanks or threads with a diameter of 6 mm or more. Structural bolts.
7318152041,Having shanks or threads with a diameter of 6 mm or more. Bent bolts. Right-angle anchor bolts.
7318152046,Having shanks or threads with a diameter of 6 mm or more. Bent bolts. Other.
7318152051,Having shanks or threads with a diameter of 6 mm or more. Other. With round heads. Of stainless steel.
7318152055,Having shanks or threads with a diameter of 6 mm or more. Other. With round heads. Other.
7318152061,Having shanks or threads with a diameter of 6 mm or more. Other. With hexagonal heads. Of stainless steel.
7318152065,Having shanks or threads with a diameter of 6 mm or more. Other. With hexagonal heads. Other.
7318152091,Having shanks or threads with a diameter of 6 mm or more. Other. Other. Of stainless steel.
7318152095,Having shanks or threads with a diameter of 6 mm or more. Other. Other. Other.
7318155030,Of stainless steel.
7318155051,Other. Continuously threaded rod. Of alloy steel.
7318155056,Other. Continuously threaded rod. Other.
7318155090,Other. Other.
7318156010,Socket screws. Of stainless steel.
7318156040,Socket screws. Other.
7318156070,Other. Of stainless steel.
7318156080,Other. Other.
7318158020,Set screws.
7318158030,Other. Socket screws. Of stainless steel.
7318158045,Other. Socket screws. Other.
7318158055,Other. Other. With hexagonal heads. Of stainless steel.
7318158066,Other. Other. With hexagonal heads. Other. Cap screws.
7318158069,Other. Other. With hexagonal heads. Other. Other.
7318158082,Other. Other. Other. Of stainless steel.
7318158085,Other. Other. Other. Other.
7318160015,Lugnuts. Non-locking chrome-plated.
7318160030,Lugnuts. Locking.
7318160045,Lugnuts. Other.
7318160060,Other. Of stainless steel.
7318160085,Other. Other.
7318210030,Helical spring lock washers.
7318210090,Other.
7319402010,On cards.
7319402050,Other.
7319405010,Push pins.
7319405050,Other.
7320106015,Leaf springs having individual leaves with a thickness of 1.6 mm or more and leaves therefor.
7320106060,Other.
7320109015,Leaf springs having individual leaves with a thickness of 1.6 mm or more and leaves therefor.
7320109060,Other.
7320205010,"Helical springs, of wire having a cross-sectional dimension of less than 5.1 mm. Suitable for use in mattress supports and mattresses of heading 9404."
7320205020,"Helical springs, of wire having a cross-sectional dimension of less than 5.1 mm. Other."
7320205045,"Helical springs, of wire having a cross-sectional dimension of 5.1 mm or more but less than 12.7 mm."
7320205060,Other.
7320905010,Of wire. Suitable for use in mattress supports and mattresses of heading 9404.
7320905020,Of wire. Other.
7320905060,Other.
7321111030,Stoves or ranges.
7321111060,Other.
7321113010,Of a maximum width not exceeding 70 centimeters.
7321113020,Of a maximum width exceeding 70 but not exceeding 80 centimeters.
7321113050,Of a maximum width exceeding 80 centimeters.
7321190020,Portable. Hibachis.
7321190040,Portable. Other.
7321190060,Other. Of cast iron.
7321190080,Other. Other.
7321890010,Fireplace grates of cast iron.
7321890050,Other.
7321906040,Of cooking appliances and plate warmers. Shelving and racks for cooking ovens.
7321906060,Of cooking appliances and plate warmers. Other.
7321906090,Other.
7322900015,"Air heaters, not electrically heated, incorporating a motor-driven fan or blower."
7322900030,"Hot air distributors, not electrically heated, incorporating a motor-driven fan or blower."
7322900045,Parts of air heaters and hot air distributors.
7323915020,Bakeware (cookware not suitable for stove top use).
7323915040,Other.
7323920020,Bakeware (cookware not suitable for stove top use).
7323920040,Other.
7323930015,Cooking and kitchen ware. Teakettles.
7323930035,Cooking and kitchen ware. Other. Cooking ware. Bakeware (cookware not suitable for stove top use).
7323930045,Cooking and kitchen ware. Other. Cooking ware. Other.
7323930060,Cooking and kitchen ware. Other. Kitchen ware.
7323930080,Other.
7323940010,Cooking and kitchen ware. Of steel. Teakettles.
7323940021,Cooking and kitchen ware. Of steel. Other. Cooking ware. Bakeware (cookware not suitable for stove top use).
7323940026,Cooking and kitchen ware. Of steel. Other. Cooking ware. Other.
7323940030,Cooking and kitchen ware. Of steel. Other. Kitchen ware.
7323940040,Cooking and kitchen ware. Other.
7323940080,Other.
7323995030,Kitchen or tableware suitable for food or drink contact.
7323995060,Other.
7323999030,Kitchen or tableware suitable for food or drink contact.
7323999040,Gates for confining children or pets.
7323999080,Other.
7324100010,Stainless steel sinks with one or more drawn bowls (basins).
7324100050,Other.
7325100010,"Manhole covers, rings and frames."
7325100020,"Catch basins, grates and frames."
7325100025,Cleanout covers and frames.
7325100030,Valve and service boxes.
7325100035,Meter boxes.
7325100080,Other.
7326190010,Forged.
7326190080,Other.
7326200010,Belts and belting.
7326200020,Garment hangers.
7326200030,"Sod staples, U staples, irrigation staples, ground staples, and ground pins."
7326200040,Double loop bar ties and double loop wire ties.
7326200055,Paint roller frames.
7326200090,Other.
7326908605,Rods for electrical grounding.
7326908610,Laminated goods consisting of two or more flat-rolled sheets of iron or steel held together with an adhesive or having a core of non-metallic material.
7326908630,Hangers and similar supports for tubes and pipes.
7326908635,"Fence posts, studded with corrugations, knobs, studs, notches or similar protrusions, with or without anchor plates."
7326908645,Barbed tape.
7326908660,Ladders.
7326908675,Paint roller frames (other than of iron or steel wire).
7326908676,"Metal handles for brooms, mops, paint applicators and similar products."
7326908677,Burial caskets.
7326908688,Other.
7403290110,Copper-nickel base alloys (cupro-nickel) or copper-nickel-zinc base alloys (nickel silver).
7403290180,Other.
7404003020,Of refined copper.
7404003045,Of copper alloys. Of copper-zinc base alloys (brass). Containing more than 0.3 percent of lead.
7404003055,Of copper alloys. Of copper-zinc base alloys (brass). Other.
7404003065,Of copper alloys. Of copper-tin base alloys (bronze).
7404003090,Of copper alloys. Other.
7404006020,Of refined copper.
7404006045,Of copper alloys. Of copper-zinc base alloys (brass). Containing more than 0.3 percent of lead.
7404006055,Of copper alloys. Of copper-zinc base alloys (brass). Other.
7404006065,Of copper alloys. Of copper-tin base alloys (bronze).
7404006090,Of copper alloys. Other.
7405006030,Beryllium copper master alloy.
7405006050,Other.
7407105010,Having a rectangular cross section.
7407105050,Other.
7407291610,Of copper-nickel base alloys (cupro-nickel) or copper-nickel-zinc base alloys (nickel silver).
7407291680,Other.
7408190030,With a maximum cross-sectional dimension of 3 mm or less.
7408190060,Other.
7409115010,Of a width of 500 mm or more.
7409115050,Of a width of less than 500 mm.
7409210010,Of a thickness of 5 mm or more.
7409210050,Of a thickness of less than 5 mm. Of a width of 500 mm or more.
7409210075,Of a thickness of less than 5 mm. Of a width of less than 500 mm. Of a thickness less than 1.6 mm.
7409210090,Of a thickness of less than 5 mm. Of a width of less than 500 mm. Other.
7409290010,Of a thickness of 5 mm or more.
7409290050,Of a thickness of less than 5 mm. Of a width of 500 mm or more.
7409290075,Of a thickness of less than 5 mm. Of a width of less than 500 mm. Of a thickness less than 1.6 mm.
7409290090,Of a thickness of less than 5 mm. Of a width of less than 500 mm. Other.
7409391030,Of phosphor bronze.
7409391060,Other.
7409399030,Of phosphor bronze.
7409399060,Other.
7409901030,Of beryllium copper.
7409901060,Other.
7409905030,Of beryllium copper.
7409905060,Other.
7409909030,Of beryllium copper.
7409909060,Other.
7410120030,Of copper-zinc base alloys (brass).
7410120060,Other.
7410213020,Having a base wholly of plastics impregnated glass. Having copper on one side only.
7410213040,Having a base wholly of plastics impregnated glass. Having copper on both sides.
7410213060,Other.
7411101030,"Having an outside diameter of 6 mm or more but not exceeding 16 mm, in coils on spools."
7411101090,Other.
7412200015,"For brake hoses for vehicles of subheading 8701.21, 8701.22, 8701.23, 8701.24 or 8701.29 or headings 8702, 8703, 8704, or 8705."
7412200025,Other. Of copper-zinc base alloys (brass). Threaded. Nipples.
7412200035,Other. Of copper-zinc base alloys (brass). Threaded. Other.
7412200045,Other. Of copper-zinc base alloys (brass). Other.
7412200065,Other. Other. Threaded. Nipples.
7412200085,Other. Other. Threaded. Other.
7412200090,Other. Other. Other.
7415338010,"Having shanks, threads or holes 6 mm or more in diameter."
7415338050,"Having shanks, threads or holes less than 6 mm in diameter."
7418100002,"Pot scourers and scouring or polishing pads, gloves and the like. Of copper-zinc base alloys (brass)."
7418100004,"Pot scourers and scouring or polishing pads, gloves and the like. Other."
7418100019,Other. Coated or plated with precious metals.
7418100021,"Other. Other. Of copper-zinc base alloys (brass). Cooking or heating apparatus of a kind used for domestic purposes, non- electric and parts thereof."
7418100023,Other. Other. Of copper-zinc base alloys (brass). Cooking and kitchen ware.
7418100025,Other. Other. Of copper-zinc base alloys (brass). Other.
7418100051,"Other. Other. Other. Cooking or heating apparatus of a kind used for domestic purposes, non- electric and parts thereof."
7418100053,Other. Other. Other. Cooking and kitchen ware.
7418100055,Other. Other. Other. Other.
7419200010,"Brass plumbing goods, not elsewhere specified or included."
7419200050,Other.
7419800660,"Fourdrinier wires, seamed or not seamed, suitable for use in papermaking machines, with fewer than 94 or more wires to the lineal centimeter."
7419800680,Other.
7419805010,Brass plumbing goods not elsewhere specified or included.
7419805050,Other.
7504000010,Powders.
7504000050,Flakes.
7601106040,Of 99.9 percent aluminum or greater.
7601106045,Of greater than 99.8 percent but less than 99.9 percent.
7601106090,Other.
7601209030,Aluminum vanadium master alloy.
7601209045,"Other. Of uniform circular cross section throughout its length, the foregoing comprised of billets, not in coils."
7601209060,"Other. Other, containing 0.03 percent or more by weight of lead (secondary aluminum)."
7601209075,Other. Other. Remelt scrap ingot.
7601209080,Other. Other. Sheet ingot (slab) of a kind described in statistical note 3 to this chapter.
7601209085,Other. Other. Foundry ingot of a kind described in statistical note 4 to this chapter.
7601209095,Other. Other. Other.
7602000035,Recyclable used beverage containers.
7602000045,Recyclable aluminum auto and truck wheels.
7602000055,"Recyclable aluminum from industrial processes, including turnings, borings, shavings, filings, clippings and chips."
7602000065,Other recyclable aluminum.
7602000075,Other.
7604210010,Heat-treatable industrial alloys of a kind described in statistical note 7 to this chapter.
7604210090,Other.
7604291010,Heat-treatable industrial alloys of a kind described in statistical note 7 to this chapter.
7604291090,Other.
7604293030,High-strength heat-treatable alloys of a kind described in statistical note 6 to this chapter.
7604293060,Heat-treatable industrial alloys of a kind described in statistical note 7 to this chapter.
7604293090,Other.
7604295020,High-strength heat-treatable alloys of a kind described in statistical note 6 to this chapter.
7604295050,Heat-treatable industrial alloys of a kind described in statistical note 7 to this chapter.
7604295090,Other.
7606113030,With a thickness of more than 6.3 mm.
7606113060,With a thickness of 6.3 mm or less.
7606123015,With a thickness of more than 6.3 mm. High-strength heat-treatable alloys of a kind described in statistical note 6 to this chapter.
7606123025,With a thickness of more than 6.3 mm. Heat-treatable industrial alloys of a kind described in statistical note 7 to this chapter.
7606123035,With a thickness of more than 6.3 mm. Other.
7606123045,With a thickness of 6.3 mm or less. Aluminum can stock. Body stock.
7606123055,With a thickness of 6.3 mm or less. Aluminum can stock. Lid stock.
7606123091,With a thickness of 6.3 mm or less. Other. Heat-treatable industrial alloys of a kind described in statistical note 7 to this chapter.
7606123096,With a thickness of 6.3 mm or less. Other. Other.
7606913055,With a thickness of more than 6.3 mm.
7606913095,With a thickness of 6.3 mm or less.
7606916055,With a thickness of more than 6.3 mm.
7606916095,With a thickness of 6.3 mm or less.
7606923025,With a thickness of more than 6.3 mm.
7606923035,With a thickness of 6.3 mm or less.
7606926055,With a thickness of more than 6.3 mm.
7606926095,With a thickness of 6.3 mm or less.
7607116010,Boxed aluminum foil weighing not more than 11.3 kg.
7607116090,Other.
7607119030,Aluminum can stock. Body stock.
7607119060,Aluminum can stock. Lid stock.
7607119090,Other.
7608100030,Seamless.
7608100090,Other.
7608200030,Seamless.
7608200090,Other.
7610100010,Windows and their frames.
7610100020,Thresholds for doors.
7610100030,Other.
7610900020,"Sheet-metal roofing, siding, flooring, and roof guttering and drainage equipment."
7610900040,Architectural and ornamental work.
7610900060,Other. Mobile homes.
7610900080,Other. Other.
7611000030,Tanks.
7611000090,Other.
7612901040,"Cans of a capacity not exceeding 355 ml. With a circular cross section, of a kind used for aerosols."
7612901045,Cans of a capacity not exceeding 355 ml. Other.
7612901060,Cans of a capacity exceeding 355 ml but less than 3.8 liters.
7612901090,Other.
7614902030,With a cross-sectional area less than 240 mm².
7614902060,With a cross-sectional area greater than or equal to 240 mm².
7615102015,Bakeware (cookware not suitable for stove top use).
7615102025,Other.
7615103015,Bakeware (cookware not suitable for stove top use).
7615103025,Other.
7615105020,Bakeware (cookware not suitable for stove top use).
7615105040,Other.
7615107125,"Containers suitable for food preparation, baking, reheating or storage, 0.04 mm or more but not over 0.22 mm in thickness."
7615107130,Other cookware. Bakeware (cookware not suitable for stove top use).
7615107155,Other cookware. Other.
7615107180,Other.
7616107030,Threaded fasteners.
7616107090,Other.
7616109030,Threaded fasteners.
7616109090,Other.
7616995120,Laminated goods consisting of 2 or more flat-rolled sheets of aluminum held together with an adhesive or having a core of non-metallic material.
7616995130,Ladders.
7616995140,Venetian blinds and parts thereof.
7616995150,Hangers and supports for pipes and tubes.
7616995160,Other. Castings.
7616995170,Other. Forgings.
7616995175,Other. Other. Articles of wire.
7616995190,Other. Other. Other.
7801999030,Alloys of lead.
7801999050,Other.
7802000030,Obtained from lead-acid storage batteries.
7802000060,Other.
8001200010,"Containing, by weight, 5 percent or less of lead."
8001200050,"Containing, by weight, more than 5 percent but not more than 25 percent of lead."
8001200090,"Containing, by weight, more than 25 percent of lead."
8007001010,Suitable for food or beverage service.
8007001050,Other.
8103200030,Powders.
8103200090,Other.
8108200010,Sponge.
8108200015,Other. Powders.
8108200030,Other. Ingots.
8108200095,Other. Other.
8108903030,Castings.
8108903060,Other.
8108906020,"Blooms, sheet bars, and slabs."
8108906031,"Other bars, rods, profiles and wire."
8108906045,"Plates, sheets, strips and foil."
8108906060,Tubes and pipes.
8108906075,Other.
8111004910,Powder containing at least 99.5 percent by weight manganese.
8111004990,Other.
8201300010,"Mattocks and picks, and parts thereof."
8201300080,Other.
8201406010,"Axes and adzes, and parts thereof."
8201406080,Other.
8202200030,Metal cutting blades.
8202200060,Other.
8202390010,With diamond working parts.
8202390040,Diamond sawblade cores.
8202390070,Other.
8202406030,In continuous lengths.
8202406060,Other.
8203206030,Pliers.
8203206060,Other.
8204110030,"Open-end, box and combination open-end and box wrenches."
8204110060,Other (including parts).
8205513030,Kitchen and table implements.
8205513060,Other (including parts).
8205593010,Crowbars.
8205593080,Other.
8205595505,Edged handtools. Single edge razor blades other than for shaving.
8205595510,Edged handtools. Other.
8205595560,Other (including parts).
8205700030,Vises. Pipe.
8205700060,Vises. Other.
8205700090,Other (including parts).
8207193030,Percussion rock drill bits.
8207193060,"Other. Rotary rock drill bits, core bits and reamers."
8207193090,Other. Other.
8207196030,Percussion rock drill bits.
8207196065,"Other. Rotary rock drill bits, core bits and reamers. With working part of diamonds."
8207196070,"Other. Rotary rock drill bits, core bits and reamers. Other."
8207196090,Other. Other.
8207200030,Diamond wire drawing dies.
8207200040,Other dies.
8207200070,Parts.
8207303020,Tools.
8207303050,Parts.
8207306032,Stamping dies not suitable for cutting metal.
8207306062,"Metal forming dies, including thread-rolling dies."
8207306092,Other tools.
8207306095,Parts.
8207502030,Masonry drills.
8207502045,Twist drills. Brad point.
8207502055,Twist drills. Other.
8207502070,Other. For woodworking.
8207502080,Other. Other.
8207504030,Twist drills.
8207504060,Other.
8207600030,Broaches.
8207600035,"Reamers, except gun reamers."
8207600061,Other (including parts thereof).
8207703030,End milling cutters.
8207703040,Router bits for woodworking.
8207703060,Other.
8207706030,End milling cutters.
8207706040,Router bits not suitable for cutting metal.
8207706060,Other (including parts).
8207903030,Hobs and other gear cutting tools.
8207903075,For woodworking. Cutterheads with interchangeable tools.
8207903080,For woodworking. Other.
8207903085,Other.
8207907545,Cutterheads with interchangeable tools.
8207907585,Other.
8208100030,"Over 30.5 cm in length, for metal shearing machines or over 15.2 cm in diameter for metal shearing/slitting machines."
8208100060,Other (including parts).
8208200030,"Over 73.7 cm in length, for veneer-cutting machines."
8208200060,"Over 15.2 cm in length, for wood-chipper machines."
8208200090,Other (including parts).
8208300030,"For meat-slicing, meat-cutting or meat-chopping machines."
8208300060,Other (including parts).
8209000030,Of sintered metal carbides.
8209000060,Of other cermets.
8211915030,Steak knives.
8211915060,Other.
8211918030,Steak knives.
8211918060,Other.
8211924050,Sheath-type knives.
8211924060,Other.
8211929030,Kitchen and butcher knives.
8211929045,Sheath-type knives.
8211929060,Other.
8211930031,Folding two-handled multi-use tools in which one or more tools are housed in each handle and one or more of the tools is a folding knife blade.
8211930035,"Pen knives, pocket knives and other knives which have folding blades."
8211930060,Other (including parts).
8212200005,Single edge razor blades for shaving.
8212200010,Other.
8215994030,Tablespoons and table ladles.
8215994060,Other.
8301106020,Lock bodies containing hardened steel components with attached (or insertable) flexible cable composed of wire strands and hardened steel beads.
8301106080,Other.
8301200030,Non-integral steering wheel immobilizer devices.
8301200060,Other.
8301300060,"Cam locks and other locks suitable for use with chests, drawers and similar items."
8301300090,Other.
8301406030,"Door locks, locksets and other locks suitable for use with interior or exterior doors (except garage, overhead or sliding doors)."
8301406060,Other.
8301600010,Of copper or copper alloys.
8301600060,Other.
8301700010,Of copper or copper alloys.
8301700060,Other.
8302106030,"Suitable for interior and exterior doors (except garage, overhead or sliding doors)."
8302106060,Suitable for furniture and cabinets.
8302106090,Other.
8302109030,"Suitable for interior and exterior doors (except garage, overhead or sliding doors)."
8302109060,Suitable for furniture and cabinets.
8302109090,Other.
8302303010,"Pneumatic cylinders for lifting, lowering, dampening or counter-balancing."
8302303060,Other.
8302416015,"Suitable for interior and exterior doors (except garage, overhead or sliding doors). Doorstops, chain door fasteners, door pulls, kick plates, door knockers and escutcheons."
8302416045,"Suitable for interior and exterior doors (except garage, overhead or sliding doors). Other."
8302416050,"For curtains, draperies and window shades."
8302416080,Other.
8302419015,"Suitable for interior and exterior doors (except garage, overhead or sliding doors). Doorstops, chain door fasteners, door pulls, kick plates, door knockers and escutcheons."
8302419045,"Suitable for interior and exterior doors (except garage, overhead or sliding doors). Other."
8302419050,"For curtains, draperies and window shades."
8302419080,Other.
8302423010,"Pneumatic cylinders for lifting, lowering, dampening or counterbalancing."
8302423015,Drawer slides.
8302423065,Other.
8302496035,"Pneumatic cylinders for lifting, lowering, dampening or counterbalancing."
8302496045,Other. For railway vehicles.
8302496055,"Other. For aircraft, vessels and other vehicles (except motor vehicles) of section XVII."
8302496085,Other. Other.
8302498040,"For railway vehicles, aircraft, vessels and other vehicles (except motor vehicles) of section XVII. Of copper."
8302498050,"For railway vehicles, aircraft, vessels and other vehicles (except motor vehicles) of section XVII. Other."
8302498090,Other.
8305100010,Ring binder mechanisms.
8305100050,Other.
8305903010,Wholly of wire.
8305903050,Other.
8309900020,Of aluminum. For cans of a kind used for the conveyance of beverages as described in statistical note 1 to this chapter.
8309900025,Of aluminum. Other.
8309900080,Other. Of steel.
8309900085,Other. Other.
8402900010,Heat exchangers.
8402900090,Other.
8404100010,Economizers.
8404100050,Other.
8406811020,"Stationary steam turbines, condensing type."
8406811070,Other.
8406821010,"Stationary steam turbines, condensing type. Not exceeding 7,460 kW."
8406821020,"Stationary steam turbines, condensing type. Exceeding 7,460 kW."
8406821050,"Other. Not exceeding 7,460 kW."
8406821070,"Other. Exceeding 7,460 kW."
8406904540,Rotors or spindles and rotor or spindle assemblies.
8406904580,Other.
8407100020,For use in civil aircraft. New. Less than 373 kW.
8407100040,For use in civil aircraft. New. 373 kW or over.
8407100060,For use in civil aircraft. Used or rebuilt.
8407100090,Other.
8407210040,Less than 22.38 kW.
8407210080,Other.
8407290010,Inboard engines with outboard drive.
8407290020,Inboard engines with inboard drive. Less than 746 W.
8407290030,"Inboard engines with inboard drive. 746 W or greater, but not exceeding 18.65 kW."
8407290040,Inboard engines with inboard drive. Exceeding 18.65 kW.
8407310040,Less than 746 W.
8407310080,Other.
8407322040,Used or rebuilt.
8407322080,Other.
8407329040,Not exceeding 18.65 kW.
8407329080,Exceeding 18.65 kW.
8407331030,Not exceeding 37.3 kW.
8407331060,Exceeding 37.3 kW. Air-cooled.
8407331090,Exceeding 37.3 kW. Other.
8407333040,Used or rebuilt.
8407333080,Other.
8407336040,Used or rebuilt.
8407336080,Other.
8407339040,Not exceeding 18.65 kW.
8407339080,Exceeding 18.65 kW.
8407340530,Not exceeding 37.3 kW.
8407340560,Exceeding 37.3 kW. Air-cooled.
8407340590,Exceeding 37.3 kW. Other.
8407343530,Not exceeding 37.3 kW.
8407343560,Exceeding 37.3 kW. Air-cooled.
8407343590,Exceeding 37.3 kW. Other.
8407901010,"Not exceeding 37.3 kW. Less than 4,476 W."
8407901020,Not exceeding 37.3 kW. Other.
8407901060,Other. Air-cooled.
8407901080,Other. Other.
8407909010,Gas (natural or liquid propane (LP)) engines.
8407909020,Other. Less than 746 W.
8407909040,"Other. 746 W or greater but less than 4,476 W."
8407909060,"Other. 4,476 W or greater but not exceeding 18.65 kW."
8407909080,Other. Exceeding 18.65 kW.
8408100005,Not exceeding 111.9 kW.
8408100015,Exceeding 111.9 kW but not exceeding 149.2 kW.
8408100020,Exceeding 149.2 kW but not exceeding 223.8 kW.
8408100030,Exceeding 223.8 kW but not exceeding 373 kW.
8408100040,Exceeding 373 kW but not exceeding 746 kW.
8408100050,Exceeding 746 kW.
8408201040,Not exceeding 37.3 kW.
8408201080,Exceeding 37.3 kW.
8408901040,Not exceeding 37.3 kW.
8408901080,Exceeding 37.3 kW.
8408909010,Not exceeding 149.2 kW.
8408909020,Exceeding 149.2 kW but not exceeding 373 kW.
8408909030,Exceeding 373 kW but not exceeding 746 kW.
8408909040,"Exceeding 746 kW but not exceeding 1,119 kW."
8408909050,"Exceeding 1,119 kW."
8409100040,For use in civil aircraft.
8409100080,Other.
8409911040,"For vehicles of subheading 8701.21, 8701.22, 8701.23, 8701.24 or 8701.29, or heading 8702, 8703 or 8704."
8409911060,For marine propulsion engines.
8409911080,Other.
8409915010,Connecting rods.
8409915081,Steel forgings.
8409915085,Other.
8409919210,Connecting rods.
8409919290,Other.
8409919910,Connecting rods.
8409919990,Other.
8409991040,"For vehicles of subheading 8701.21, 8701.22, 8701.23, 8701.24 or 8701.29, or heading 8702, 8703 or 8704."
8409991060,For marine propulsion engines.
8409991080,Other.
8409999110,Connecting rods.
8409999190,Other.
8409999210,Connecting rods.
8409999290,Other.
8409999910,Connecting rods.
8409999990,Other.
8411818010,Industrial turbines of a kind described in statistical note 1 of this chapter.
8411818090,Other.
8411828010,Industrial turbines of a kind described in statistical note 1 to this chapter.
8411828090,Other.
8411911040,Parts of nonaircraft turbines.
8411911060,Parts of aircraft turbines. For use in civil aircraft.
8411911090,Parts of aircraft turbines. Other.
8411919040,Parts of nonaircraft turbines.
8411919081,Parts of aircraft turbines. Steel forgings.
8411919085,Parts of aircraft turbines. Other.
8411991010,Parts of nonaircraft gas turbines.
8411991040,Parts of aircraft gas turbines. For use in civil aircraft.
8411991080,Parts of aircraft gas turbines. Other.
8411999030,Parts of nonaircraft gas turbines. Rotors or spindles and rotor or spindle assemblies.
8411999081,Parts of nonaircraft gas turbines. Other. Steel forgings.
8411999085,Parts of nonaircraft gas turbines. Other. Other.
8411999090,Parts of aircraft gas turbines.
8412100010,Missile and rocket engines.
8412100090,Other.
8412210015,Tie-rod type.
8412210030,Weld fused type.
8412210045,Other. Telescoping.
8412210060,Other. Rodless.
8412210075,Other. Other.
8412298015,Unlimited rotary acting. Gear type.
8412298030,Unlimited rotary acting. Radial piston type.
8412298045,Unlimited rotary acting. Axial piston type.
8412298060,Unlimited rotary acting. Other.
8412298075,Other.
8412310040,Tie-rod type.
8412310080,Other.
8412390040,Unlimited rotary acting.
8412390080,Other.
8412909005,Of hydraulic power engines and motors. Of linear acting engines and motors.
8412909015,Of hydraulic power engines and motors. Other.
8412909025,Of pneumatic power engines and motors. Of linear acting engines and motors.
8412909035,Of pneumatic power engines and motors. Other.
8412909050,Of reaction engines other than turbojets.
8412909070,"Other. Wind turbine blades, imported in accordance with statistical note 2 of this chapter."
8412909075,Other. Wind turbine hubs.
8412909085,Other. Other.
8413309030,Fuel pumps.
8413309060,Lubricating pumps.
8413309090,Other.
8413500010,Oil well and oil field pumps.
8413500050,Diaphragm pumps.
8413500070,Other. Hydraulic fluid power pumps. Radial piston type.
8413500080,Other. Hydraulic fluid power pumps. Other.
8413500090,Other. Other.
8413600020,Hydraulic fluid power pumps. Vane type.
8413600030,Hydraulic fluid power pumps. Gear type.
8413600040,Hydraulic fluid power pumps. Other.
8413600050,Other. Oil well and oil field pumps.
8413600070,Other. Roller pumps.
8413600090,Other. Other.
8413702004,Submersible pumps.
8413702005,"Other. Single-stage, single-suction, close-coupled. With discharge outlet under 5.08 cm in diameter."
8413702015,"Other. Single-stage, single-suction, close-coupled. With discharge outlet 5.08 cm or over in diameter."
8413702022,"Other. Single-stage, single-suction, frame- mounted. With discharge outlet under 7.6 cm in diameter."
8413702025,"Other. Single-stage, single-suction, frame- mounted. With discharge outlet 7.6 cm or over in diameter."
8413702030,"Other. Single-stage, double-suction."
8413702040,"Other. Multi-stage, single- or double-suction."
8413702090,Other. Other.
8413810020,Turbine pumps.
8413810030,"Household water systems, self-contained; and windmill pumps."
8413810040,Other.
8413919010,Of subheading 8413.30.90.
8413919055,Of hydraulic fluid power pumps. Fluid end blocks.
8413919060,Of hydraulic fluid power pumps. Other.
8413919065,Of subheading 8413.50.00. Sucker rods of a kind described in statistical note 3 to this chapter.
8413919085,Of subheading 8413.50.00. Other.
8413919096,Other.
8414308010,Screw type. Not exceeding 200 horsepower.
8414308020,Screw type. Exceeding 200 horsepower.
8414308030,Other. For all refrigerants except ammonia. For motor vehicles.
8414308050,Other. For all refrigerants except ammonia. Other. Exceeding 1/4 horsepower but not exceeding 1 horsepower.
8414308060,Other. For all refrigerants except ammonia. Other. Exceeding 1 horsepower but not exceeding 3 horsepower.
8414308070,Other. For all refrigerants except ammonia. Other. Exceeding 3 horsepower but not exceeding 10 horsepower.
8414308080,Other. For all refrigerants except ammonia. Other. Exceeding 10 horsepower.
8414308090,Other. For ammonia.
8414519060,For permanent installation.
8414519090,Other.
8414596540,Suitable for use with motor vehicles.
8414596560,Other. Centrifugal.
8414596590,Other. Axial.
8414596595,Other. Other.
8414801605,Stationary. Reciprocating. Not exceeding 746 W.
8414801615,Stationary. Reciprocating. Exceeding 746 W but not exceeding 4.48 kW.
8414801625,Stationary. Reciprocating. Exceeding 4.48 kW but not exceeding 8.21 kW.
8414801635,Stationary. Reciprocating. Exceeding 8.21 kW but not exceeding 11.19 kW.
8414801640,Stationary. Reciprocating. Exceeding 11.19 kW but not exceeding 19.4 kW.
8414801645,Stationary. Reciprocating. Exceeding 19.4 kW but not exceeding 74.6 kW.
8414801655,Stationary. Reciprocating. Exceeding 74.6 kW.
8414801660,Stationary. Rotary. Not exceeding 11.19 kW.
8414801665,Stationary. Rotary. Exceeding 11.19 kW but under 22.38 kW.
8414801670,Stationary. Rotary. 22.38 kW and over but not exceeding 74.6 kW.
8414801675,Stationary. Rotary. Exceeding 74.6 kW.
8414801680,Stationary. Other.
8414801685,Portable. Under 0.57 cubic meters per minute.
8414801690,Portable. Other.
8414802005,Refrigerant recovery units.
8414802015,Other. Centrifugal and axial.
8414802055,"Other. Other, including reciprocating and rotary. Not exceeding 186.5 kW."
8414802065,"Other. Other, including reciprocating and rotary. Exceeding 186.5 kW but not exceeding 746 kW."
8414802075,"Other. Other, including reciprocating and rotary. Exceeding 746 kW."
8414901040,Of fans of subheading 8414.51.
8414901080,Other.
8414904120,Of refrigerating and air conditioning compressors. Compressor housings.
8414904140,Of refrigerating and air conditioning compressors. Other.
8414904145,Other. Of compressors of subheading 8414.40. Compressor housings.
8414904155,Other. Of compressors of subheading 8414.40. Other.
8414904165,Other. Other. Compressor housings.
8414904180,Other. Other. Impeller covers and hubs.
8414904190,Other. Other. Other.
8414909140,Of vacuum pumps.
8414909180,Other.
8415103040,Less than 2.93 kW per hour.
8415103060,2.93 kW per hour or greater but less than 4.98 kW per hour.
8415103080,4.98 kW per hour or greater.
8415810110,Self-contained. Not exceeding 17.58 kW per hour.
8415810120,Self-contained. Exceeding 17.58 kW per hour.
8415810130,Other.
8415820105,Self-contained machines and remote condenser type air conditioners other than year-round units. Not exceeding 17.58 kW per hour.
8415820110,Self-contained machines and remote condenser type air conditioners other than year-round units. Exceeding 17.58 kW per hour.
8415820115,Year-round units (heating and cooling). Not exceeding 17.58 kW per hour.
8415820120,Year-round units (heating and cooling). Exceeding 17.58 kW per hour.
8415820130,Room or central station air conditioning units for use with water chillers. Room fan coil units.
8415820135,Room or central station air conditioning units for use with water chillers. Central station air handlers.
8415820140,Room or central station air conditioning units for use with water chillers. Other.
8415820155,Dehumidifiers. With a rated water removal capacity of less than 35 liters over a 24 hour period.
8415820160,Dehumidifiers. Other.
8415820170,Other air conditioning machines incorporating a refrigerating unit.
8415830050,Heat exchangers including condensing units. Condensing units. Not exceeding 17.58 kW per hour.
8415830060,Heat exchangers including condensing units. Condensing units. Exceeding 17.58 kW per hour.
8415830070,Heat exchangers including condensing units. Other.
8415830090,Other air conditioning machines not incorporating a refrigerating unit.
8415908010,Air conditioning evaporator coils. Of copper or copper alloys.
8415908020,Air conditioning evaporator coils. Other.
8415908045,Other. Of automotive air conditioners.
8415908050,Other. Of heat pumps. Of copper or copper alloys.
8415908070,Other. Of heat pumps. Other.
8415908085,Other. Other.
8416200040,Gas burners.
8416200080,Other.
8418100010,Compression type. Having a refrigerated volume of under 184 liters.
8418100020,Compression type. Having a refrigerated volume of 184 liters and over but under 269 liters.
8418100030,Compression type. Having a refrigerated volume of 269 liters and over but under 382 liters.
8418100045,Compression type. Having a refrigerated volume of 382 liters and over. French door refrigerators with a bottom freezer compartment. Of a width exceeding 87 centimeters but not exceeding 95 centimeters. Having an external depth (excluding door handles) not exceeding 73 centimeters.
8418100055,Compression type. Having a refrigerated volume of 382 liters and over. French door refrigerators with a bottom freezer compartment. Of a width exceeding 87 centimeters but not exceeding 95 centimeters. Other.
8418100065,Compression type. Having a refrigerated volume of 382 liters and over. French door refrigerators with a bottom freezer compartment. Other.
8418100080,Compression type. Having a refrigerated volume of 382 liters and over. Refrigerators with a top freezer compartment.
8418100085,Compression type. Having a refrigerated volume of 382 liters and over. Other.
8418100090,Other.
8418210010,Having a refrigerated volume of under 184 liters.
8418210020,Having a refrigerated volume of 184 liters and over but under 269 liters.
8418210030,Having a refrigerated volume of 269 liters and over but under 382 liters.
8418210090,Having a refrigerated volume of 382 liters and over.
8418500040,Freezing.
8418500080,Other.
8418690110,Icemaking machines.
8418690120,"Drinking water coolers, self-contained."
8418690130,Soda fountain and beer dispensing equipment.
8418690140,Centrifugal liquid chilling refrigerating units.
8418690150,Reciprocating liquid chilling refrigerating units.
8418690160,Absorption liquid chilling units.
8418690180,Other refrigerating or freezing equipment.
8418998005,Refrigeration condensing units. Not exceeding 746 W.
8418998010,Refrigeration condensing units. Exceeding 746 W but not exceeding 2.2 kW.
8418998015,Refrigeration condensing units. Exceeding 2.2 kW but not exceeding 7.5 kW.
8418998020,Refrigeration condensing units. Exceeding 7.5 kW but not exceeding 22.3 kW.
8418998025,Refrigeration condensing units. Exceeding 22.3 kW.
8418998050,Other. Parts of combined refrigerator-freezers fitted with separate external doors and parts of household type refrigerators.
8418998060,Other. Other.
8419190120,Instantaneous water heaters.
8419190160,Other.
8419200010,Medical or surgical sterilizers.
8419200020,Laboratory sterilizers.
8419390270,For foods and beverages.
8419390280,Other.
8419400040,For food and beverages.
8419400080,Other.
8419815040,For use in civil aircraft.
8419815080,Other.
8419819040,"Of a type used in restaurants, hotels or similar locations."
8419819080,Other.
8419899520,Designed for cooling. For food and beverages.
8419899540,Designed for cooling. Other.
8419899560,Other. For food and beverages.
8419899580,Other. For rubber and plastics.
8419899585,Other. For other materials.
8419905040,"Of medical, surgical or laboratory sterilizers."
8419905080,Other.
8419909520,"Of an apparatus of a type used in restaurants, hotels or similar locations."
8419909580,Other.
8420109040,Calendering or other rolling machines for rubber and plastics.
8420109080,Other.
8421290005,Refrigerant recovery and recycling units.
8421290015,Other. Oil-separation equipment.
8421290040,"Other. Other. Hydraulic fluid power filters, rated at 1,000 kPa or greater."
8421290065,Other. Other. Other.
8421390105,"Dust collection and air purification equipment. For machine tools of headings 8456 through 8465, inclusive."
8421390115,Dust collection and air purification equipment. Other.
8421390120,Other. Industrial gas cleaning equipment. Electrostatic precipitators.
8421390130,Other. Industrial gas cleaning equipment. Other.
8421390140,Other. Gas separation equipment.
8421390160,"Other. Other. Pneumatic fluid power filters, rated at 550 kPa or greater."
8421390190,Other. Other. Other.
8421990140,Parts of machinery and apparatus for filtering or purifying water.
8421990180,Other.
8422309110,Machines for aerating beverages.
8422309120,Labeling machines.
8422309130,"Other. Machinery for filling, closing, sealing, capsuling or labeling bottles, cans or similar containers. Machines for filling, whether or not capable of performing other operations. Vacuum or gas packaging."
8422309140,"Other. Machinery for filling, closing, sealing, capsuling or labeling bottles, cans or similar containers. Machines for filling, whether or not capable of performing other operations. Other."
8422309150,"Other. Machinery for filling, closing, sealing, capsuling or labeling bottles, cans or similar containers. Machines which perform only the following operations: capping, lidding, sealing or closing. Vacuum or gas packaging."
8422309160,"Other. Machinery for filling, closing, sealing, capsuling or labeling bottles, cans or similar containers. Machines which perform only the following operations: capping, lidding, sealing or closing. Other."
8422309170,"Other. Machinery for filling, closing, sealing, capsuling or labeling bottles, cans or similar containers. Other."
8422309180,"Other. Machinery for filling, closing, sealing, capsuling or labeling boxes, bags or similar containers. Machines for opening, filling and closing bags."
8422309185,"Other. Machinery for filling, closing, sealing, capsuling or labeling boxes, bags or similar containers. Machines for forming, filling and sealing bags/pouches."
8422309186,"Other. Machinery for filling, closing, sealing, capsuling or labeling boxes, bags or similar containers. Machines for opening, filling and closing boxes."
8422309187,"Other. Machinery for filling, closing, sealing, capsuling or labeling boxes, bags or similar containers. Machines for skin and blister packaging."
8422309191,"Other. Machinery for filling, closing, sealing, capsuling or labeling boxes, bags or similar containers. Other."
8422401110,Machines for wrapping candy.
8422401190,Other.
8422409140,Strapping machines.
8422409150,"Machines for case and tray forming, packing, unpacking, closing and sealing."
8422409160,Machines for shrink film and heat sealing.
8422409170,Machines for wrapping.
8422409181,Other.
8422900640,Of the household type.
8422900680,Other.
8422909120,Of machinery for cleaning or drying bottles or other containers.
8422909130,Other. Of strapping machines.
8422909160,Other. Of other wrapping and packaging machines.
8422909195,Other. Other.
8423100010,Digital electronic type.
8423100030,Other. Of a kind suitable for carrying on the person.
8423100060,Other. Other.
8423810010,Digital electronic type. Counting scales.
8423810020,"Digital electronic type. Retail scales, non-computing."
8423810030,"Digital electronic type. Retail scales, computing."
8423810040,Digital electronic type. Other.
8423810050,Other.
8423820010,Digital electronic type.
8423820050,Other.
8424820010,"Irrigation equipment. Self-propelled, center pivot."
8424820020,Irrigation equipment. Other.
8424820090,Other.
8424909040,Of steam and similar jet projecting machines.
8424909080,Other.
8426410005,Works trucks fitted with a crane.
8426410010,Other. Cable operated.
8426410090,Other. Other.
8426490010,Cable operated.
8426490090,Other.
8427108020,Operator riding. Aerial work platforms of a kind described in statistical note 4 to this chapter.
8427108030,Operator riding. Other.
8427108040,Automated guided vehicle (AGV). Aerial work platforms of a kind described in statistical note 4 to this chapter.
8427108050,Automated guided vehicle (AGV). Other.
8427108070,Other. Aerial work platforms of a kind described in statistical note 4 to this chapter.
8427108095,Other. Other.
8427208020,Aerial work platforms of a kind described in statistical note 4 to this chapter.
8427208090,Other.
8427900020,Aerial work platforms of a kind described in statistical note 4 to this chapter.
8427900090,Other.
8428200010,Conveyors.
8428200050,Elevators.
8428900310,Woodland log handling equipment (other than skidders).
8428900390,Other.
8429110010,New.
8429110090,Used or rebuilt.
8429190010,New.
8429190090,Used or rebuilt.
8429300020,New. Not exceeding 13.7 m3.
8429300040,New. Exceeding 13.7 m3.
8429300060,Used or rebuilt.
8429400020,New. Vibratory.
8429400040,New. Other.
8429400060,Used or rebuilt.
8429511005,"New. Integral tractor shovel loaders, rear engine mounted. 2 wheel drive."
8429511015,"New. Integral tractor shovel loaders, rear engine mounted. 4 wheel drive with a bucket capacity of. Under 1.5 m3."
8429511025,"New. Integral tractor shovel loaders, rear engine mounted. 4 wheel drive with a bucket capacity of. At least 1.5 m3 but under 2.2 m3."
8429511030,"New. Integral tractor shovel loaders, rear engine mounted. 4 wheel drive with a bucket capacity of. At least 2.2 m3 but under 2.9 m3."
8429511035,"New. Integral tractor shovel loaders, rear engine mounted. 4 wheel drive with a bucket capacity of. At least 2.9 m3 but under 3.8 m3."
8429511040,"New. Integral tractor shovel loaders, rear engine mounted. 4 wheel drive with a bucket capacity of. At least 3.8 m3 but under 5.2 m3."
8429511045,"New. Integral tractor shovel loaders, rear engine mounted. 4 wheel drive with a bucket capacity of. At least 5.2 m3 but under 7.6 m3."
8429511050,"New. Integral tractor shovel loaders, rear engine mounted. 4 wheel drive with a bucket capacity of. At least 7.6 m3 but under 11.4 m3."
8429511055,"New. Integral tractor shovel loaders, rear engine mounted. 4 wheel drive with a bucket capacity of. 11.4 m3 and over."
8429511060,New. Other.
8429511065,Used or rebuilt.
8429515010,New. Less than 44.7 kW.
8429515020,New. At least 44.7 kW but under 67.1 kW.
8429515030,New. At least 67.1 kW but under 93.2 kW.
8429515040,New. At least 93.2 kW but under 119.3 kW.
8429515050,New. 119.3 kW and over.
8429515060,Used or rebuilt.
8429521010,New. Crawler mounted. Hydraulic.
8429521020,New. Crawler mounted. Other.
8429521030,New. Other. Hydraulic.
8429521040,New. Other. Other.
8429521050,Used or rebuilt.
8429525010,New.
8429525090,Used or rebuilt.
8429591030,New. Backhoes.
8429591060,New. Other.
8429591090,Used or rebuilt.
8429595020,New. Ditchers and trenchers. Ladder type.
8429595040,New. Ditchers and trenchers. Other.
8429595060,New. Other.
8429595080,Used or rebuilt.
8430200030,Snowblowers. Attachment type.
8430200060,Snowblowers. Other.
8430200090,Other.
8430310040,Rock breaking machines.
8430310080,Other.
8430390040,Rock breaking machines.
8430390080,Other.
8430498010,For oil well and gas field drilling. Rotary.
8430498020,For oil well and gas field drilling. Other.
8430498030,For water well drilling. Rotary.
8430498040,For water well drilling. Other.
8430498050,Other.
8431100010,Of machinery of subheading 8425.11 or 8425.19.
8431100090,Other.
8431310020,Of skip hoists.
8431310040,Of escalators.
8431310060,Other.
8431390010,Of elevators and conveyors.
8431390050,Other. Of oil and gas field machinery.
8431390070,Other. Of the woodland log handling equipment of statistical reporting number 8428.90.0310.
8431390080,Other. Other.
8431410020,Shovel attachments.
8431410040,Clamshell (grappler) attachments.
8431410060,Dragline buckets.
8431410080,Other.
8431438020,"Of oil and gas field machinery. Tool joints, whether or not forged."
8431438040,Of oil and gas field machinery. Drill pipe fitted with tool joints.
8431438060,Of oil and gas field machinery. Other.
8431438090,Of other boring or sinking machinery.
8431491010,"Of machinery of subheadings 8426.11, 8426.19 and 8426.30."
8431491060,"Of mobile lifting frames, straddle carriers and works trucks fitted with a crane."
8431491070,Other. Of copper or copper alloys.
8431491080,Other. Other.
8431499005,Attachments for mounting on machinery. Backhoe attachments.
8431499010,Attachments for mounting on machinery. Front-end loader attachments.
8431499015,Attachments for mounting on machinery. Rippers and rooters.
8431499020,Attachments for mounting on machinery. Other.
8431499025,Other. Parts of coal or rock cutters and tunneling machinery. Cast axle housings.
8431499032,Other. Parts of coal or rock cutters and tunneling machinery. Other. Of copper or copper alloys.
8431499034,Other. Parts of coal or rock cutters and tunneling machinery. Other. Other.
8431499035,"Other. Parts of backhoes, shovels, clamshells and draglines. Cast axle housings."
8431499036,"Other. Parts of backhoes, shovels, clamshells and draglines. Other. Road wheels."
8431499038,"Other. Parts of backhoes, shovels, clamshells and draglines. Other. Wheel and tire assemblies."
8431499039,"Other. Parts of backhoes, shovels, clamshells and draglines. Other. Other. Of copper or copper alloys."
8431499041,"Other. Parts of backhoes, shovels, clamshells and draglines. Other. Other. Other."
8431499045,Other. Other. Scraper bowls for scrapers of subheadings 8429.30 and 8430.69.01.
8431499050,Other. Other. Track links.
8431499055,Other. Other. Cast axle housings.
8431499081,Other. Other. Other. Steel forgings.
8431499084,Other. Other. Other. Other. Road wheels.
8431499090,Other. Other. Other. Other. Wheel and tire assemblies.
8431499092,Other. Other. Other. Other. Other. Of copper or copper alloys.
8431499094,Other. Other. Other. Other. Other. Other.
8432100020,Moldboard plows except listers.
8432100040,Disc plows.
8432100060,Other.
8432290040,"Cultivators, weeders and hoes. Cultivators, tractor drawn or for tractor mounting."
8432290060,"Cultivators, weeders and hoes. Walk behind rotary tillers."
8432290080,"Cultivators, weeders and hoes. Other."
8432290090,Other.
8432310010,Planters and transplanters.
8432310090,Seeders.
8432390010,Planters and transplanters.
8432390090,Seeders.
8432800010,"Tow behind spreaders, aerators, and de- thatchers."
8432800080,Other.
8432900010,Road wheels without tires.
8432900020,Wheel and tire assemblies.
8432900040,Other. Of plows.
8432900050,"Other. Of harrows, scarifiers, cultivators, weeders and hoes."
8432900060,"Other. Of seeders, planters, transplanters, manure spreaders and fertilizer distributors."
8432900081,Other. Of other machinery.
8433110010,"Electric mowers, including battery operated."
8433110020,"Riding mowers, other than electric. Under 5.2 kW."
8433110030,"Riding mowers, other than electric. 5.2 kW and over but under 7.46 kW."
8433110040,"Riding mowers, other than electric. 7.46 kW and over."
8433110050,Other. Under 3.7 kW.
8433110060,Other. 3.7 kW and over.
8433190010,Greens mowers.
8433190020,Gang cutting units.
8433190030,Other riding mowers.
8433190040,Other. Gasoline powered.
8433190050,Other. Other.
8433200020,Tractor drawn or for tractor mounting. Rotary cutter type.
8433200040,Tractor drawn or for tractor mounting. Other.
8433200060,Other.
8433510010,Self-propelled.
8433510090,Other.
8433590010,Field forage harvesters.
8433590090,Other.
8433600010,"Machines for cleaning, sorting or grading eggs."
8433600090,Other.
8433901010,Wheel and tire assemblies.
8433901090,Other.
8433905010,"Of other mowers, harvesting machines and threshing machines. Road wheels."
8433905025,"Of other mowers, harvesting machines and threshing machines. Of haying machines and balers."
8433905045,"Of other mowers, harvesting machines and threshing machines. Other."
8433905060,"Of machines for cleaning, sorting or grading eggs."
8433905080,"Of machines for cleaning, sorting or grading fruit or other agricultural produce."
8436800020,Forestry machinery.
8436800040,Other. Barn and barnyard machines.
8436800060,Other. Machines for preparing crops for market or for use.
8436800070,Other. Other. Bee-keeping machinery.
8436800090,Other. Other. Other.
8436910040,Of poultry incubators and brooders.
8436910080,Other.
8436990020,Of forestry machinery.
8436990030,Of bee-keeping machinery.
8436990035,Of machinery for preparing animal feeds.
8436990040,Other. Of barn or barnyard machines.
8436990070,Other. Of machines for preparing crops for market or for use.
8436990090,Other. Other.
8437800010,Flour mill and grain mill machines.
8437800090,Other.
8437900010,Of flour mill or grain mill machines.
8437900090,Other.
8438100010,Bakery machinery.
8438100090,Other.
8438500010,Meat- and poultry-packing plant machinery.
8438500090,Other.
8438909015,"Of bakery machinery and machinery for the manufacture of macaroni, spaghetti or similar products."
8438909030,"Of machinery for the manufacture of confectionery, cocoa or chocolate."
8438909060,Of machinery for the preparation of meat or poultry.
8438909090,Other.
8439100010,New.
8439100090,Used or rebuilt.
8439200010,New.
8439200090,Used or rebuilt.
8442300110,Phototypesetting and composing machines.
8442300150,"Other machinery, apparatus and equipment."
8443321010,Laser. Capable of producing more than 20 pages per minute.
8443321020,Laser. Other.
8443321030,Light bar electronic type.
8443321040,Ink jet.
8443321050,Thermal transfer.
8443321060,Ionographic.
8443321070,Daisy wheel.
8443321080,Dot matrix.
8443321090,Other.
8443992010,Ink cartridges.
8443992050,Other.
8443992510,Ink cartridges.
8443992550,Other.
8443995011,For the goods of subheading 8443.31. Ink cartridges.
8443995015,For the goods of subheading 8443.31. Other.
8443995050,Other.
8444000010,Texturing machines.
8444000090,Other.
8445190040,Cotton gins.
8445190080,Other.
8445300010,Textile twisting machines.
8445300090,Other.
8446100010,Power looms.
8446100090,Other.
8446301010,Rapier type.
8446301020,Jet type.
8446301030,Other.
8446305010,Rapier type.
8446305020,Jet type.
8446305030,Other.
8447119010,Open-top cylinder machines.
8447119020,Cylinder and dial machines.
8447119090,Other.
8447129010,Open-top cylinder machines.
8447129020,Cylinder and dial machines.
8447129090,Other.
8448205010,Of texturing machines.
8448205090,Other.
8448320010,Of cotton gins.
8448320090,Other.
8450110010,Coin operated.
8450110040,Other. Top Loading.
8450110080,Other. Other.
8450200010,Coin operated.
8450200040,Other. Top Loading.
8450200080,Other. Other.
8451210010,Coin operated.
8451210090,Other.
8451290010,For drying made up articles.
8451290090,Other.
8451909010,"Of machines for washing, dry-cleaning, ironing, pressing or drying made up textile articles or of other household or laundry type machines."
8451909020,"Other. Of machines for bleaching, dyeing, washing or cleaning."
8451909090,Other. Other.
8452100010,Valued not over $20 each.
8452100090,Other.
8452902010,Of household machines.
8452902090,Other.
8454200010,Ingot molds. For steel ingots.
8454200060,Ingot molds. Other.
8454200080,Ladles.
8454300010,Die casting machines.
8454300090,Other.
8454900030,Of casting machines. Of die casting machines.
8454900060,Of casting machines. Other.
8454900070,Of ingot molds.
8454900080,Other.
8455300005,"Gray iron. Not exceeding 2,268 kg."
8455300015,"Gray iron. Exceeding 2,268 kg but not exceeding 6,803.9 kg."
8455300025,"Gray iron. Exceeding 6,803.9 kg."
8455300035,"Cast steel. Not exceeding 2,268 kg."
8455300045,"Cast steel. Exceeding 2,268 kg but not exceeding 6,803.9 kg."
8455300055,"Cast steel. Exceeding 6,803.9 kg."
8455300065,"Other. Not exceeding 2,268 kg."
8455300075,"Other. Exceeding 2,268 kg but not exceeding 6,803.9 kg."
8455300085,"Other. Exceeding 6,803.9 kg."
8456111010,Numerically controlled.
8456111050,Other.
8456121010,Numerically controlled.
8456121050,Other.
8456201010,Numerically controlled.
8456201050,Other.
8456301020,Traveling wire (wire-cut) type.
8456301050,Other. Numerically controlled.
8456301070,Other. Other.
8456401010,Numerically controlled.
8456401090,Other.
8457100005,Used or rebuilt.
8457100015,Other. With automatic tool changers. Vertical-spindle machines with a Y-axis travel of--. Not over 660 mm.
8457100025,Other. With automatic tool changers. Vertical-spindle machines with a Y-axis travel of--. Over 660 mm.
8457100055,Other. With automatic tool changers. Horizontal-spindle machines with a Y-axis travel of--. Not over 685 mm.
8457100060,"Other. With automatic tool changers. Horizontal-spindle machines with a Y-axis travel of--. Over 685 mm but not over 1,016 mm."
8457100065,"Other. With automatic tool changers. Horizontal-spindle machines with a Y-axis travel of--. Over 1,016 mm."
8457100070,Other. With automatic tool changers. Other.
8457100075,Other. Other.
8457200010,Numerically controlled.
8457200090,Other.
8457300010,Numerically controlled.
8457300090,Other.
8458110005,Used or rebuilt.
8458110010,Other. Multiple spindle.
8458110030,Other. Other. With a power rating of less than 18.65 kW.
8458110050,Other. Other. With a power rating of 18.65 kW or greater but not exceeding 37.3 kW.
8458110090,Other. Other. With a power rating exceeding 37.3 kW.
8458190010,Used or rebuilt.
8458190020,"Other, valued under $3,025 each."
8458190030,Other. Engine or toolroom lathes.
8458190050,Other. Automatic bar and/or chucking machines. Single spindle.
8458190070,Other. Automatic bar and/or chucking machines. Multiple spindle.
8458190090,Other. Other.
8458911040,Used or rebuilt.
8458911060,Other. Multiple spindle.
8458911080,Other. Other.
8458915040,Used or rebuilt.
8458915050,Other. Multiple spindle.
8458915070,Other. Other.
8458991010,Used or rebuilt.
8458991050,Other.
8458995030,Used or rebuilt.
8458995060,"Other, valued under $3,025 each."
8458995090,Other.
8459210040,Used or rebuilt.
8459210080,Other.
8459290010,Used or rebuilt.
8459290020,"Other, valued under $3,025 each."
8459290040,Other. Multiple spindle.
8459290050,Other. Other. Radial.
8459290070,"Other. Other. Upright, excluding sensitive (hand- directed), turret and deep-hole machines."
8459290090,Other. Other. Other.
8459310005,Used or rebuilt.
8459310010,"Other. Horizontal spindle. Table type, excluding planer type."
8459310040,Other. Horizontal spindle. Other.
8459310070,Other. Other.
8459390010,Used or rebuilt.
8459390020,"Other, valued under $3,025 each."
8459390040,Other. Horizontal spindle.
8459390050,Other. Other.
8459410010,Used or rebuilt.
8459410020,"Other, valued under $3,025 each."
8459410030,Other. Vertical.
8459410090,Other. Other.
8459490010,Used or rebuilt.
8459490020,"Other, valued under $3,025 each."
8459490030,Other. Vertical.
8459490090,Other. Other.
8459510040,Used or rebuilt.
8459510080,Other.
8459590010,Used or rebuilt.
8459590020,"Other, valued under $3,025 each."
8459590030,Other.
8459610040,Used or rebuilt.
8459610080,Other.
8459690010,Used or rebuilt.
8459690020,"Other, valued under $3,025 each."
8459690050,"Other. Profile, duplicating or die sinking."
8459690070,Other. Bed type.
8459690090,Other. Other.
8459708040,Used or rebuilt.
8459708060,"Other, valued under $3,025 each."
8459708080,Other.
8460120040,Used or rebuilt.
8460120080,Other.
8460190105,Used or rebuilt.
8460190110,Other. Reciprocating-table type.
8460190150,Other. Other.
8460220040,Used or rebuilt.
8460220080,Other.
8460230040,Used or rebuilt.
8460230055,"Other. External cylindrical, including universal."
8460230065,Other. Internal cylindrical.
8460230075,Other. Other.
8460240005,Used or rebuilt.
8460240080,Other.
8460290105,Used or rebuilt.
8460290110,"Other. External cylindrical, including universal."
8460290130,Other. Internal cylindrical.
8460290150,Other. Other.
8460310040,Used or rebuilt.
8460310080,Other.
8460390010,Used or rebuilt.
8460390020,"Other, valued under $3,025 each."
8460390050,Other.
8460404010,Used or rebuilt.
8460404060,Other.
8460408010,Used or rebuilt.
8460408020,"Other, valued under $3,025 each."
8460408080,Other.
8460904010,Used or rebuilt.
8460904060,Other.
8460908010,Used or rebuilt.
8460908020,"Other, valued under $3,025 each."
8460908080,Other.
8461208030,Used or rebuilt.
8461208070,"Other, valued under $3,025 each."
8461208090,Other.
8461304020,Used or rebuilt.
8461304060,Other.
8461308020,Used or rebuilt.
8461308040,"Other, valued under $3,025 each."
8461308080,Other.
8461401010,Used or rebuilt.
8461401020,Other. For bevel gears.
8461401030,Other. Other. Gear hobbers.
8461401040,Other. Other. Gear shapers.
8461401060,Other. Other. Other.
8461405020,Used or rebuilt.
8461405040,"Other, valued under $3,025 each."
8461405050,Other. For bevel gears.
8461405070,Other. Other.
8461504010,Used or rebuilt.
8461504050,Other.
8461508010,Used or rebuilt.
8461508020,"Other, valued under $3,025 each."
8461508090,Other.
8461903020,Planing machines. Used or rebuilt.
8461903040,Planing machines. Other.
8461903060,Other. Used or rebuilt.
8461903080,Other. Other.
8461906010,Planing machines. Used or rebuilt.
8461906020,"Planing machines. Other, valued under $3,025 each."
8461906030,Planing machines. Other.
8461906040,Other. Used or rebuilt.
8461906050,"Other. Other, valued under $3,025 each."
8461906090,Other. Other.
8462110010,Used or rebuilt.
8462110030,"Other. Headers and upsetters, including cold headers."
8462110035,Other. Mechanical transfer presses.
8462110055,Other. Other.
8462190010,Used or rebuilt.
8462190030,"Other. Headers and upsetters, including cold headers."
8462190035,Other. Mechanical transfer presses.
8462190055,Other. Other.
8462220010,Used or rebuilt.
8462220020,"Other, valued under $3,025 each."
8462220050,Other.
8462230010,Used or rebuilt.
8462230020,"Other, valued under $3,025 each."
8462230050,Other.
8462240010,Used or rebuilt.
8462240020,"Other, valued under $3,025 each."
8462240050,Other.
8462250010,Used or rebuilt.
8462250020,"Other, valued under $3,025 each."
8462250050,Other.
8462260010,Used or rebuilt.
8462260020,"Other, valued under $3,025 each."
8462260050,Other.
8462290010,Used or rebuilt.
8462290020,"Other, valued under $3,025 each."
8462290030,Other. Press brakes.
8462290040,Other. Bending rolls.
8462290050,Other. Other.
8462321040,Used or rebuilt.
8462321080,Other.
8462325010,Used or rebuilt.
8462325020,"Other, valued under $3,025 each."
8462325050,Other.
8462330040,Used or rebuilt.
8462330080,Other.
8462390010,Used or rebuilt.
8462390020,"Other, valued under $3,025 each."
8462390050,Other.
8462420040,Used or rebuilt.
8462420080,Other.
8462490010,Used or rebuilt.
8462490020,"Other, valued under $3,025 each."
8462490050,Other.
8462510040,Used or rebuilt.
8462510080,Other.
8462590010,Used or rebuilt.
8462590020,"Other, valued under $3,025 each."
8462590050,Other.
8462614030,Used or rebuilt.
8462614060,Other.
8462618030,Used or rebuilt.
8462618090,Other.
8462624010,Used or rebuilt.
8462624030,Other.
8462625030,Used or rebuilt.
8462625090,Other.
8462634010,Used or rebuilt.
8462634030,Other.
8462638010,Used or rebuilt.
8462638020,"Other, valued under $3,025 each."
8462638060,Other.
8462694010,Used or rebuilt.
8462694030,Other.
8462698010,Used or rebuilt.
8462698020,"Other, valued under $3,025 each."
8462698060,Other.
8462904010,Used or rebuilt.
8462904030,Other.
8462908010,Used or rebuilt.
8462908020,"Other, valued under $3,025 each."
8462908060,Other.
8463100040,Used or rebuilt.
8463100060,"Other, valued under $3,025 each."
8463100080,Other.
8463200040,Used or rebuilt.
8463200060,"Other, valued under $3,025 each."
8463200080,Other.
8463300040,Used or rebuilt.
8463300060,"Other, valued under $3,025 each."
8463300080,Other.
8463900040,Used or rebuilt.
8463900060,"Other, valued under $3,025 each."
8463900080,Other.
8464200110,Glass-working machines.
8464200120,Other.
8464900110,Glass-working machines.
8464900120,Other.
8465100005,Woodworking machines. Used or rebuilt. Tenoners.
8465100015,Woodworking machines. Used or rebuilt. Other.
8465100025,Woodworking machines. Other. Tenoners. Numerically controlled.
8465100035,Woodworking machines. Other. Tenoners. Other.
8465100045,Woodworking machines. Other. Other.
8465100050,Other.
8465910002,Woodworking machines. Used or rebuilt. Rip saws.
8465910006,Woodworking machines. Used or rebuilt. Panel saws.
8465910012,Woodworking machines. Used or rebuilt. Band saws.
8465910016,Woodworking machines. Used or rebuilt. Cross-cut and optimizing saws.
8465910022,Woodworking machines. Used or rebuilt. Other.
8465910027,Woodworking machines. Other. Sawmill machines.
8465910032,Woodworking machines. Other. Other. Radial arm saws.
8465910036,Woodworking machines. Other. Other. Tilting arbor table saws.
8465910041,Woodworking machines. Other. Other. Rip saws.
8465910047,Woodworking machines. Other. Other. Miter saws.
8465910049,Woodworking machines. Other. Other. Scroll saws.
8465910053,"Woodworking machines. Other. Other. Panel saws. Valued under $3,000 each."
8465910058,Woodworking machines. Other. Other. Panel saws. Other.
8465910064,"Woodworking machines. Other. Other. Band saws. Valued under $1,000 each."
8465910068,Woodworking machines. Other. Other. Band saws. Other.
8465910074,Woodworking machines. Other. Other. Cross-cut and optimizing saws.
8465910078,Woodworking machines. Other. Other. Other.
8465910091,Other.
8465920003,For woodworking. Used or rebuilt. Moulders.
8465920006,For woodworking. Used or rebuilt. Routers.
8465920016,For woodworking. Used or rebuilt. Other.
8465920026,"For woodworking. Other. Dovetailing machines. Valued under $3,000 each."
8465920029,For woodworking. Other. Dovetailing machines. Other.
8465920031,For woodworking. Other. Moulders.
8465920034,"For woodworking. Other. Planers. Valued under $1,000 each."
8465920037,For woodworking. Other. Planers. Other.
8465920042,"For woodworking. Other. Jointers. Valued under $1,000 each."
8465920046,For woodworking. Other. Jointers. Other.
8465920051,"For woodworking. Other. Routers. Valued under $3,000 each."
8465920055,For woodworking. Other. Routers. Other. Numerically controlled.
8465920058,For woodworking. Other. Routers. Other. Other.
8465920062,"For woodworking. Other. Shapers and profilers. Valued under $1,000 each."
8465920066,For woodworking. Other. Shapers and profilers. Other.
8465920072,For woodworking. Other. Other.
8465920091,Other.
8465930004,"For woodworking. Used or rebuilt. Belt sanders, for a belt width 60 cm or wider."
8465930012,For woodworking. Used or rebuilt. Other.
8465930030,"For woodworking. Other. Edge belt sanders. Valued under $1,000 each."
8465930045,"For woodworking. Other. Edge belt sanders. Valued $1,000 or over but under $3,000 each."
8465930055,For woodworking. Other. Edge belt sanders. Other.
8465930065,"For woodworking. Other. Belt sanders, for a belt width 60 cm or wider."
8465930075,For woodworking. Other. Other.
8465930091,Other.
8465940005,For woodworking. Used or rebuilt.
8465940015,For woodworking. Other. Doweling machines.
8465940025,For woodworking. Other. Edgebanding machines.
8465940035,For woodworking. Other. Laminating machines.
8465940045,For woodworking. Other. Presses. Cold.
8465940055,For woodworking. Other. Presses. Other.
8465940065,For woodworking. Other. Other.
8465940091,Other.
8465950005,For woodworking. Used or rebuilt. Numerically controlled boring machines.
8465950010,For woodworking. Used or rebuilt. Other.
8465950020,For woodworking. Other. Boring machines. Numerically controlled.
8465950035,"For woodworking. Other. Boring machines. Other. Valued under $3,000 each."
8465950045,For woodworking. Other. Boring machines. Other. Other.
8465950055,"For woodworking. Other. Other drilling machines. Valued under $1,000 each."
8465950060,For woodworking. Other. Other drilling machines. Other.
8465950065,For woodworking. Other. Other.
8465950091,Other.
8465960015,For woodworking. Log splitters.
8465960025,For woodworking. Chippers.
8465960030,For woodworking. Hogs.
8465960040,For woodworking. Other.
8465960051,Other.
8465990210,Woodworking machines. Debarkers.
8465990220,Woodworking machines. Lathes.
8465990230,Woodworking machines. Other.
8465990250,Other.
8466100110,Tool holders for forming-type or cutting-type dies.
8466100130,Holders for replaceable cutting or drill inserts.
8466100175,Other.
8466201010,Jigs and fixtures.
8466201090,Other.
8466208020,For metalworking machine tools. Jigs and fixtures.
8466208035,For metalworking machine tools. Other.
8466208040,Other work holders. Jigs and fixtures.
8466208065,Other work holders. Other.
8466306040,For woodworking machines.
8466306085,Other.
8466925010,Of woodworking machines.
8466925090,Other.
8466931530,"For metalworking machine tools for cutting, grinding or finishing gears."
8466931560,Other.
8466935340,Of metalworking machine tools for grinding or finishing gears.
8466935385,Other.
8466936030,"For metalworking machine tools for cutting, grinding or finishing gears."
8466936060,Other.
8466939840,Of metalworking machine tools for grinding or finishing gears.
8466939885,Other.
8466946540,Parts of mechanical transfer presses.
8466946585,Other.
8466948540,Parts of mechanical transfer presses.
8466948585,Other.
8467111040,"Grinders, polishers and sanders."
8467111080,Other.
8467115010,Rock drills.
8467115020,"Drills, other than rock drills; screwdrivers and nut runners."
8467115040,"Wrenches, other than nut runners."
8467115090,Other.
8467195030,"Pneumatic, hand-held force feed lubricating equipment."
8467195060,Designed for use in construction or mining.
8467195090,Other.
8467210010,Rotary. Battery powered.
8467210030,Rotary. Other. With a chuck capacity of less than 12.7 mm.
8467210050,Rotary. Other. Other.
8467210070,"Other, including hammer drills."
8467220020,Circular.
8467220040,Chain.
8467220070,Reciprocating and jig.
8467220090,Other.
8467290010,"Grinders, polishers and sanders. Angle grinders, sanders and polishers."
8467290015,"Grinders, polishers and sanders. Orbital and straight-line sanders."
8467290025,"Grinders, polishers and sanders. Other. Belt sanders."
8467290035,"Grinders, polishers and sanders. Other. Other."
8467290040,"Screwdrivers, nut-runners and impact wrenches."
8467290055,Routers.
8467290065,Planers.
8467290070,Grass and weed trimmers/edgers.
8467290080,Electropneumatic rotary and percussion hammers.
8467290085,Electric scissors.
8467290090,Other.
8467895030,Gasoline powered grass and weed trimmers and brushcutters.
8467895060,"Other, designed for use in agriculture or horticulture."
8467895090,Other.
8467920050,"Of pneumatic, hand-held force feed lubricating equipment."
8467920090,Other.
8467990130,Of gasoline powered grass and weed trimmers and brushcutters.
8467990190,Other.
8470100040,Display only.
8470100060,Other.
8470500020,Point-of-sale terminals.
8470500060,Other.
8470900110,Postage-franking machines.
8470900190,Other.
8471410110,With cathode-ray tube (CRT).
8471410150,Other.
8471500110,With cathode-ray tube (CRT).
8471500150,Other.
8471601010,With cathode-ray tube (CRT).
8471601050,Other.
8471609030,Card key and magnetic media entry devices.
8471609050,Other.
8471704035,Flexible (floppy) magnetic disk drive units.
8471704065,Hard magnetic disk drive units.
8471704095,Other.
8471705035,Flexible (floppy) magnetic disk drive units.
8471705065,Hard magnetic disk drive units.
8471705095,Other.
8472909040,Desktop note counters and note scanners.
8472909060,Other currency and coin handling machines.
8472909080,Other.
8473301140,Memory modules suitable for use solely or principally with machines of heading 8471.
8473301180,Other.
8474100010,Portable.
8474100090,Stationary.
8474200010,Portable.
8474200050,Stationary. Crushing.
8474200070,Stationary. Other.
8474800010,"For agglomerating, shaping or molding solid mineral fuels, ceramic paste, unhardened cements, plastering materials or other mineral products in powder or paste form. Designed for use with ceramic paste, unhardened cements and plastering materials."
8474800015,"For agglomerating, shaping or molding solid mineral fuels, ceramic paste, unhardened cements, plastering materials or other mineral products in powder or paste form. Other."
8474800020,Machines for forming foundry molds of sand.
8474800080,Other.
8474900010,"Of sorting, screening, separating or washing machines."
8474900020,Of crushing or grinding machines.
8474900050,Of mixing or kneading machines.
8474900090,Other.
8477109015,Of a type used for processing rubber or other thermosetting materials.
8477109030,Of a type used for processing thermoplastics. With a clamp force less than 50 tons.
8477109040,Of a type used for processing thermoplastics. With a clamp force equal to or greater than 50 tons and less than 300 tons.
8477109050,Of a type used for processing thermoplastics. With a clamp force equal to or greater than 300 tons and less than 750 tons.
8477109060,Of a type used for processing thermoplastics. With a clamp force equal to or greater than 750 tons.
8477200005,Of a type used for processing rubber or other thermosetting materials. Single screw.
8477200015,"Of a type used for processing rubber or other thermosetting materials. Other, including multiple screw."
8477200035,"Of a type used for processing thermoplastics. Single screw, with a screw size. Less than 6.4 cm."
8477200045,"Of a type used for processing thermoplastics. Single screw, with a screw size. 6.4 cm or greater."
8477200055,"Of a type used for processing thermoplastics. Other, including multiple screw. With a screw size less than 6.4 cm."
8477200065,"Of a type used for processing thermoplastics. Other, including multiple screw. With a screw size 6.4 cm or greater."
8477510010,For molding or retreading pneumatic tires.
8477510090,Other.
8477902540,"Of machines of subheading 8477.10.30, 8477.10.40 or 8477.10.90."
8477902580,Other.
8477908601,Of injection-molding machines.
8477908620,Of extruders.
8477908630,Of blow-molding machines.
8477908640,Of machines for forming pneumatic tires.
8477908695,Other parts.
8478100010,Industrial cigarette-making machines.
8478100090,Other.
8478900010,Parts of industrial cigarette-making machines.
8478900090,Other.
8479100040,"Concrete and bituminous pavers, finishers and spreaders. For concrete."
8479100060,"Concrete and bituminous pavers, finishers and spreaders. For bituminous material."
8479100080,Other.
8479820040,"Mixing, kneading or stirring machines."
8479820080,Other.
8479899550,Oil and gas field wireline and downhole equipment.
8479899560,Automotive maintenance machines.
8479899565,Hydraulic accumulators.
8479899585,Ultrasonic cleaning devices.
8479899595,Industrial vibrators.
8479899596,Tow behind sweepers.
8479899599,Other.
8479909530,Of industrial robots.
8479909550,"Other. Of machinery for public works, building or the like."
8479909560,Other. Of presses for the manufacture of particle board or fiber building board of wood or other ligneous materials and other machinery for treating wood or cork.
8479909565,Other. Of machines or mechanical appliances for treating metal.
8479909596,Other. Other.
8480490010,Molds for centrifugal casting of ductile iron pipe.
8480490090,Other.
8480500010,Injection or compression types.
8480500090,Other types.
8480600010,Injection or compression types.
8480600090,Other types.
8480718020,"Temporarily imported for testing, calibration, examination, repair or alteration; returned after being exported for testing, calibration, examination, repair or alteration."
8480718045,Other. Injection type.
8480718060,Other. Compression type.
8480799010,Blow molds.
8480799020,Bladder operated molds.
8480799090,Other molds.
8481100020,Hydraulic fluid power type.
8481100040,Pneumatic fluid power type. Filter-regulators and filter-regulator-lubricators.
8481100060,Pneumatic fluid power type. Other.
8481100090,Other.
8481200010,Hydraulic valves. Directional control. Manual type.
8481200020,Hydraulic valves. Directional control. Solenoid type.
8481200030,Hydraulic valves. Directional control. Other.
8481200040,Hydraulic valves. Flow control type.
8481200050,Hydraulic valves. Other.
8481200060,Other. Directional control. Solenoid type.
8481200070,Other. Directional control. Other.
8481200080,Other. Other.
8481301010,Having a pressure rating under 850 kPa.
8481301090,Having a pressure rating of 850 kPa or over.
8481302010,Of iron.
8481302090,Of steel.
8481801020,Having a pressure rating under 850 kPa. Bath and shower faucets.
8481801030,Having a pressure rating under 850 kPa. Sink and lavatory faucets.
8481801040,Having a pressure rating under 850 kPa. Supply stops.
8481801050,Having a pressure rating under 850 kPa. Other.
8481801060,Having a pressure rating of 850 kPa or over. Gate type.
8481801070,Having a pressure rating of 850 kPa or over. Globe type.
8481801075,Having a pressure rating of 850 kPa or over. Plug type.
8481801085,Having a pressure rating of 850 kPa or over. Ball type.
8481801090,Having a pressure rating of 850 kPa or over. Butterfly type.
8481801095,Having a pressure rating of 850 kPa or over. Other.
8481803010,Of iron. Gate type.
8481803015,Of iron. Globe type.
8481803020,Of iron. Plug type.
8481803025,Of iron. Ball type.
8481803030,Of iron. Butterfly type.
8481803040,Of iron. Other.
8481803055,Of steel. Gate type.
8481803060,Of steel. Globe type.
8481803065,Of steel. Plug type.
8481803070,Of steel. Ball type.
8481803075,Of steel. Butterfly type.
8481803090,Of steel. Other.
8481805040,Pressure spray can valves.
8481805060,"Bath, shower, sink and lavatory faucets."
8481805090,Other.
8481809005,Solenoid valves.
8481809010,Ballcock mechanisms.
8481809015,"Regulator valves, self-operating, for controlling variables such as temperature, pressure, flow and liquid level."
8481809020,Other. With electrical or electro-hydraulic actuators. Control valves designed for proportional operation by a signal from a control device.
8481809025,Other. With electrical or electro-hydraulic actuators. Other.
8481809030,Other. With hydraulic actuators.
8481809035,Other. With pneumatic actuators. Control valves designed for proportional operation by a signal from a control device.
8481809040,Other. With pneumatic actuators. Other.
8481809045,Other. With thermostatic actuators.
8481809050,Other. Other.
8481909020,Of valves of subheading 8481.20. Valve bodies.
8481909040,Of valves of subheading 8481.20. Other.
8481909060,Other. Valve bodies.
8481909081,Other. Other. Steel forgings.
8481909085,Other. Other. Other.
8482101040,Bearings having an outside diameter not over 30 mm.
8482101080,Other.
8482105004,Unground bearings.
8482105008,Other. Thrust bearings.
8482105012,Other. Linear bearings.
8482105016,Other. Angular contact bearings. Wheel hub bearings units. Flanged.
8482105024,Other. Angular contact bearings. Wheel hub bearings units. Other.
8482105028,Other. Angular contact bearings. Other.
8482105032,Other. Radial bearings. Single row bearings. Maximum or full capacity type.
8482105036,"Other. Radial bearings. Single row bearings. Other bearings, having an outside diameter of. Under 9 mm."
8482105044,"Other. Radial bearings. Single row bearings. Other bearings, having an outside diameter of. 9 mm and over but not over 30 mm."
8482105048,"Other. Radial bearings. Single row bearings. Other bearings, having an outside diameter of. Over 30 mm but not over 52 mm."
8482105052,"Other. Radial bearings. Single row bearings. Other bearings, having an outside diameter of. Over 52 mm but not over 100 mm.."
8482105056,"Other. Radial bearings. Single row bearings. Other bearings, having an outside diameter of. Over 100 mm."
8482105060,Other. Radial bearings. Double row ball bearings.
8482105064,Other. Radial bearings. Other.
8482105068,Other. Other.
8482200020,Cup and cone assemblies entered as a set. Wheel hub units. Flanged.
8482200030,Cup and cone assemblies entered as a set. Wheel hub units. Other.
8482200040,Cup and cone assemblies entered as a set. Other. With cups having an outside diameter not exceeding 102 mm.
8482200061,Cup and cone assemblies entered as a set. Other. With cups having an outside diameter exceeding 102 mm but not exceeding 203 mm.
8482200064,Cup and cone assemblies entered as a set. Other. With cups having an outside diameter exceeding 203 mm but not exceeding 305 mm.
8482200067,Cup and cone assemblies entered as a set. Other. Other.
8482200070,Cone assemblies entered separately. For cups having an outside diameter not exceeding 102 mm.
8482200081,Cone assemblies entered separately. For cups having an outside diameter exceeding 102 mm but not exceeding 203 mm.
8482200090,Cone assemblies entered separately. Other.
8482300040,Single row.
8482300080,Other.
8482800020,Combined ball and spherical roller bearings.
8482800040,Combined ball and needle roller bearings.
8482800060,Combined ball and other cylindrical roller bearings.
8482800080,Other.
8482910010,Balls. Of alloy steel.
8482910015,Balls. Of copper or copper alloys as described in statistical note 6 to this chapter.
8482910030,Balls. Other.
8482910040,Needles.
8482910050,Tapered rollers.
8482910070,Spherical rollers.
8482910080,Other cylindrical rollers.
8482910090,Other.
8482991550,Cups. Having an outside diameter not exceeding 203 mm.
8482991570,Cups. Other.
8482991580,Other.
8482992520,For spherical roller bearings.
8482992540,For needle bearings.
8482992560,For other cylindrical roller bearings.
8482992580,Other.
8482996510,For spherical roller bearings.
8482996530,For needle bearings.
8482996560,For other cylindrical roller bearings.
8482996595,Other.
8483101010,For vehicles of chapter 87. For motorcycles.
8483101030,For vehicles of chapter 87. Other.
8483101050,Other.
8483103010,For vehicles of chapter 87.
8483103050,Other.
8483204040,Incorporating ball bearings.
8483204080,Incorporating roller bearings.
8483208040,Incorporating ball bearings.
8483208080,Incorporating roller bearings.
8483304040,Ball or roller bearing type.
8483304080,Other.
8483308020,Bearing housings. Ball or roller bearing type.
8483308040,Bearing housings. Other.
8483308055,Plain shaft bearings. With housing. Rod end bearings.
8483308065,Plain shaft bearings. With housing. Other.
8483308070,Plain shaft bearings. Without housing. Spherical.
8483308090,Plain shaft bearings. Without housing. Other.
8483403040,Fixed ratio speed changers.
8483403080,Other.
8483405010,Fixed ratio speed changers.
8483405020,"Gear boxes and speed changers for wind turbines, as described in statistical note 6 to this chapter."
8483405080,Other.
8483509040,Grooved pulleys.
8483509080,Other.
8483604040,Clutches.
8483604080,Universal joints.
8483901010,Forged.
8483901050,Other.
8483905010,Forged gear blanks.
8483905020,Parts of gear boxes and speed changers for wind turbines.
8483905080,Other.
8483908010,Parts of articles of subheading 8483.60.80.
8483908040,Parts of universal joints.
8483908080,Other.
8486400010,For the manufacture or repair of masks and reticles.
8486400020,For assembling semiconductor devices or electronic integrated circuits.
8486400030,"For lifting, handling, loading or unloading of boules, wafers, semiconductor devices, electronic integrated circuits and flat panel displays."
8487100040,Of copper.
8487100080,Other.
8487900040,"Oil seals, other than those of chapter 40."
8487900080,Other.
8501104020,AC.
8501104040,DC. Brushless.
8501104060,DC. Other.
8501104080,Other.
8501106020,AC.
8501106040,DC. Brushless.
8501106060,DC. Other.
8501106080,Other.
8501325520,For use in civil aircraft.
8501325540,Other.
8501332040,For use in civil aircraft.
8501332080,Other.
8501334040,Not exceeding 373 kW.
8501334060,Other.
8501402020,Gear motors.
8501402040,Other.
8501404020,Gear motors.
8501404040,Other.
8501405020,Gear motors.
8501405040,Other.
8501406020,Gear motors.
8501406040,Other.
8501512020,Gear motors.
8501512040,Other.
8501514020,Gear motors.
8501514040,Other.
8501515020,Gear motors.
8501515040,Other.
8501516020,Gear motors.
8501516040,Other.
8501528020,For use in civil aircraft.
8501528040,Other.
8501534040,For use in civil aircraft.
8501534080,Other.
8501538040,Not exceeding 373 kW.
8501538060,Other.
8501640110,For wind-powered generating sets classified within 8502.31.00.
8501640125,"Other. Exceeding 750 kVA but not exceeding 10,000 kVA."
8501640135,"Other. Exceeding 10,000 kVA but not exceeding 40,000 kVA."
8501640155,Other. Other.
8502130020,"Exceeding 375 kVA but not exceeding 1,000 kVA."
8502130040,"Exceeding 1,000 kVA."
8502200030,Of an output not exceeding 1.875 kVA.
8502200060,Of an output exceeding 1.875 kVA but not exceeding 6.25 kVA.
8502200070,Of an output exceeding 6.25 kVA but not exceeding 75 kVA.
8502200085,Of an output exceeding 75 kVA.
8502390040,Powered by steam turbine.
8502390080,Other.
8503009520,Parts of motors.
8503009546,Parts of generators. For AC generators (alternators) classified in statistical reporting number 8501.64.0110.
8503009550,Parts of generators. Other.
8503009570,Other. Parts of wind-powered generating sets classified in subheading 8502.31.00.
8503009580,Other. Other.
8504210020,Having a power handling capacity not exceeding 50 kVA.
8504210040,Having a power handling capacity exceeding 50 kVA but not exceeding 100 kVA.
8504210060,Having a power handling capacity exceeding 100 kVA but not exceeding 500 kVA.
8504210080,Having a power handling capacity exceeding 500 kVA but not exceeding 650 kVA.
8504220040,"Having a power handling capacity exceeding 650 kVA but not exceeding 2,500 kVA."
8504220080,"Having a power handling capacity exceeding 2,500 kVA but not exceeding 10,000 kVA."
8504230041,"Having a power handling capacity exceeding 10,000 kVA but not exceeding 59,999 kVA."
8504230045,"Having a power handling capacity exceeding 59,999 kVA but not exceeding 100,000 kVA."
8504230080,"Having a power handling capacity exceeding 100,000 kVA."
8504314035,Having a power handling capacity less than 40 VA.
8504314065,Having a power handling capacity 40 VA or greater.
8504330020,Having a power handling capacity exceeding 16 kVA but not exceeding 50 kVA.
8504330040,Having a power handling capacity exceeding 50 kVA but not exceeding 500 kVA.
8504406001,With a power output not exceeding 50 W.
8504406007,With a power output exceeding 50 W but not exceeding 150 W.
8504406012,With a power output exceeding 150 W but not exceeding 500 W.
8504406018,Other.
8504407001,With a power output not exceeding 50 W.
8504407007,With a power output exceeding 50 W but not exceeding 150 W.
8504407012,With a power output exceeding 150 W but not exceeding 500 W.
8504407018,Other.
8504409510,Rectifiers and rectifying apparatus. Power supplies. With a power output not exceeding 50 W.
8504409520,Rectifiers and rectifying apparatus. Power supplies. With a power output exceeding 50 W but not exceeding 150 W.
8504409530,Rectifiers and rectifying apparatus. Power supplies. With a power output exceeding 150 W but not exceeding 500 W.
8504409540,Rectifiers and rectifying apparatus. Power supplies. Other.
8504409550,Rectifiers and rectifying apparatus. Other.
8504409570,Inverters.
8504409580,Other.
8504909610,Ferrites. For transformers.
8504909630,Ferrites. Other.
8504909634,Other parts. Of transformers. Laminations for incorporation into stacked cores.
8504909638,Other parts. Of transformers. Stacked cores for incorporation into transformers.
8504909642,Other parts. Of transformers. Wound cores for incorporation into transformers.
8504909646,Other parts. Of transformers. Other.
8504909650,Other parts. Of static converters.
8504909690,Other parts. Other.
8505110010,Alnico.
8505110030,Ceramic.
8505110050,Sintered samarium-cobalt.
8505110070,Sintered neodymium-iron-boron.
8505110090,Other.
8506100010,Button and coin cell batteries.
8506100090,Other.
8506401010,Button and coin cell batteries.
8506401090,Other.
8506500010,Button and coin cell batteries.
8506500090,Other.
8506600010,Button and coin cell batteries.
8506600090,Other.
8506800010,Button and coin cell batteries.
8506800090,Other.
8507100030,12 V batteries. Not exceeding 6 kg in weight.
8507100060,12 V batteries. Exceeding 6 kg in weight.
8507100090,Other.
8507208010,Of a kind described in subheading 9903.45.25.
8507208031,Other. 6 V batteries.
8507208041,Other. 12 V batteries.
8507208061,Other. 36 V batteries.
8507208091,Other. Other.
8507308010,Sealed.
8507308090,Other.
8507600010,"Of a kind used as the primary source of electrical power for electrically powered vehicles of subheadings 8703.40, 8703.50, 8703.60, 8703.70 or 8703.80."
8507600030,"Other. Battery energy storage systems fully encased within a housing, as described in statistical note 2 to this chapter."
8507600090,Other. Other.
8509400015,Blenders.
8509400025,Other food mixers.
8509400030,Juice extractors.
8509400040,Food grinders and processors.
8509805040,Can openers (including combination units).
8509805045,Electric toothbrushes.
8509805050,Humidifiers. Evaporative.
8509805070,Humidifiers. Other. Ultrasonic.
8509805080,Humidifiers. Other. Other.
8509805095,Other.
8511300040,Distributors.
8511300080,Ignition coils.
8511906020,Distributor contact (breaker point) sets.
8511906040,Other.
8512202040,"For vehicles of subheading 8701.21, 8701.22, 8701.23, 8701.24 or 8701.29 or heading 8702, 8703, 8704, 8705 or 8711."
8512202080,Other.
8512204040,"For vehicles of subheading 8701.21, 8701.22, 8701.23, 8701.24 or 8701.29 or heading 8702, 8703, 8704, 8705 or 8711."
8512204080,Other.
8512300020,Horns.
8512300030,Radar detectors of a kind used in motor vehicles.
8512300040,Other.
8515390020,Non-rotating type. AC transformer type.
8515390040,Non-rotating type. Other.
8515390060,Rotating type.
8515800040,Ultrasonic welding machines.
8515800080,Other.
8516100040,Storage water heaters.
8516100080,Other water heaters and immersion heaters.
8516290030,Portable space heaters. Fan-forced.
8516290060,Portable space heaters. Other.
8516290090,Other.
8516320020,Curlers.
8516320040,Other.
8516500030,Having a capacity not exceeding 22.5 liters.
8516500060,Having a capacity exceeding 22.5 liters but not exceeding 31.0 liters.
8516500090,Having a capacity exceeding 31.0 liters.
8516604060,Microwave oven combinations.
8516604070,Other. Portable.
8516604074,Other. Other. Of a maximum width not exceeding 70 centimeters.
8516604078,Other. Other. Of a maximum width exceeding 70 centimeters. Containing a gas fueled cooktop.
8516604082,Other. Other. Of a maximum width exceeding 70 centimeters. Containing a radiant heated cooktop.
8516604086,Other. Other. Of a maximum width exceeding 70 centimeters. Other.
8516710020,Coffee makers. Automatic drip and pump type.
8516710040,Coffee makers. Percolator.
8516710060,Coffee makers. Other.
8516710080,Other.
8516908010,Shelving and racks for cooking stoves and ranges.
8516908050,Other.
8517140020,Radio telephones designed for installation in motor vehicles for the Public Cellular Radiotelecommunication Service.
8517140050,Other radio telephones designed for the Public Cellular Radiotelecommunication Service.
8517140080,Other.
8517180010,Videophones.
8517180020,"Multiline telephones (including key, call director and consoles)."
8517180050,Other.
8517620010,"Modems, of a kind used with data processing machines of heading 8471."
8517620020,Switching and routing apparatus.
8517620090,Other.
8518108030,Microphones.
8518108040,Other.
8519813010,Optical disc (including compact disc) players.
8519813020,Other.
8519814105,Telephone answering machines.
8519814110,Magnetic tape recorders incorporating sound reproducing apparatus.
8519814120,Optical disc recorders.
8519814150,Other.
8522905840,Magnetic recording and reproducing heads.
8522905880,Other.
8522908040,Magnetic recording and reproducing heads.
8522908081,Other.
8523294010,Sound recordings on cassette tapes.
8523294020,Other.
8523295010,In cassettes.
8523295020,Other.
8523297010,"Of a width not exceeding 16 mm, in cassettes."
8523297020,Other.
8523492010,"Prepackaged software for automatic data processing machines, of a kind sold at retail."
8523492020,Other.
8523520010,Unrecorded.
8523520090,Other.
8525503015,Apparatus for the reception of television signals relayed by television satellite.
8525503035,"Other. Converters, decoders, preamplifiers, line amplifiers, distribution amplifiers and other amplifiers; directional couplers and other couplers; all the foregoing designed for cable or closed-circuit television applications."
8525503040,Other. Other.
8525507010,Transmitters.
8525507050,Other.
8525601010,Citizens Band (CB).
8525601020,Low-power radiotelephonic transceivers operating on frequencies from 49.82 to 49.90 MHz.
8525601030,Other. Hand-held.
8525601040,Other. Other. Marine VHF-FM.
8525601050,Other. Other. Other.
8525895030,Camcorders.
8525895050,Other.
8526100020,Designed for boat or ship installation.
8526100040,Other.
8526910020,Reception only apparatus.
8526910040,Other.
8527132015,Cassette type.
8527132025,Other.
8527136040,Incorporating optical disc (including compact disc) players or recorders.
8527136080,Other.
8527195010,FM only or AM/FM only.
8527195025,Other.
8527212510,Incorporating optical disc (including compact disc) players or recorders.
8527212525,Other.
8527214040,Incorporating optical disc (including compact disc) players or recorders.
8527214080,Other.
8527916040,Incorporating optical disc (including compact disc) players or recorders.
8527916080,Other.
8528593310,Plasma-type.
8528593350,LCD-type (direct view).
8528593370,Other.
8528726420,With a video display diagonal. Not exceeding 75 cm.
8528726430,With a video display diagonal. Exceeding 75 cm but not exceeding 88 cm.
8528726440,With a video display diagonal. Exceeding 88 cm but not exceeding 113 cm.
8528726460,With a video display diagonal. Exceeding 113 cm.
8528727220,"LCD-type (direct-view), with a video display diagonal. Not exceeding 75 cm."
8528727230,"LCD-type (direct-view), with a video display diagonal. Exceeding 75 cm but not exceeding 88 cm."
8528727240,"LCD-type (direct-view), with a video display diagonal. Exceeding 88 cm but not exceeding 113 cm."
8528727260,"LCD-type (direct-view), with a video display diagonal. Exceeding 113 cm."
8528727290,"Other, including plasma-type."
8529102120,Antennas. Receiving only.
8529102150,Antennas. Other.
8529102190,Other.
8529104040,Antennas.
8529104080,Other.
8529901620,Of radar apparatus.
8529901640,Of radio navigational aid apparatus (except radar).
8529901660,Other.
8529901920,Of radar apparatus.
8529901940,Of radio navigational aid apparatus (except radar).
8529901960,Other.
8529909345,"Convergence assemblies, focus coils and degaussing coils."
8529909380,Other.
8529909520,Of radar apparatus.
8529909540,Of radio navigational aid apparatus (except radar).
8529909560,Other.
8529909720,Of radar apparatus.
8529909740,Of radio navigational aid apparatus (except radar).
8529909760,Other.
8531100015,Smoke detectors. Battery powered.
8531100025,Smoke detectors. Other.
8531100035,Other. Burglar alarms.
8531100045,Other. Other.
8531200020,Incorporating LCD's.
8531200040,Other.
8531809005,Indicator panels. Incorporating electric discharge (fluorescent) devices.
8531809026,Indicator panels. Other.
8531809031,Horns.
8531809041,Other sound signaling apparatus.
8531809051,Other.
8532210020,Metal case.
8532210040,Other. Dipped.
8532210050,Other. Designed for surface mounting (SMD) by contact.
8532210080,Other. Other.
8532220020,Not exceeding 18 mm in diameter.
8532220040,Exceeding 18 mm but not exceeding 35 mm in diameter.
8532220055,Exceeding 35 mm but not exceeding 51 mm in diameter.
8532220085,Exceeding 51 mm in diameter.
8532230020,Chips.
8532230040,Other. Axial leads.
8532230060,Other. Radial leads.
8532240020,Chips.
8532240040,Other. Axial leads.
8532240060,Other. Radial leads.
8532250010,Alternating current (AC) service. Less than 300 V.
8532250020,"Alternating current (AC) service. 300 V or greater, but less than 600 V."
8532250030,"Alternating current (AC) service. 600 V or greater, but less than 1,000 V."
8532250040,"Alternating current (AC) service. 1,000 V or greater."
8532250045,Other. Leadless. Designed for surface mounting (SMD) by contact.
8532250055,Other. Leadless. Other.
8532250060,Other. Axial leads.
8532250070,Other. Radial leads.
8532250080,Other. Other.
8532290020,Mica dielectric.
8532290040,Other.
8532300010,"Mica, ceramic or glass dielectric."
8532300090,Other.
8533100020,Designed for surface mounting (SMD) by contact. Having more than two terminals (resistor networks).
8533100042,Designed for surface mounting (SMD) by contact. Having two terminals.
8533100057,Having more than two leads (resistor networks).
8533100060,Other. Carbon composition.
8533100065,Other. Carbon film.
8533210010,Designed for surface mounting (SMD) by contact. Having more than two terminals (resistor networks). Dual-in-line package.
8533210020,Designed for surface mounting (SMD) by contact. Having more than two terminals (resistor networks). Other (including flat packs).
8533210030,Designed for surface mounting (SMD) by contact. Having two terminals. Flat resistor chips.
8533210040,"Designed for surface mounting (SMD) by contact. Having two terminals. Cylindrical leadless resistors (including metal film, metal oxide and thick cement film)."
8533210050,Having more than two leads (resistor networks). Single-in-line.
8533210060,Having more than two leads (resistor networks). Dual-in-line.
8533210070,Having more than two leads (resistor networks). Other.
8533210080,Other. Wirewound.
8533210090,"Other. Other (including metal film, metal oxide and thick cement film)."
8533390040,Dimmers.
8533390080,Other.
8533408040,Rheostat and resistor type motor starters and controllers.
8533408050,Other. Cermet.
8533408060,Other. Metal glaze.
8533408070,Other. Other.
8534000020,"Plastics impregnated, not flexible type. Having a base wholly of impregnated glass. With 3 or more layers of conducting materials."
8534000040,"Plastics impregnated, not flexible type. Having a base wholly of impregnated glass. Other."
8534000050,"Plastics impregnated, not flexible type. Having a base wholly of impregnated paper."
8534000070,"Plastics impregnated, not flexible type. Other."
8534000080,Other. Flexible type.
8534000085,"Other. Other, having a ceramic base."
8534000095,Other. Other.
8535100020,"In circuits of 2,300 V or more."
8535100040,Other.
8535290020,In circuits of 345 kV or more.
8535290040,Other.
8535300040,Knife.
8535300080,Other.
8535908020,"Terminals, electrical splices and electrical couplings."
8535908040,Other connectors.
8535908060,Other.
8536100020,Glass cartridge.
8536100040,Other.
8536200020,Molded case.
8536200040,Other.
8536410005,Automotive signaling flashers.
8536410020,Other. With contacts rated at less than 10 A. Electromechanical.
8536410030,Other. With contacts rated at less than 10 A. Other.
8536410045,Other. Other. Contactors.
8536410050,Other. Other. Other. Electromechanical.
8536410060,Other. Other. Other. Other.
8536490050,With contacts rated at less than 10 A. Electromechanical.
8536490055,With contacts rated at less than 10 A. Other.
8536490065,Other. Contactors.
8536490075,Other. Other. Electromechanical.
8536490080,Other. Other. Other.
8536509020,Rotary. Rated at not over 5 A.
8536509025,Rotary. Rated at over 5 A.
8536509031,Push-button. Rated at not over 5 A. Momentary contact.
8536509032,"Push-button. Rated at not over 5 A. Other, gang switches."
8536509033,Push-button. Rated at not over 5 A. Other.
8536509035,Push-button. Rated at over 5 A.
8536509040,"Snap-action, other than limit."
8536509045,Knife.
8536509050,Slide.
8536509055,Limit.
8536509065,Other.
8536694010,Coaxial connectors.
8536694020,Cylindrical multicontact connectors.
8536694030,Rack and panel connectors.
8536694040,Printed circuit connectors.
8536694051,Ribbon or flat cable connectors.
8536908510,Electrical distribution ducts.
8536908530,Junction boxes.
8536908585,Other.
8537109120,Switchgear assemblies and switchboards.
8537109130,Numerical controls for controlling machine tools.
8537109150,Other. Panel boards and distribution boards.
8537109160,Other. Programmable controllers.
8537109170,Other. Other.
8537200020,Switchgear assemblies and switchboards.
8537200040,Other.
8538908120,Of automatic circuit breakers.
8538908140,Other. Metal contacts.
8538908160,"Other. Other parts of switchgear, switchboards, panel boards and distribution boards."
8538908180,Other. Other.
8539100010,"Under 15.24 cm. For vehicles of subheading 8701.21, 8701.22, 8701.23, 8701.24 or 8701.29 or heading 8702, 8703, 8704, 8705 or 8711."
8539100030,Under 15.24 cm. Other.
8539100050,"15.24 cm or over. For vehicles of subheading 8701.21, 8701.22, 8701.23, 8701.24 or 8701.29 or heading 8702, 8703, 8704, 8705 or 8711."
8539100060,15.24 cm or over. Other.
8539212040,"For vehicles of subheading 8701.21, 8701.22, 8701.23, 8701.24 or 8701.29 or heading 8702, 8703, 8704, 8705 or 8711."
8539212080,Other.
8539214040,Of a power less than 500 W.
8539214080,Of a power 500 W or more.
8539228010,Of a power not exceeding 150 W. 3-way.
8539228030,Of a power not exceeding 150 W. Decorative.
8539228040,"Of a power not exceeding 150 W. Other, including standard household. Of a power 15 W or more but not exceeding 150 W."
8539228060,"Of a power not exceeding 150 W. Other, including standard household. Other."
8539228070,Of a power exceeding 150 W.
8539293020,Flashlight lamps.
8539293050,Other. Designed for a voltage of 12 V or more but not exceeding 14 V.
8539293060,Other. Other.
8539310040,"1.2 m, straight tube, of a power 30 W or more but not exceeding 40 W."
8539310050,Other. With a single plug-in base.
8539310060,Other. With a single screw-in base.
8539310070,Other. Other.
8539320020,Sodium vapor.
8539320040,Mercury vapor.
8539320090,Other.
8539490040,Ultraviolet lamps.
8539490080,Other.
8539520010,Of a type specified in statistical note 8(a) to this chapter.
8539520020,Of a type specified in statistical note 8(b) to this chapter.
8539520030,Of a type specified in statistical note 8(c) to this chapter.
8539520040,Of a type specified in statistical note 8(d) to this chapter.
8539520051,Straight linear tubes or U-shaped tubes.
8539520091,Other.
8540111030,Having a video display diagonal. Not exceeding 39 cm.
8540111040,Having a video display diagonal. Exceeding 39 cm but not exceeding 45 cm.
8540111050,Having a video display diagonal. Exceeding 45 cm but not exceeding 50 cm.
8540111055,Having a video display diagonal. Exceeding 50 cm but not exceeding 63 cm.
8540111085,Having a video display diagonal. Exceeding 63 cm.
8540125040,Projection.
8540125080,Other.
8540202040,Color.
8540202080,Other.
8540401010,Color.
8540401050,Other.
8540600020,Having a video display diagonal. Not exceeding 30 cm.
8540600065,Having a video display diagonal. Exceeding 30 cm but not exceeding 36 cm.
8540600080,Having a video display diagonal. Exceeding 36 cm.
8540890020,Gas and vapor electron tubes.
8540890040,"Diodes, triodes and tetrodes."
8540890060,Light-sensing tubes.
8540890080,Other.
8541100040,"Unmounted chips, dice and wafers."
8541100050,Other. Zener.
8541100060,Other. Microwave.
8541100070,Other. Other. With a maximum current of 0.5 A or less.
8541100080,Other. Other. Other.
8541210040,"Unmounted chips, dice and wafers."
8541210075,Other. With an operating frequency not less than 100 MHz.
8541210095,Other. Other.
8541290040,"Unmounted chips, dice and wafers."
8541290055,Other. With an operating frequency less than 30 MHz.
8541290065,"Other. With an operating frequency 30 MHz or greater but less than 30,000 MHz."
8541290085,"Other. With an operating frequency 30,000 MHz or greater."
8541300040,"Unmounted chips, dice and wafers."
8541300080,Other.
8541420010,Crystalline silicon photovoltaic cells of a kind described in statistical note 12 to this chapter.
8541420080,Other.
8541430010,Crystalline silicon photovoltaic cells of a kind described in statistical note 12 to this chapter.
8541430080,Other.
8541491010,"Unmounted chips, dice and wafers."
8541491050,Other.
8541497040,"Unmounted chips, dice and wafers."
8541497080,Other.
8541590040,"Unmounted chips, dice and wafers."
8541590080,Other.
8541600010,Quartz designed for operating frequencies of. 32.768 kHz.
8541600020,"Quartz designed for operating frequencies of. Not exceeding 1 MHz, except 32.768 kHz."
8541600030,"Quartz designed for operating frequencies of. Exceeding 1 MHz, but not exceeding 5 MHZ."
8541600050,"Quartz designed for operating frequencies of. Exceeding 5 MHZ, but not exceeding 20 MHz."
8541600060,Quartz designed for operating frequencies of. Exceeding 20 MHZ.
8541600080,Other.
8541900010,Frames for photovoltaic cells assembled in modules or made up into panels (as covered by subheading 8541.43.00).
8541900080,Other.
8542310015,Controllers (including microcontrollers). 8-bit.
8542310020,Controllers (including microcontrollers). 16-bit.
8542310025,Controllers (including microcontrollers). 32-bit.
8542310030,Controllers (including microcontrollers). Other.
8542310035,Processors (including microprocessors). Digital signal processors (DSPs).
8542310040,Processors (including microprocessors). Graphics processing units (GPUs).
8542310045,Processors (including microprocessors). Central processing units (CPUs).
8542310050,Processors (including microprocessors). Other.
8542310055,Programmable logic devices (PLDs). Complex programmable logic devices (CPLDs).
8542310060,Programmable logic devices (PLDs). Field programmable gate arrays (FPGAs).
8542310065,Programmable logic devices (PLDs). Other.
8542310070,System on chip (SoCs).
8542310075,Other.
8542320002,Dynamic read-write random access (DRAM). Not over 128 megabits.
8542320024,Dynamic read-write random access (DRAM). Over 128 megabits but not over 256 megabits.
8542320028,Dynamic read-write random access (DRAM). Over 256 megabits but not over 512 megabits.
8542320032,Dynamic read-write random access (DRAM). Over 512 megabits but not over 1 gigabit.
8542320036,Dynamic read-write random access (DRAM). Over 1 gigabit.
8542320041,Static read-write random access (SRAM).
8542320051,Electrically erasable programmable read-only memory (EEPROM).
8542320061,Erasable (except electrically) programmable read-only memory (EPROM).
8542320071,Other.
8542390010,RF transceivers.
8542390020,Active filters.
8542390030,Data converters. Analog to digital converters (ADCs).
8542390040,Data converters. Digital to analog converters (DACs).
8542390050,Data converters. Other.
8542390070,"With adjustable performance characteristics, not elsewhere specified or included."
8542390090,Other.
8543309040,Magnesium anodes.
8543309080,Other.
8543400030,With substances containing nicotine.
8543400040,Other.
8543709810,Amplifiers.
8543709820,Special effects pedals for use with musical instruments.
8543709860,Other.
8543908845,Of particle accelerators.
8543908865,Of electronic cigarettes and similar personal electric vaporizing devices.
8543908885,Other.
8544110020,33 AWG (0.18 mm in diameter) and finer.
8544110030,22 AWG (0.643 mm in diameter) and finer but larger than 33 AWG (0.18 mm in diameter).
8544110050,Other.
8544429010,Extension cords as defined in statistical note 7 to this chapter.
8544429090,Other.
8544493040,For a voltage exceeding 600 V.
8544493080,Other.
8545110010,Graphite. Not exceeding 425 mm in diameter.
8545110020,Graphite. Exceeding 425 mm in diameter.
8545110050,Other.
8546200030,"Used in high-voltage, low-frequency electrical systems. Commonly known as suspension, pin-type or line post insulators."
8546200060,"Used in high-voltage, low-frequency electrical systems. Other."
8546200090,Other.
8547900010,Other insulating fittings.
8547900020,"Electrical conduit tubing and joints therefor, of base metal lined with insulating material. Conduit tubing."
8547900030,"Electrical conduit tubing and joints therefor, of base metal lined with insulating material. Joints. Threaded."
8547900040,"Electrical conduit tubing and joints therefor, of base metal lined with insulating material. Joints. Other."
8549111040,"Lead-acid storage batteries, of a kind used for starting engines."
8549111080,Other.
8606990130,"Flatcars having a flat floor or deck laid on the underframe, with no roof and with no raised sides or ends."
8606990160,Other.
8607193010,Bolsters.
8607193020,Side frames.
8607193090,Other.
8607301010,Assembled freight rail couplers.
8607301050,Freight rail coupler parts.
8607301090,Other.
8701210015,"New. G.V.W. not exceeding 36,287 kg."
8701210045,"New. G.V.W. exceeding 36,287 kg."
8701210080,Used.
8701220015,"New. G.V.W. not exceeding 36,287 kg."
8701220045,"New. G.V.W. exceeding 36,287 kg."
8701220080,Used.
8701230015,"New. G.V.W. not exceeding 36,287 kg."
8701230045,"New. G.V.W. exceeding 36,287 kg."
8701230080,Used.
8701240015,"New. G.V.W. not exceeding 36,287 kg."
8701240045,"New. G.V.W. exceeding 36,287 kg."
8701240080,Used.
8701290015,"New. G.V.W. not exceeding 36,287 kg."
8701290045,"New. G.V.W. exceeding 36,287 kg."
8701290080,Used.
8701301015,New. With a net engine power of less than 93.3 kW.
8701301030,New. With a net engine power of 93.3 kW or more but less than 119.4 kW.
8701301045,New. With a net engine power of 119.4 kW or more but less than 194 kW.
8701301060,New. With a net engine power of 194 kW or more but less than 257.4 kW.
8701301075,New. With a net engine power of 257.4 kW or more.
8701301090,Used.
8701305015,New. With a net engine power of less than 93.3 kW.
8701305030,New. With a net engine power of 93.3 kW or more but less than 119.4 kW.
8701305045,New. With a net engine power of 119.4 kW or more but less than 194 kW.
8701305060,New. With a net engine power of 194 kW or more but less than 257.4 kW.
8701305075,New. With a net engine power of 257.4 kW or more.
8701305090,Used.
8703105030,Golf carts.
8703105060,Other.
8703210110,Three or four wheel off-road vehicles with straddle seat and handlebar control. With label indicating that vehicle is for operation only by persons at least 16 years of age.
8703210130,Three or four wheel off-road vehicles with straddle seat and handlebar control. Other.
8703210150,Other.
8703220110,New.
8703220190,Used.
8703230110,Motor homes.
8703230120,Other. New. Having engines with not more than 4 cylinders. Station wagons and passenger vans. Station wagons under 160 cm in height.
8703230130,Other. New. Having engines with not more than 4 cylinders. Station wagons and passenger vans. Other.
8703230140,Other. New. Having engines with not more than 4 cylinders. Other.
8703230160,Other. New. Having engines with more than 4 cylinders but not more than 6 cylinders.
8703230170,Other. New. Having engines with more than 6 cylinders.
8703230190,Other. Used.
8703240110,"Ambulances, hearses and prison vans."
8703240130,Motor homes.
8703240140,Other. New. Having engines with not more than 4 cylinders.
8703240150,Other. New. Having engines with more than 4 cylinders but not more than 6 cylinders.
8703240160,Other. New. Having engines with more than 6 cylinders.
8703240190,Other. Used.
8703320110,New.
8703320150,Used.
8703330110,"Ambulances, hearses, and prison vans."
8703330130,Motor homes.
8703330145,Other. New.
8703330185,Other. Used.
8703400005,"Of a cylinder capacity not exceeding 1,000 cc."
8703400010,"Of a cylinder capacity exceeding 1,000 cc but not exceeding 1.500 cc."
8703400015,"Of a cylinder capacity exceeding 1,500 cc but not exceeding 3,000 cc. Motor homes."
8703400020,"Of a cylinder capacity exceeding 1,500 cc but not exceeding 3,000 cc. Other. New. Having engines with not more than 4 cylinders."
8703400030,"Of a cylinder capacity exceeding 1,500 cc but not exceeding 3,000 cc. Other. New. Having engines with more than 4 cylinders but not more than 6 cylinders."
8703400040,"Of a cylinder capacity exceeding 1,500 cc but not exceeding 3,000 cc. Other. New. Having engines with more than 6 cylinders."
8703400045,"Of a cylinder capacity exceeding 1,500 cc but not exceeding 3,000 cc. Other. Used."
8703400050,"Of a cylinder capacity exceeding 3,000 cc. Ambulances, hearses and prison vans."
8703400055,"Of a cylinder capacity exceeding 3,000 cc. Motor homes."
8703400060,"Of a cylinder capacity exceeding 3,000 cc. Other. New. Having engines with not more than 4 cylinders."
8703400070,"Of a cylinder capacity exceeding 3,000 cc. Other. New. Having engines with more than 4 cylinders but not more than 6 cylinders."
8703400080,"Of a cylinder capacity exceeding 3,000 cc. Other. New. Having engines with more than 6 cylinders."
8703400090,"Of a cylinder capacity exceeding 3,000 cc. Other. Used."
8703500010,"Of a cylinder capacity not exceeding 1,500 cc."
8703500030,"Of a cylinder capacity exceeding 1,500 cc but not exceeding 2,500 cc. New."
8703500050,"Of a cylinder capacity exceeding 1,500 cc but not exceeding 2,500 cc. Used."
8703500060,"Of a cylinder capacity exceeding 2,500 cc. Ambulances, hearses and prison vans."
8703500065,"Of a cylinder capacity exceeding 2,500 cc. Motor homes."
8703500070,"Of a cylinder capacity exceeding 2,500 cc. Other. New."
8703500090,"Of a cylinder capacity exceeding 2,500 cc. Other. Used."
8703600005,"Of a cylinder capacity not exceeding 1,000 cc."
8703600010,"Of a cylinder capacity exceeding 1,000 cc but not exceeding 1,500 cc."
8703600015,"Of a cylinder capacity exceeding 1,500 cc but not exceeding 3,000 cc. Motor homes."
8703600020,"Of a cylinder capacity exceeding 1,500 cc but not exceeding 3,000 cc. Other. New. Having engines with not more than 4 cylinders."
8703600030,"Of a cylinder capacity exceeding 1,500 cc but not exceeding 3,000 cc. Other. New. Having engines with more than 4 cylinders but not more than 6 cylinders."
8703600040,"Of a cylinder capacity exceeding 1,500 cc but not exceeding 3,000 cc. Other. New. Having engines with more than 6 cylinders."
8703600045,"Of a cylinder capacity exceeding 1,500 cc but not exceeding 3,000 cc. Other. Used."
8703600050,"Of a cylinder capacity exceeding 3,000 cc. Ambulances, hearses and prison vans."
8703600055,"Of a cylinder capacity exceeding 3,000 cc. Motor homes."
8703600060,"Of a cylinder capacity exceeding 3,000 cc. Other. New. Having engines with not more than 4 cylinders."
8703600070,"Of a cylinder capacity exceeding 3,000 cc. Other. New. Having engines with more than 4 cylinders but not more than 6 cylinders."
8703600080,"Of a cylinder capacity exceeding 3,000 cc. Other. New. Having engines with more than 6 cylinders."
8703600090,"Of a cylinder capacity exceeding 3,000 cc. Other. Used."
8703700010,"Of a cylinder capacity not exceeding 1,500 cc."
8703700030,"Of a cylinder capacity exceeding 1,500 cc but not exceeding 2,500 cc. New."
8703700050,"Of a cylinder capacity exceeding 1,500 cc but not exceeding 2,500 cc. Used."
8703700060,"Of a cylinder capacity exceeding 2,500 cc. Ambulances, hearses and prison vans."
8703700065,"Of a cylinder capacity exceeding 2,500 cc. Motor homes."
8703700070,"Of a cylinder capacity exceeding 2,500 cc. Other. New."
8703700090,"Of a cylinder capacity exceeding 2,500 cc. Other. Used."
8703800020,With an EPA-rated range not exceeding 250 miles. New.
8703800045,With an EPA-rated range not exceeding 250 miles. Used.
8703800060,With an EPA-rated range exceeding 250 miles. New.
8703800080,With an EPA-rated range exceeding 250 miles. Used.
8704105020,Rear dump. With a capacity of 40.8 metric tons or less.
8704105030,Rear dump. With a capacity exceeding 40.8 metric tons but not exceeding 63.5 metric tons.
8704105040,Rear dump. With a capacity exceeding 63.5 metric tons but not exceeding 90.7 metric tons.
8704105050,Rear dump. With a capacity exceeding 90.7 metric tons.
8704105060,Other.
8704221120,G.V.W. exceeding 5 metric tons but not exceeding 9 metric tons.
8704221140,G.V.W. exceeding 9 metric tons but not exceeding 12 metric tons.
8704221160,G.V.W. exceeding 12 metric tons but not exceeding 15 metric tons.
8704221180,G.V.W. exceeding 15 metric tons but not exceeding 20 metric tons.
8704225120,G.V.W. exceeding 5 metric tons but not exceeding 9 metric tons.
8704225140,G.V.W. exceeding 9 metric tons but not exceeding 12 metric tons.
8704225160,G.V.W. exceeding 12 metric tons but not exceeding 15 metric tons.
8704225180,G.V.W. exceeding 15 metric tons but not exceeding 20 metric tons.
8704310120,G.V.W. not exceeding 2.5 metric tons.
8704310140,G.V.W. exceeding 2.5 metric tons but not exceeding 5 metric tons.
8704320110,G.V.W. exceeding 5 metric tons but not exceeding 9 metric tons.
8704320120,G.V.W. exceeding 9 metric tons but not exceeding 12 metric tons.
8704320130,G.V.W. exceeding 12 metric tons but not exceeding 15 metric tons.
8704320140,G.V.W. exceeding 15 metric tons but not exceeding 20 metric tons.
8704320150,G.V.W. exceeding 20 metric tons.
8704420020,G.V.W. exceeding 5 metric tons but not exceeding 9 metric tons.
8704420040,G.V.W. exceeding 9 metric tons but not exceeding 12 metric tons.
8704420060,G.V.W. exceeding 12 metric tons but not exceeding 15 metric tons.
8704420080,G.V.W. exceeding 15 metric tons but not exceeding 20 metric tons.
8704510020,G.V.W. not exceeding 2.5 metric tons.
8704510040,G.V.W. exceeding 2.5 metric tons but not exceeding 5 metric tons.
8704520010,G.V.W. exceeding 5 metric tons but not exceeding 9 metric tons.
8704520020,G.V.W. exceeding 9 metric tons but not exceeding 12 metric tons.
8704520030,G.V.W. exceeding 12 metric tons but not exceeding 15 metric tons.
8704520040,G.V.W. exceeding 15 metric tons but not exceeding 20 metric tons.
8704520050,G.V.W. exceeding 20 metric tons.
8705100010,Cable operated.
8705100050,Other.
8705900010,Mobile radiological units.
8705900020,Mobile medical clinics.
8705900080,Other.
8706000520,"For vehicles of subheading 8701.21, 8701.22, 8701.23, 8701.24 or 8701.29."
8706000540,For vehicles of heading 8702.
8706000575,For vehicles of heading 8704.
8706001520,For passenger automobiles.
8706001540,For other vehicles of heading 8703.
8707100020,For passenger automobiles.
8707100040,For other vehicles.
8707905020,"For vehicles of subheading 8701.21, 8701.22, 8701.23, 8701.24 or 8701.29."
8707905040,For vehicles of heading 8702.
8707905060,For vehicles of heading 8704.
8707905080,For vehicles of heading 8705.
8707905090,For other vehicles.
8708103020,Stampings. Of steel.
8708103030,Stampings. Of aluminum.
8708103040,Stampings. Other.
8708103050,Other.
8708106010,Stampings.
8708106050,Other.
8708292120,Of steel.
8708292130,Of aluminum.
8708292140,Other.
8708295110,Stampings.
8708295125,Truck caps.
8708295160,Other.
8708301010,Mounted brake linings.
8708301090,Other.
8708305020,Brake drums.
8708305030,Brake rotors (discs).
8708305040,Mounted brake linings.
8708305090,Other.
8708401110,For vehicles of heading 8703.
8708401150,Other.
8708407570,Steel forgings.
8708407580,Other.
8708501110,"Drive axles with differential, whether or not provided with other transmission components."
8708501150,Non-driving axles.
8708503110,"Drive axles with differential, whether or not provided with other transmission components."
8708503150,Non-driving axles.
8708505110,"Drive axles with differential, whether or not provided with other transmission components."
8708505150,Non-driving axles.
8708509110,Spindles.
8708509150,Other.
8708704530,"For vehicles of subheading 8701.21, 8701.22, 8701.23, 8701.24 or 8701.29 or heading 8702, 8704 or 8705."
8708704546,Other. Of aluminum. Wheels having a diameter of at least 57 cm but not more than 63 cm.
8708704548,Other. Of aluminum. Other.
8708704560,Other. Other.
8708706030,"Wheel rims for vehicles of subheading 8701.21, 8701.22, 8701.23, 8701.24 or 8701.29 or heading 8702, 8703, 8704, or 8705."
8708706045,"Wheel covers and hubcaps for vehicles of subheading 8701.21, 8701.22, 8701.23, 8701.24 or 8701.29 or heading 8702, 8703, 8704 or 8705."
8708706060,Other.
8708806510,Beam hanger brackets.
8708806590,Other.
8708917510,Radiator cores.
8708917550,Other.
8708947510,Steering shaft assemblies incorporating universal joints.
8708947550,Other.
8708994810,Tracklinks for track-laying tractors.
8708994850,Other.
8708996805,Drive shafts.
8708996810,Forged universal joints for vehicles of heading 8703.
8708996820,Forged universal joints for vehicles of heading 8704.
8708996890,Other.
8708998105,"Brake hoses of plastics, with attached fittings."
8708998115,Double flanged wheel hub units not incorporating ball bearings.
8708998130,Slide-in campers.
8708998160,Cable traction devices.
8708998180,Other.
8709110030,Operator riding.
8709110060,Other.
8709190030,Operator riding.
8709190060,Other.
8709900010,Road wheels.
8709900020,Wheel and tire assemblies.
8709900090,Other.
8710000030,Vehicles. Tracked (including half-tracked).
8710000060,Vehicles. Other.
8710000090,Parts.
8711200030,Exceeding 50 cc but not exceeding 90 cc.
8711200060,Exceeding 90 cc but not exceeding 190 cc.
8711200090,Exceeding 190 cc but not exceeding 250 cc.
8711300030,Exceeding 250 cc but not exceeding 290 cc.
8711300060,Exceeding 290 cc but not exceeding 490 cc.
8711300090,Exceeding 490 cc but not exceeding 500 cc.
8711406030,Exceeding 700 cc but not exceeding 790 cc.
8711406060,Exceeding 790 cc but not exceeding 800 cc.
8711500030,Exceeding 800 cc but not exceeding 970 cc.
8711500060,Exceeding 970 cc.
8711600050,Of an output not exceeding 250 W.
8711600090,Other.
8712001510,Having both wheels not exceeding 50 cm in diameter.
8712001520,Having both wheels exceeding 50 cm but not exceeding 55 cm in diameter.
8712001550,Having both wheels exceeding 55 cm but not exceeding 63.5 cm in diameter.
8713900030,Three-wheeled.
8713900060,Other.
8714100010,Saddles and seats.
8714100020,Wheels.
8714100050,Other.
8714937030,Multiple free-wheel sprockets.
8714937060,Other.
8714943020,Caliper and cantilever bicycle brakes.
8714943040,Coaster brakes. Designed for single-speed bicycles.
8714943050,Coaster brakes. Other. Designed for three-speed bicycles.
8714943060,Coaster brakes. Other. Other.
8714943080,Other.
8715000020,Baby carriages (including strollers).
8715000040,Parts.
8716100030,Less than 10.6 m in length.
8716100075,10.6 m or more in length.
8716390010,Agricultural.
8716390020,For use with the vehicles of heading 8709.
8716390030,Other. For use with the vehicles of heading 8703.
8716390040,Other. Other. Van type.
8716390050,Other. Other. Platform type.
8716390090,Other. Other. Other.
8716805010,Industrial hand trucks.
8716805020,Other. Portable luggage carts.
8716805090,Other. Other.
8716901010,Road wheels.
8716901020,Wheel and tire assemblies.
8716901090,Other.
8716905010,Axles and parts thereof.
8716905035,"Wheels. Steel wheels measuring 30 to 42 cm in diameter, whether or not assembled."
8716905046,Wheels. Other. Wheels. Having a diameter of at least 57 cm but not more than 63 cm. Of aluminum.
8716905047,Wheels. Other. Wheels. Having a diameter of at least 57 cm but not more than 63 cm. Of steel.
8716905048,Wheels. Other. Wheels. Other wheels.
8716905056,Wheels. Other. Wheels with tires. Wheels with tires for off-the-highway use.
8716905059,Wheels. Other. Wheels with tires. Wheels with other tires.
8716905060,Other.
8801000010,Gliders and hang gliders. Hang gliders.
8801000020,Gliders and hang gliders. Gliders.
8801000050,Other.
8802110115,New. Military.
8802110130,New. Other. Of an unladen weight not exceeding 998 kg.
8802110145,"New. Other. Of an unladen weight exceeding 998 but not exceeding 2,000 kg."
8802110160,Used or rebuilt. Military.
8802110190,Used or rebuilt. Other.
8802120120,New. Military.
8802120140,New. Other.
8802120160,Used or rebuilt. Military.
8802120180,Used or rebuilt. Other.
8802200115,Of an unladen weight not exceeding 450 kg.
8802200120,Other. New. Military aircraft. Airplanes.
8802200130,Other. New. Military aircraft. Other aircraft.
8802200140,Other. New. Other. Single engine airplanes.
8802200150,Other. New. Other. Multiple engine airplanes.
8802200160,Other. New. Other. Other aircraft.
8802200170,Other. Used or rebuilt. Military aircraft.
8802200180,Other. Used or rebuilt. Other aircraft.
8802300110,New. Military aircraft. Fighters.
8802300120,New. Military aircraft. Other.
8802300130,"New. Other. Multiple engine airplanes. Of an unladen weight exceeding 2,000 but not exceeding 4,536 kg."
8802300140,"New. Other. Multiple engine airplanes. Of an unladen weight exceeding 4,536 but not exceeding 15,000 kg. Turbofan powered."
8802300150,"New. Other. Multiple engine airplanes. Of an unladen weight exceeding 4,536 but not exceeding 15,000 kg. Other."
8802300160,New. Other. Other.
8802300170,Used or rebuilt. Military aircraft.
8802300180,Used or rebuilt. Other aircraft.
8802400115,New. Military aircraft. Fighters.
8802400120,New. Military aircraft. Cargo transports.
8802400130,New. Military aircraft. Other.
8802400140,New. Other. Passenger transports.
8802400160,New. Other. Cargo transports.
8802400170,New. Other. Other (including passenger/cargo combinations).
8802400180,Used or rebuilt. Military aircraft.
8802400190,Used or rebuilt. Other aircraft.
8802609020,Military.
8802609040,Other.
8807100015,For use in civil aircraft. For use by the Department of Defense or the United States Coast Guard.
8807100030,For use in civil aircraft. Other.
8807100060,Other.
8807200015,For use in civil aircraft. For use by the Department of Defense or the United States Coast Guard.
8807200030,For use in civil aircraft. Other.
8807200060,Other.
8807300015,For use in civil aircraft. For use by the Department of Defense or the United States Coast Guard.
8807300030,For use in civil aircraft. Other.
8807300060,Other.
8807909015,For use in civil aircraft. For use by the Department of Defense or the United States Coast Guard.
8807909030,For use in civil aircraft. Other.
8807909060,Other.
8903110015,Valued over $500. With attached rigid hull.
8903110020,Valued over $500. Other.
8903110060,Other.
8903120015,Valued over $500. With attached rigid hull.
8903120020,Valued over $500. Other.
8903120060,Other.
8903210010,With auxiliary motor.
8903210030,Other. Of a length not exceeding 4 m.
8903210035,Other. Of a length exceeding 4 m but not exceeding 6.5 m.
8903210040,Other. Of a length exceeding 6.5 m but not exceeding 7.5 m.
8903220015,With auxiliary motor. Of a length exceeding 7.5 m but not exceeding 9.2 m.
8903220020,With auxiliary motor. Of a length exceeding 9.2 m.
8903220025,Other. Of a length exceeding 7.5 m but not exceeding 9.2 m.
8903220060,Other. Of a length exceeding 9.2 m.
8903230015,With auxiliary motor.
8903230020,Other.
8903310015,Inboard/outdrive. Cabin cruisers.
8903310020,Inboard/outdrive. Other.
8903310025,Other.
8903320015,Inboard/outdrive. Cabin cruisers.
8903320020,Inboard/outdrive. Other.
8903320025,Other.
8903330015,Inboard/outdrive. Cabin cruisers.
8903330020,Inboard/outdrive. Other.
8903330025,Other.
8903932015,With hulls of metal. Not exceeding 5 m in length.
8903932030,With hulls of metal. Exceeding 5 m in length.
8903932045,With hulls of reinforced plastics. Not exceeding 5 m in length.
8903932060,With hulls of reinforced plastics. Exceeding 5 m in length.
8903932075,Other.
8903992110,With hulls of metal.
8903992120,With hulls of reinforced plastics.
8903992190,Other.
8906900010,Hulls.
8906900090,Other.
8907900030,Buoys.
8907900060,Tanks.
8907900090,Other.
9001100030,"Optical fibers. For transmission of voice, data or video communications."
9001100050,Optical fibers. Other. Plastic optical fibers.
9001100070,Optical fibers. Other. Other.
9001100075,Optical fiber bundles and cables. Plastic optical fiber bundles and cables.
9001100085,Optical fiber bundles and cables. Other.
9004900010,Safety glasses or safety goggles.
9004900090,Other.
9005100020,Prism binoculars for use with infrared light.
9005100040,Other prism binoculars.
9005100080,Other.
9005804020,For use with infrared light.
9005804040,Other.
9006530205,With through-the-lens viewfinder (single lens reflex (SLR)).
9006530210,Other. One time use cameras. With built-in electronic stroboscopic flash.
9006530220,Other. One time use cameras. Other.
9006530250,Other. Other. With built-in electronic stroboscopic flash.
9006530270,Other. Other. Other.
9006590160,For magnetically sensitized roll film of a width of 24 mm.
9006590190,Other.
9006590520,With built-in electronic stroboscopic flash.
9006590540,Other.
9006591520,Hand held. 110 cameras. With built-in electronic stroboscopic flash.
9006591540,Hand held. 110 cameras. Other.
9006591560,Hand held. Other.
9006591580,Other.
9006594040,Disc cameras.
9006594060,Other.
9006610020,Capable of camera mounting. Capable of automatically controlling flash duration.
9006610040,Capable of camera mounting. Other.
9006610060,Other.
9006690110,"Flashbulbs, flashcubes and the like."
9006690150,Other.
9007206040,16 mm.
9007206080,Other.
9014107030,Gyroscopic compasses.
9014107060,Other.
9014208040,For use in civil aircraft.
9014208080,Other.
9014902040,For use in civil aircraft.
9014902080,Other.
9015808040,Geophysical instruments and appliances.
9015808080,Other.
9015900110,Of rangefinders.
9015900120,Of theodolites and tachymeters.
9015900130,Of levels.
9015900140,Of photogrammetrical surveying instruments and apparatus.
9015900150,Of seismographs.
9015900160,Of other geophysical instruments and appliances.
9015900190,Other.
9017208040,Hand operated input devices which transmit position data to computer processors or displays (digitizers).
9017208080,Other.
9017900105,Of articles of subheading 9017.10.40.
9017900115,Of articles of subheading 9017.10.80.
9017900120,Of articles of subheading 9017.20.40.
9017900132,Of articles of subheading 9017.20.70.
9017900136,Of articles of subheading 9017.20.80.
9017900140,Of articles of subheading 9017.30.40.
9017900150,Of articles of subheading 9017.30.80.
9017900160,Other.
9018199530,Basal metabolism and blood pressure apparatus.
9018199535,Electroencephalographs (EEG) and electromyographs (EMG).
9018199550,Other apparatus.
9018199560,Parts and accessories.
9018200040,Therapeutic.
9018200080,Other.
9018310040,"Syringes, with or without their needles. Hypodermic."
9018310080,"Syringes, with or without their needles. Other."
9018310090,Parts and accessories.
9018390020,"Bougies, catheters, drains and sondes, and parts and accessories thereof. Rubber catheters."
9018390040,"Bougies, catheters, drains and sondes, and parts and accessories thereof. Other."
9018390050,Other.
9018498040,Dental hand instruments and parts and accessories thereof.
9018498080,Other.
9018905040,Sphygmomanometers and parts and accessories thereof.
9018905080,Other.
9018907520,Dialysis instruments and apparatus.
9018907540,Other therapeutic appliances and instruments. Ultrasonic.
9018907560,Other therapeutic appliances and instruments. Other.
9018907570,Parts and accessories of dialysis instruments and apparatus.
9018907580,Other.
9019102010,Mechano-therapy appliances.
9019102020,Massage apparatus. Electrically operated. Battery powered. Handheld.
9019102030,Massage apparatus. Electrically operated. Battery powered. Other.
9019102035,Massage apparatus. Electrically operated. Other. Powered by AC adapter.
9019102045,Massage apparatus. Electrically operated. Other. Other.
9019102050,Massage apparatus. Other.
9019102090,Parts and accessories.
9021100050,"Bone plates, screws and nails, and other internal fixation devices or appliances."
9021100090,Other.
9021904040,For hearing aids.
9021904080,Other.
9024900040,Of machines and appliances for testing metals.
9024900080,Other.
9025198010,Clinical. Infrared thermometers of a kind described in statistical note 2 of this chapter.
9025198020,Clinical. Other.
9025198060,Other. Infrared thermometers.
9025198085,Other. Other.
9026102040,Flow meters.
9026102080,Other.
9027205030,Electrophoresis instruments.
9027205050,Gas chromatographs.
9027205060,Liquid chromatographs.
9027205080,Other.
9027208030,Gas chromatographs.
9027208060,Liquid chromatographs.
9027208090,Other.
9027304040,Spectrophotometers.
9027304080,Other.
9027308020,Spectroscopes.
9027308080,Other.
9027504015,Chemical analysis instruments and apparatus.
9027504020,Thermal analysis instruments and apparatus.
9027504050,Photometers.
9027504060,Other.
9027508015,Chemical analysis instruments and apparatus.
9027508020,Thermal analysis instruments and apparatus.
9027508060,Other.
9027894530,Chemical analysis instruments and apparatus.
9027894560,Physical analysis instruments and apparatus.
9027894590,Other.
9027898030,Chemical analysis instruments and apparatus.
9027898060,Physical analysis instruments and apparatus.
9027898090,Other.
9027905625,Of articles of subheading 9027.20.50.
9027905630,Of articles of subheading 9027.30.40.
9027905640,Of articles of subheading 9027.50.10.
9027905650,Of articles of subheading 9027.50.40.
9027905695,Other.
9027905910,Of articles of subheading 9027.10.20.
9027905995,Other.
9028900040,Of electricity meters.
9028900080,Other.
9029204040,For use in civil aircraft.
9029204080,Other.
9029908040,Of speedometers and tachometers.
9029908080,Other.
9030908911,Of articles of subheading 9030.20.
9030908921,Of articles of subheading 9030.31.
9030908922,Of articles of subheading 9030.32.
9030908923,Of articles of subheading 9030.33.
9030908931,Of articles of subheading 9030.39.
9030908940,Of articles of subheading 9030.40.
9030908956,Of articles of subheading 9030.84.
9030908961,Other.
9031410020,For inspecting photomasks or reticles used in manufacturing semiconductor devices.
9031410040,For inspecting semiconductor wafers or devices. For wafers.
9031410060,For inspecting semiconductor wafers or devices. Other.
9031808060,Equipment for testing the characteristics of internal combustion engines. For testing electrical characteristics.
9031808070,Equipment for testing the characteristics of internal combustion engines. Other.
9031808085,Other.
9031909130,Of machines for balancing mechanical parts.
9031909160,Of test benches.
9031909195,Other.
9032100030,"For air conditioning, refrigeration or heating systems. Designed for wall mounting."
9032100060,"For air conditioning, refrigeration or heating systems. Other."
9032100090,Other.
9032810020,Industrial process control instruments and apparatus. Hydraulic.
9032810060,Industrial process control instruments and apparatus. Pneumatic.
9032810080,Other.
9032896015,"Control instruments for air conditioning, refrigeration or heating systems. Complete systems."
9032896025,"Control instruments for air conditioning, refrigeration or heating systems. Other."
9032896030,Process control instruments and apparatus. Complete systems.
9032896040,Process control instruments and apparatus. Other. Temperature control instruments.
9032896050,Process control instruments and apparatus. Other. Pressure and draft control instruments.
9032896060,Process control instruments and apparatus. Other. Flow and liquid level control instruments.
9032896070,Process control instruments and apparatus. Other. Humidity control instruments.
9032896075,Process control instruments and apparatus. Other. Other.
9032896085,Other.
9032906120,Of thermostats.
9032906140,Of manostats.
9032906160,Of instruments and apparatus of subheading 9032.81.
9032906180,Other.
9101192020,"Straps, bands or bracelets entered with watches of subheading 9101.19.20 and classifiable therewith pursuant to additional U.S. note 2 to this chapter; all the foregoing whether or not attached to such watches at the time of entry. Of textile material or of base metal, whether or not gold- or silver-plated."
9101192040,"Straps, bands or bracelets entered with watches of subheading 9101.19.20 and classifiable therewith pursuant to additional U.S. note 2 to this chapter; all the foregoing whether or not attached to such watches at the time of entry. Other."
9101192080,Other.
9107004040,"Time switches that operate on a fixed-time cycle, of a type used in household type refrigerators and combined refrigerator-freezers, to alternately control the operations of the compressor and the defrost unit (defrost timers)."
9107004080,Other.
9201100005,Used.
9201100011,Other. Containing a case measuring less than 111.76 cm in height.
9201100021,Other. Containing a case measuring 111.76 cm or more but less than 121.92 cm in height.
9201100031,Other. Containing a case measuring 121.92 cm or more but less than 129.54 cm in height.
9201100041,Other. Containing a case measuring 129.54 cm or more in height.
9201200005,Used.
9201200011,Other. Containing a case measuring less than 152.40 cm in length.
9201200021,Other. Containing a case measuring 152.40 cm or more but less than 167.64 cm in length.
9201200031,Other. Containing a case measuring 167.64 cm or more but less than 180.34 cm in length.
9201200041,Other. Containing a case measuring 180.34 cm or more but less than 195.58 cm in length.
9201200051,Other. Containing a case measuring 195.58 cm or more in length.
9205100040,Valued not over $10 each.
9205100080,Valued over $10 each.
9205904020,Clarinets.
9205904040,Saxophones.
9205904060,Flutes and piccolos (except bamboo).
9205904080,Other.
9207100005,Music synthesizers. Valued under $100 each.
9207100010,Music synthesizers. Valued $100 or over each.
9207100045,Other. With more than one keyboard. Valued under $200 each.
9207100055,Other. With more than one keyboard. Valued $200 or over each.
9207100060,Other. With one keyboard. Hand-held.
9207100065,Other. With one keyboard. Other. Valued under $100 each.
9207100075,Other. With one keyboard. Other. Valued $100 or over each.
9207900040,Fretted stringed instruments.
9207900080,Other.
9208900040,Musical instruments.
9208900080,Other.
9209994040,For woodwind musical instruments.
9209994080,Other.
9301100010,Self propelled.
9301100080,Other.
9301903010,Telescopic sights imported with rifles.
9301903020,Rifles.
9301909030,Machine guns.
9301909090,Other.
9302000020,Revolvers.
9302000040,Semiautomatic pistols.
9302000090,Other.
9303200020,Shotguns. Autoloading.
9303200030,Shotguns. Pump action.
9303200040,Shotguns. Over and under.
9303200065,Shotguns. Other.
9303200080,Combination shotgun-rifles.
9303304010,Telescopic sights imported with rifles.
9303304020,Rifles. Centerfire.
9303304030,Rifles. Rimfire.
9303308005,Telescopic sights imported with rifles.
9303308010,Rifles. Centerfire. Autoloading.
9303308012,Rifles. Centerfire. Bolt action. Single shot.
9303308017,Rifles. Centerfire. Bolt action. Other.
9303308025,Rifles. Centerfire. Other.
9303308030,Rifles. Rimfire.
9305102010,Frames and receivers.
9305102080,Other.
9305208004,Shotgun barrels. Of muzzle-loading shotguns.
9305208008,Shotgun barrels. Other.
9305208020,Other parts of muzzle-loading shotguns or rifles.
9305208031,"Other. Of shotguns, including shotgun-rifle combinations. Stocks."
9305208033,"Other. Of shotguns, including shotgun-rifle combinations. Other."
9305208060,Other. Of rifles.
9305913010,Of artillery weapons of 9301.10.
9305913030,Other.
9305995010,Parts and accessories of paintball markers.
9305995050,Other.
9306304110,Cartridges containing a projectile. For rifles or pistols. .22 caliber.
9306304120,Cartridges containing a projectile. For rifles or pistols. Other.
9306304130,Cartridges containing a projectile. Other.
9306304138,Cartridges for riveting or similar tools or for captive-bolt humane killers and parts thereof.
9306304140,Empty cartridge shells. For rifles or pistols.
9306304150,Empty cartridge shells. Other.
9306304160,Other.
9306900020,Guided missiles.
9306900041,"Bombs, grenades, torpedoes, mines and similar munitions of war; other ammunition and projectiles. Paintballs."
9306900050,"Bombs, grenades, torpedoes, mines and similar munitions of war; other ammunition and projectiles. Other."
9306900060,Parts for guided missiles.
9306900080,"Parts for bombs, grenades, torpedoes, mines and similar munitions of war; parts of other ammunition and projectiles."
9401390010,Household.
9401390030,Other.
9401612011,Household. Of plantation-harvested teak.
9401612015,Household. Other.
9401612031,Other. Of plantation-harvested teak.
9401612035,Other. Other.
9401614001,"Chairs for children, including highchairs."
9401614011,Other household.
9401614031,Other.
9401616001,Stationary activity centers for children.
9401616005,Other seats for children.
9401616011,Other household.
9401616031,Other.
9401692010,Household.
9401692030,Other.
9401694011,Household. Of plantation-harvested teak.
9401694015,Household. Other.
9401694031,Other. Of plantation-harvested teak.
9401694035,Other. Other.
9401696001,Chairs for children including highchairs.
9401696011,Other household.
9401696031,Other.
9401698001,Stationary activity centers for children.
9401698005,Other seats for children.
9401698011,Other household.
9401698066,Other. Of teak (Tectona spp.). Of plantation-harvested teak.
9401698068,Other. Of teak (Tectona spp.). Other.
9401698090,Other. Other.
9401710001,Highchairs and booster seats.
9401710005,Infant walkers.
9401710006,Bouncers with seats.
9401710007,Swings for children.
9401710008,Stationary activity centers for children.
9401710011,Other household.
9401710031,Other.
9401790001,Highchairs and booster seats.
9401790002,Infant walkers.
9401790003,Bouncers with seats.
9401790004,Swings for children.
9401790006,Stationary activity centers for children.
9401790011,Other. Outdoor. With textile covered cushions or textile seating or backing material. Household.
9401790015,Other. Outdoor. With textile covered cushions or textile seating or backing material. Other.
9401790025,Other. Outdoor. Other. Household.
9401790035,Other. Outdoor. Other. Other.
9401790046,Other. Other. Household.
9401790050,Other. Other. Other.
9401802001,"Childrenʼs highchairs and booster seats except for motor vehicle; bath seats, infant walkers, bouncers with seats, swings for children."
9401802005,Stationary activity centers for children.
9401802011,Other household.
9401802031,Other.
9401804001,"Childrenʼs highchairs and booster seats except for motor vehicle; bath seats, infant walkers, bouncers with seats, swings for children."
9401804004,Stationary activity centers for children.
9401804006,Other. Outdoor. With textile covered cushions or textile seating or backing material. Household.
9401804015,Other. Outdoor. With textile covered cushions or textile seating or backing material. Other.
9401804026,Other. Outdoor. Other. Household.
9401804035,Other. Outdoor. Other. Other.
9401804046,Other. Other.
9401806021,Child safety seats. With detachable hard-shell seat.
9401806023,Child safety seats. Other.
9401806024,Stationary activity centers for children.
9401806025,Other seats for children.
9401806028,Other household.
9401806030,Other.
9401919010,"For children’s highchairs, booster seats, and similar seats."
9401919090,Other.
9401991010,"Of leather, cut to shape."
9401991020,"Of textile material, cut to shape."
9401991085,Other.
9401992540,Of rattan.
9401992580,Other.
9401993510,"For children’s highchairs, booster seats except for motor vehicle and similar seats."
9401993580,Other.
9401999005,"For children’s highchairs, booster seats and similar seats."
9401999021,"Other of textile material, cut to shape."
9401999030,"Mechanically collapsible sofa bed seat deck components, covered or uncovered as described in statistical note 2 to this chapter."
9401999040,Of seats of a kind used for aircraft.
9401999085,Other.
9402900010,Hospital beds.
9402900020,Other.
9403100020,Filing cabinets.
9403100040,Other.
9403200011,"Household. Floor-standing, metal-top ironing boards."
9403200016,Household. Other. Cribs.
9403200017,"Household. Other. Toddler beds, bassinets, cradles, play yards and other enclosures for confining children."
9403200035,"Household. Other. Mechanically adjustable bed or mattress base, not foldable, having the characteristics of a bed or bed frame, of a width exceeding 91.44 cm, of a length exceeding 184.15 cm, and of a depth exceeding 8.89 cm."
9403200040,"Household. Other. Mattress bases with legs, not foldable, having the characteristics of a stationary (not mechanically adjustable) bed frame, of a width exceeding 91.44 cm, of a length exceeding 184.15 cm and of a depth exceeding 8.89 cm."
9403200046,"Household. Other. Foldable mattress foundations with legs, having the characteristics of a bed or bed frame, whether or not mechanically adjustable. Mechanically adjustable."
9403200048,"Household. Other. Foldable mattress foundations with legs, having the characteristics of a bed or bed frame, whether or not mechanically adjustable. Stationary (not mechanically adjustable)."
9403200050,Household. Other. Other.
9403200075,"Other. Counters, lockers, racks, display cases, shelves, partitions and similar fixtures. Boltless or press-fit steel shelving units prepackaged for sale as described in statistical note 4 to this chapter."
9403200078,"Other. Counters, lockers, racks, display cases, shelves, partitions and similar fixtures. Storage lockers, other than exchange lockers as described in statistical note 5 to this chapter."
9403200082,"Other. Counters, lockers, racks, display cases, shelves, partitions and similar fixtures. Steel racks, other than those described in statistical reporting number 9403.20.0075."
9403200086,"Other. Counters, lockers, racks, display cases, shelves, partitions and similar fixtures. Other."
9403200090,Other. Other.
9403308001,Of Padauk (Padouk) or Narra (Pterocarpus spp.).
9403308005,"Of Rosewood, Palissander, Cocobolo, Bois de Rose, Kingwood, Tulipwood or Blackwood (Dalbergia spp.)."
9403308021,Of teak (Tectona spp.).
9403308031,Of Wenge (Millettia spp.).
9403308090,Other.
9403409040,Dining tables.
9403409060,Cabinets designed for permanent installation.
9403409080,Other.
9403509041,Beds. Cribs.
9403509042,"Beds. Toddler beds, bassinets, and cradles."
9403509045,Beds. Other.
9403509080,Other.
9403608010,Play yards and other enclosures for confining children.
9403608040,Dining tables.
9403608089,Other. Of teak (Tectona spp.).
9403608093,Other. Other.
9403704001,Cribs.
9403704002,"Toddler beds, bassinets and cradles."
9403704003,Play yards and other enclosures for confining children.
9403704015,Other household.
9403704020,Office.
9403704031,Other.
9403708001,Cribs.
9403708002,"Toddler beds, bassinets and cradles."
9403708003,Play yards and other enclosures for confining children.
9403708015,Other household.
9403708020,Office.
9403708031,Other.
9403820001,Cribs.
9403820002,"Toddler beds, bassinets, and cradles; play yards and other enclosures for confining children."
9403820015,Other household.
9403820030,Other.
9403830001,Cribs.
9403830002,"Toddler beds, bassinets, and cradles; play yards and other enclosures for confining children."
9403830015,Other household.
9403830030,Other.
9403893010,Household.
9403893020,Other.
9403896003,"Cribs, toddler beds, bassinets, and cradles; play yards and other enclosures for confining children."
9403896015,Other household.
9403896020,Other.
9403910005,"For toddler beds, cribs, bassinets and cradles."
9403910010,For play yards and other enclosures for confining children.
9403910080,Other.
9403991040,Of metal.
9403991050,"Of textile material, cut to shape."
9403991085,Other.
9403992040,Of rattan.
9403992080,Other.
9403993005,"For toddler beds, cribs, bassinets and cradles."
9403993010,For play yards and other enclosures for confining children.
9403993080,Other.
9403994005,"For toddler beds, cribs, bassinets and cradles."
9403994010,For play yards and other enclosures for confining children.
9403994080,Other.
9403995005,"For toddler beds, cribs, bassinets and cradles."
9403995010,For play yards and other enclosures for confining children.
9403995080,Other.
9403999010,"For toddler beds, cribs, bassinets and cradles."
9403999015,For play yards and other enclosures for confining children.
9403999020,"Other. Of metal. Welded wire rack, whether or  not galvanized, plated or coated."
9403999040,Other. Of metal. Parts for steel racks of statistical reporting number 9403.20.0082.
9403999045,Other. Of metal. Other.
9403999051,"Other. Of cotton, cut to shape."
9403999061,Other. Other.
9404210010,For use in a crib or toddler bed.
9404210013,"Of a width exceeding 91 cm, of a length exceeding 184 cm, and a depth exceeding 8 cm."
9404210095,Other.
9404291005,For use in a crib or toddler bed.
9404291013,"Of a width exceeding 91 cm, of a length exceeding 184 cm, and a depth exceeding 8 cm."
9404291095,Other.
9404299005,Uncovered innerspring units. For use in a crib or toddler bed.
9404299013,"Uncovered innerspring units. Of a width exceeding 91 cm, of a length exceeding 184 cm, and of a depth exceeding 8 cm."
9404299050,Uncovered innerspring units. Other.
9404299085,Other. For use in a crib or toddler bed.
9404299087,"Other. Of a width exceeding 91 cm, of a length exceeding 184 cm, and a depth exceeding 8 cm."
9404299095,Other. Other.
9404409005,With outer shell of cotton (362).
9404409022,With outer shell of man-made fibers (666).
9404409023,With outer shell of other textile materials. Containing 85 percent or more by weight of silk or silk waste.
9404409036,With outer shell of other textile materials. Other (899).
9404901030,"Bed pillows (with outer covering of cotton), of a kind described in statistical note 6 to this chapter. Foam fill (369)."
9404901060,"Bed pillows (with outer covering of cotton), of a kind described in statistical note 6 to this chapter. Other fill (369)."
9404901090,Other (369).
9404902030,"Bed pillows, of a kind described in statistical note 6 to this chapter. Foam fill."
9404902060,"Bed pillows, of a kind described in statistical note 6 to this chapter. Other fill."
9404902090,Other.
9404909605,With outer shell of cotton (369).
9404909622,With outer shell of man-made fibers (666).
9404909623,With outer shell of other textile materials. Containing 85 percent or more by weight of silk or silk waste.
9404909636,With outer shell of other textile materials. Other (899).
9404909670,Other.
9405114010,Household.
9405114020,Other.
9405116010,Household.
9405116020,Other.
9405118010,Household.
9405118020,Other.
9405194010,Household.
9405194020,Other.
9405196010,Household.
9405196020,Other.
9405198010,Household.
9405198020,Other.
9405214010,Household.
9405214020,Other.
9405216010,Household.
9405216020,Other.
9405218010,Household.
9405218020,Other.
9405294010,Household.
9405294020,Other.
9405296010,Household.
9405296020,Other.
9405298010,Household.
9405298020,Other.
9405310010,Miniature series wired sets.
9405310040,Other.
9405390010,Miniature series wired sets.
9405390040,Other.
9405418410,Other lighting sets.
9405418440,Other.
9405428410,Other lighting sets.
9405428440,Other.
9405916040,"Prisms and other glass articles of a kind used in chandeliers and wall brackets, and articles thereof."
9405916080,Other.
9405994010,"Lampposts and bases for lampposts, of cast iron."
9405994020,"Lampposts and bases for lampposts, of aluminum."
9405994090,Other.
9406900110,Of metal. Greenhouses. Commercial.
9406900120,Of metal. Greenhouses. Other.
9406900130,Of metal. Other.
9406900150,Other. Animal sheds of plastic.
9406900190,Other. Other.
9503000011,"“Childrenʼs productsˮ as defined in 15 U.S.C. § 2052. Inflatable toy balls, balloons and punchballs, of rubber. Labeled or determined by importer as intended for use by persons. Under 3 years of age."
9503000013,"“Childrenʼs productsˮ as defined in 15 U.S.C. § 2052. Inflatable toy balls, balloons and punchballs, of rubber. Labeled or determined by importer as intended for use by persons. 3 to 12 years of age."
9503000071,“Childrenʼs productsˮ as defined in 15 U.S.C. § 2052. Other. Labeled or determined by importer as intended for use by persons. Under 3 years of age.
9503000073,“Childrenʼs productsˮ as defined in 15 U.S.C. § 2052. Other. Labeled or determined by importer as intended for use by persons. 3 to 12 years of age.
9503000090,Other.
9504300010,Video.
9504300020,Other. Games. Pinball machines and bell-type machines and consoles.
9504300040,Other. Games. Other.
9504300060,Other. Parts and accessories.
9504909040,Bowling balls.
9504909060,Bowling equipment and parts and accessories thereof.
9504909080,Other.
9505104010,Artificial Christmas trees.
9505104020,Other.
9505105010,Artificial Christmas trees.
9505105020,Other.
9506114010,Snowboards.
9506114080,Other.
9506198040,Ski poles and parts and accessories thereof.
9506198080,Other.
9506290020,Water skis.
9506290030,Surf boards.
9506290080,Other.
9506390060,Parts of golf clubs.
9506390080,Other.
9506594040,Rackets and racket frames.
9506594080,Other parts and accessories.
9506598020,Racquetball rackets.
9506598040,Squash rackets.
9506598060,"Other, including parts and accessories."
9506624040,Footballs.
9506624080,Soccer balls.
9506628020,Basketballs.
9506628040,Volleyballs.
9506628060,Other.
9506692040,Baseballs.
9506692080,Softballs.
9506696010,Polo balls.
9506696020,Other.
9506702010,Attached to boots.
9506702090,Other.
9506706040,Ice skates.
9506706080,Parts and accessories.
9506910010,Exercise cycles.
9506910020,Exercise rowing machines.
9506910030,Other.
9506990510,Bows and bow parts.
9506990520,Arrows and arrow parts.
9506990530,Other.
9506992540,Ice-hockey sticks.
9506992580,"Other, including parts and accessories."
9506996040,Nets not elsewhere specified or included.
9506996080,Other.
9507100040,Fishing rods.
9507100080,Parts and accessories.
9602001040,Unfilled gelatin capsules.
9602001080,Other.
9602005010,Unfilled vegetable capsules.
9602005080,Other.
9603294010,Hairbrushes.
9603294090,Other.
9603298010,Hairbrushes.
9603298090,Other.
9603404020,Paint pads.
9603404040,Natural bristle brushes.
9603404060,Other.
9603908010,Whiskbrooms.
9603908020,Upright brooms.
9603908030,"Push brooms, 41 cm or less in width."
9603908040,Other brooms.
9603908050,Other.
9607190020,Fitted with chain scoops of plastic.
9607190040,Fitted with continuous plastic filament.
9607190060,Other.
9607200040,"Sliders, with or without pulls."
9607200080,Other.
9608300031,India ink drawing pens.
9608300039,Other.
9612101010,"Woven, of man-made fibers."
9612101020,Other.
9612109010,"Woven, of man-made fibers (621)."
9612109030,Other. Thermal transfer printing ribbons of coated polyethylene terephthalate film.
9612109090,Other. Other.
9613801040,Butane.
9613801080,Other.
9613802010,"Multipurpose lighters, including those used to light charcoal and gas grills and fireplaces."
9613802090,Other.
9614002810,Of glass.
9614002830,Of plastics.
9614002890,Other.
9614009810,Of glass.
9614009890,Other.
9619001510,Sanitary napkins and tampons.
9619001530,Diapers and diaper liners.
9619001560,Other.
9620003010,Of rangefinders.
9620003020,Of theodolites and tachymeters.
9620003030,Of levels.
9620003040,Of photogrammetrical surveying instruments and apparatus.
9620003050,Of seismographs.
9620003060,Of other geophysical instruments and apparatus.
9620003090,Other.
9705100010,Archaeological pieces of a kind described in statistical note 1 to this chapter.
9705100020,Ethnographic pieces of a kind described in statistical note 1 to this chapter.
9705100090,Other.
9705310001,"Coins made prior to the 14th century and not known to be the direct products of excavations, finds or archaeological sites."
9705310010,Other. Of an age equal to or exceeding 250 years. Gold.
9705310040,Other. Of an age equal to or exceeding 250 years. Other.
9705310050,Other. Of an age exceeding 100 years but less than 250 years. Gold.
9705310065,Other. Of an age exceeding 100 years but less than 250 years. Other.
9705390010,Gold.
9705390040,Other.
9706100020,Silverware.
9706100040,Furniture.
9706100060,Other.
9706900020,Silverware.
9706900040,Furniture.
9706900060,Other.
9801001010,Articles previously exported with intent to reimport after temporary use abroad.
9801001012,"Articles returned temporarily for repair, alteration, processing or the like, the foregoing to be reexported."
9801001015,Other. Meat and poultry products provided for in chapter 2 or 16.
9801001026,Other. Peanuts provided for in heading 1202.
9801001027,Other. Articles provided for in chapter 28.
9801001028,Other. Articles provided for in chapter 30.
9801001029,Other. Articles provided for in chapter 37.
9801001030,Other. Articles provided for in chapter 71.
9801001031,Other. Articles provided for in chapter 82.
9801001035,"Other. Articles provided for in chapter 84. Articles provided for in headings 8407.10, 8409.10, 8411 or 8412.10."
9801001037,"Other. Articles provided for in chapter 84. Articles provided for in subheadings 8419.33.10, 8419.34.00, 8424.41, 8424.49, 8424.82, 8424.90, 8429.11, 8429.19 or 8431.42 or headings 8432, 8433, 8434 or 8436."
9801001043,"Other. Articles provided for in chapter 84. Articles provided for in headings 8470, 8471, 8472 or 8473."
9801001045,Other. Articles provided for in chapter 84. Other.
9801001049,"Other. Articles provided for in chapter 85. Articles provided for in headings 8501, 8502 or 8503."
9801001051,Other. Articles provided for in chapter 85. Articles provided for in heading 8504.
9801001053,"Other. Articles provided for in chapter 85. Articles provided for in headings 8517, 8519, 8525, 8527 or 8529."
9801001055,Other. Articles provided for in chapter 85. Other.
9801001059,Other. Articles provided for in chapter 86.
9801001063,Other. Articles provided for in chapter 87. Articles provided for in heading 8701.
9801001064,Other. Articles provided for in chapter 87. Articles provided for in heading 8702.
9801001065,Other. Articles provided for in chapter 87. Articles provided for in heading 8703.
9801001066,Other. Articles provided for in chapter 87. Articles provided for in heading 8704.
9801001067,"Other. Articles provided for in chapter 87. Articles provided for in headings 8706, 8707 or 8708."
9801001069,Other. Articles provided for in chapter 87. Articles provided for in headings 8705 or 8709.
9801001074,Other. Articles provided for in chapter 87. Other.
9801001075,Other. Articles provided for in chapter 88. Articles provided for in headings 8801 or 8802.
9801001077,Other. Articles provided for in chapter 88. Articles provided for in heading 8804.
9801001079,"Other. Articles provided for in chapter 88. Articles provided for in headings 8805, 8806 or 8807."
9801001089,Other. Articles provided for in chapter 89.
9801001090,Other. Articles provided for in chapter 90.
9801001092,"Other. Articles provided for in chapter 94. Articles provided for in headings 9401, 9402 or 9403."
9801001094,Other. Articles provided for in chapter 94. Other.
9801001097,Other. Articles provided for in chapter 97.
9801001098,Other. Other.
9801008010,Nonalcoholic beer provided for in subheading 2202.91.00.
9801008020,"Alcohol provided for in headings 2203, 2204, 2205, 2206, 2207, and 2208."
9801008030,Tobacco and tobacco products provided for in chapter 24.
9801008040,Cigarette paper provided for in heading 4813.
9801008090,Other.
9802004020,Internal combustion engines.
9802004040,Other.
9802005010,Articles for which duty free treatment is claimed under U.S. note 2(b) to this subchapter.
9802005030,Other. Internal combustion engines.
9802005060,Other. Other.
9802008015,Articles eligible pursuant to bilateral textile agreements for entry under a Special Access Program and entered in compliance with procedures established by the Committee for the Implementation of Textile Agreements (CITA).
9802008016,Articles eligible pursuant to bilateral textile agreements for entry under the Outward Processing Programs and entered in compliance with procedures established by the Committee for the Implementation of Textile Agreements (CITA).
9802008040,Articles for which duty free treatment is claimed under U.S. note 2(b) to this subchapter.
9802008042,Articles for which duty free treatment is claimed under U.S. note 7(a) to this subchapter.
9802008044,Articles for which duty free treatment is claimed under U.S. note 7(b)(i) to this subchapter.
9802008046,Articles for which duty free treatment is claimed under U.S. note 7(b)(ii) to this subchapter.
9802008048,Articles for which duty free treatment is claimed under U.S. note 7(c) to this subchapter.
9802008069,Other.
9802009100,"Textile and apparel goods, assembled in Mexico in which all fabric components, excluding visible lining fabrics, were wholly formed and cut in the United States, provided that such fabric components, in whole or in part, (a) were exported in condition ready for assembly without further fabrication, (b) have not lost their physical identity in such articles by change in form, shape or otherwise, and (c) have not been advanced in value or improved in condition abroad except by being assembled and except by operations incidental to the assembly process; provided that the goods classifiable in chapters 61, 62 or 63 may have been subject to bleaching, garment dyeing, stone-washing, acid-washing or perma-pressing after assembly."
9813000520,Articles to be processed into articles manufactured or produced in the United States.
9813000540,Other.
9817009040,"Pigs, ingots or billets."
9817009060,Relaying or rerolling rails.
9817009080,Other.
